{"textures":{"0":"ia:21","particle":"#0"},"elements":[{"from":[5.398974,-9.042427,8.095946],"to":[10.601722,11.7685995,15.03296],"faces":{"east":{"uv":[4.40625,7.75,4.25,8.234375],"tintindex":0,"rotation":0,"texture":"#0"},"south":{"uv":[4.375,8.25,4.25,8.734375],"tintindex":0,"rotation":0,"texture":"#0"},"north":{"uv":[7.78125,8.1875,7.65625,8.671875],"tintindex":0,"rotation":0,"texture":"#0"},"west":{"uv":[5.53125,7.65625,5.375,8.140625],"tintindex":0,"rotation":0,"texture":"#0"},"up":{"uv":[9.4375,7.96875,9.5625,7.8125],"tintindex":0,"rotation":0,"texture":"#0"},"down":{"uv":[9.4375,8.5625,9.5625,8.71875],"tintindex":0,"rotation":0,"texture":"#0"}},"rotation":{"origin":[8.000347,15.527801,6.297226],"angle":22.5,"axis":"x"}}],"display":{"gui":{"rotation":[-150.0,-45.0,180.0]}},"gui_light":"front"}