{"textures":{"0":"ia:21","particle":"#0"},"elements":[{"from":[4.9841413,-0.626915,-5.9656754],"to":[12.98826,9.778603,1.83844],"faces":{"east":{"uv":[0.3125,8.65625,0.4375,8.8125],"tintindex":0,"rotation":0,"texture":"#0"},"south":{"uv":[1.6875,9.40625,1.8125,9.5625],"tintindex":0,"rotation":0,"texture":"#0"},"north":{"uv":[7.25,0.375,7.375,0.53125],"tintindex":0,"rotation":0,"texture":"#0"},"west":{"uv":[5.6875,9.40625,5.8125,9.5625],"tintindex":0,"rotation":0,"texture":"#0"},"up":{"uv":[6.46875,9.65625,6.34375,9.53125],"tintindex":0,"rotation":0,"texture":"#0"},"down":{"uv":[6.59375,9.53125,6.46875,9.65625],"tintindex":0,"rotation":0,"texture":"#0"}},"rotation":{"origin":[12.98826,-0.626915,-5.9656754],"angle":45.0,"axis":"x"}},{"from":[8.13448,13.55294,6.527382],"to":[9.83792,17.558464,19.131523],"faces":{"east":{"uv":[9.59375,1.4375,9.796875,1.5],"tintindex":0,"rotation":0,"texture":"#0"},"south":{"uv":[8.25,0.21875,8.28125,0.28125],"tintindex":0,"rotation":0,"texture":"#0"},"north":{"uv":[7.96875,0.28125,8.0,0.34375],"tintindex":0,"rotation":0,"texture":"#0"},"west":{"uv":[9.65625,0.9375,9.859375,1.0],"tintindex":0,"rotation":0,"texture":"#0"},"up":{"uv":[4.1875,7.828125,4.15625,7.625],"tintindex":0,"rotation":0,"texture":"#0"},"down":{"uv":[8.25,1.75,8.21875,1.953125],"tintindex":0,"rotation":0,"texture":"#0"}},"rotation":{"origin":[8.9862,16.98034,4.297241],"angle":-45.0,"axis":"x"}},{"from":[6.9344797,4.7834015,11.189079],"to":[11.03792,10.788925,21.79322],"faces":{"east":{"uv":[4.34375,9.53125,4.515625,9.625],"tintindex":0,"rotation":0,"texture":"#0"},"south":{"uv":[6.71875,9.90625,6.78125,10.0],"tintindex":0,"rotation":0,"texture":"#0"},"north":{"uv":[4.4375,9.90625,4.5,10.0],"tintindex":0,"rotation":0,"texture":"#0"},"west":{"uv":[4.53125,9.53125,4.703125,9.625],"tintindex":0,"rotation":0,"texture":"#0"},"up":{"uv":[5.875,8.265625,5.8125,8.09375],"tintindex":0,"rotation":0,"texture":"#0"},"down":{"uv":[5.25,8.1875,5.1875,8.359375],"tintindex":0,"rotation":0,"texture":"#0"}}},{"from":[5.734481,-0.7690582,-7.415619],"to":[12.237921,9.636459,0.3885193],"faces":{"east":{"uv":[6.0,9.40625,6.125,9.5625],"tintindex":0,"rotation":0,"texture":"#0"},"south":{"uv":[2.375,9.53125,2.484375,9.6875],"tintindex":0,"rotation":0,"texture":"#0"},"north":{"uv":[9.53125,2.15625,9.640625,2.3125],"tintindex":0,"rotation":0,"texture":"#0"},"west":{"uv":[1.125,9.4375,1.25,9.59375],"tintindex":0,"rotation":0,"texture":"#0"},"up":{"uv":[9.703125,4.65625,9.59375,4.53125],"tintindex":0,"rotation":0,"texture":"#0"},"down":{"uv":[7.078125,9.59375,6.96875,9.71875],"tintindex":0,"rotation":0,"texture":"#0"}}},{"from":[7.9344807,6.7834015,19.18908],"to":[10.03792,10.788925,31.79322],"faces":{"east":{"uv":[9.65625,2.15625,9.859375,2.21875],"tintindex":0,"rotation":0,"texture":"#0"},"south":{"uv":[7.0625,8.28125,7.09375,8.34375],"tintindex":0,"rotation":0,"texture":"#0"},"north":{"uv":[8.03125,8.25,8.0625,8.3125],"tintindex":0,"rotation":0,"texture":"#0"},"west":{"uv":[9.65625,2.21875,9.859375,2.28125],"tintindex":0,"rotation":0,"texture":"#0"},"up":{"uv":[4.40625,8.453125,4.375,8.25],"tintindex":0,"rotation":0,"texture":"#0"},"down":{"uv":[8.4375,0.875,8.40625,1.078125],"tintindex":0,"rotation":0,"texture":"#0"}},"rotation":{"origin":[6.6901007,6.629524,23.642921],"angle":-22.5,"axis":"x"}},{"from":[7.1344805,14.3834,-0.61091614],"to":[10.83792,20.388924,9.993225],"faces":{"east":{"uv":[4.15625,9.53125,4.328125,9.625],"tintindex":0,"rotation":0,"texture":"#0"},"south":{"uv":[2.375,9.90625,2.4375,10.0],"tintindex":0,"rotation":0,"texture":"#0"},"north":{"uv":[3.6875,9.25,3.75,9.34375],"tintindex":0,"rotation":0,"texture":"#0"},"west":{"uv":[9.53125,4.21875,9.703125,4.3125],"tintindex":0,"rotation":0,"texture":"#0"},"up":{"uv":[6.40625,6.609375,6.34375,6.4375],"tintindex":0,"rotation":0,"texture":"#0"},"down":{"uv":[5.59375,7.96875,5.53125,8.140625],"tintindex":0,"rotation":0,"texture":"#0"}},"rotation":{"origin":[8.9862,16.98034,4.297241],"angle":-22.5,"axis":"x"}},{"from":[5.734481,1.5768433,2.797905],"to":[12.237921,8.782364,13.402039],"faces":{"east":{"uv":[9.46875,1.59375,9.640625,1.703125],"tintindex":0,"rotation":0,"texture":"#0"},"south":{"uv":[9.6875,3.71875,9.796875,3.828125],"tintindex":0,"rotation":0,"texture":"#0"},"north":{"uv":[3.46875,9.6875,3.578125,9.796875],"tintindex":0,"rotation":0,"texture":"#0"},"west":{"uv":[9.46875,3.375,9.640625,3.484375],"tintindex":0,"rotation":0,"texture":"#0"},"up":{"uv":[7.828125,9.640625,7.71875,9.46875],"tintindex":0,"rotation":0,"texture":"#0"},"down":{"uv":[7.953125,9.46875,7.84375,9.640625],"tintindex":0,"rotation":0,"texture":"#0"}},"rotation":{"origin":[6.6901007,4.2229614,7.2517395],"angle":-22.5,"axis":"x"}},{"from":[5.9344797,14.8022,-9.537056],"to":[12.03792,22.00772,1.0670853],"faces":{"east":{"uv":[9.4375,6.375,9.609375,6.484375],"tintindex":0,"rotation":0,"texture":"#0"},"south":{"uv":[9.71875,4.1875,9.8125,4.296875],"tintindex":0,"rotation":0,"texture":"#0"},"north":{"uv":[3.6875,9.71875,3.78125,9.828125],"tintindex":0,"rotation":0,"texture":"#0"},"west":{"uv":[9.46875,1.09375,9.640625,1.203125],"tintindex":0,"rotation":0,"texture":"#0"},"up":{"uv":[4.5625,6.796875,4.46875,6.625],"tintindex":0,"rotation":0,"texture":"#0"},"down":{"uv":[4.9375,6.8125,4.84375,6.984375],"tintindex":0,"rotation":0,"texture":"#0"}},"rotation":{"origin":[8.9862,16.98034,4.297241],"angle":-45.0,"axis":"x"}}],"display":{"gui":{"rotation":[-150.0,-45.0,180.0]}},"gui_light":"front"}