{"textures":{"0":"ia:21","particle":"#0"},"elements":[{"from":[12.330502,6.9158936,3.0200806],"to":[19.536022,13.850372,9.954605],"faces":{"east":{"uv":[10.0625,1.40625,10.109375,1.453125],"tintindex":0,"rotation":0,"texture":"#0"},"south":{"uv":[10.03125,8.34375,10.09375,8.390625],"tintindex":0,"rotation":0,"texture":"#0"},"north":{"uv":[8.34375,10.03125,8.40625,10.078125],"tintindex":0,"rotation":0,"texture":"#0"},"west":{"uv":[1.46875,10.0625,1.515625,10.109375],"tintindex":0,"rotation":0,"texture":"#0"},"up":{"uv":[8.46875,10.078125,8.40625,10.03125],"tintindex":0,"rotation":0,"texture":"#0"},"down":{"uv":[10.09375,8.40625,10.03125,8.453125],"tintindex":0,"rotation":0,"texture":"#0"}},"rotation":{"origin":[8.0,8.0,8.0],"angle":-45.0,"axis":"y"}},{"from":[1.8653412,-5.4454193,-1.1471405],"to":[9.070862,13.489059,5.787384],"faces":{"east":{"uv":[3.09375,9.875,3.140625,10.015625],"tintindex":0,"rotation":0,"texture":"#0"},"south":{"uv":[1.875,9.8125,1.9375,9.953125],"tintindex":0,"rotation":0,"texture":"#0"},"north":{"uv":[1.5625,9.8125,1.625,9.953125],"tintindex":0,"rotation":0,"texture":"#0"},"west":{"uv":[3.15625,9.875,3.203125,10.015625],"tintindex":0,"rotation":0,"texture":"#0"},"up":{"uv":[8.53125,10.078125,8.46875,10.03125],"tintindex":0,"rotation":0,"texture":"#0"},"down":{"uv":[10.09375,8.46875,10.03125,8.515625],"tintindex":0,"rotation":0,"texture":"#0"}},"rotation":{"origin":[8.0,8.0,8.0],"angle":-45.0,"axis":"y"}},{"from":[5.825142,8.123016,11.632523],"to":[13.030662,15.057495,18.567047],"faces":{"east":{"uv":[10.0625,1.34375,10.109375,1.390625],"tintindex":0,"rotation":0,"texture":"#0"},"south":{"uv":[8.15625,10.03125,8.21875,10.078125],"tintindex":0,"rotation":0,"texture":"#0"},"north":{"uv":[8.09375,10.03125,8.15625,10.078125],"tintindex":0,"rotation":0,"texture":"#0"},"west":{"uv":[1.40625,10.0625,1.453125,10.109375],"tintindex":0,"rotation":0,"texture":"#0"},"up":{"uv":[8.28125,10.078125,8.21875,10.03125],"tintindex":0,"rotation":0,"texture":"#0"},"down":{"uv":[8.34375,10.03125,8.28125,10.078125],"tintindex":0,"rotation":0,"texture":"#0"}},"rotation":{"origin":[8.0,8.0,8.0],"angle":-45.0,"axis":"y"}}],"display":{"gui":{"rotation":[-150.0,-45.0,180.0]}},"gui_light":"front"}