{"textures":{"0":"ia:21","particle":"#0"},"elements":[{"from":[2.8972397,-4.35058,3.1322784],"to":[13.10276,-0.4485197,9.339159],"faces":{"east":{"uv":[10.0,9.375,9.90625,9.4375],"tintindex":0,"rotation":0,"texture":"#0"},"south":{"uv":[5.78125,9.75,5.625,9.8125],"tintindex":0,"rotation":0,"texture":"#0"},"north":{"uv":[9.90625,5.0625,9.75,5.125],"tintindex":0,"rotation":0,"texture":"#0"},"west":{"uv":[9.46875,9.90625,9.375,9.96875],"tintindex":0,"rotation":0,"texture":"#0"},"up":{"uv":[9.59375,0.28125,9.75,0.1875],"tintindex":0,"rotation":0,"texture":"#0"},"down":{"uv":[1.125,9.59375,1.28125,9.6875],"tintindex":0,"rotation":0,"texture":"#0"}},"rotation":{"origin":[8.0,4.02424,-5.1730003],"angle":-45.0,"axis":"x"}},{"from":[5.9489594,7.56568,-9.750099],"to":[10.051041,11.46776,-3.2466393],"faces":{"east":{"uv":[3.078125,8.28125,2.96875,8.34375],"tintindex":0,"rotation":0,"texture":"#0"},"south":{"uv":[2.6875,10.0,2.625,10.0625],"tintindex":0,"rotation":0,"texture":"#0"},"north":{"uv":[10.0625,2.59375,10.0,2.65625],"tintindex":0,"rotation":0,"texture":"#0"},"west":{"uv":[6.140625,5.125,6.03125,5.1875],"tintindex":0,"rotation":0,"texture":"#0"},"up":{"uv":[1.625,9.546875,1.6875,9.4375],"tintindex":0,"rotation":0,"texture":"#0"},"down":{"uv":[5.625,9.4375,5.6875,9.546875],"tintindex":0,"rotation":0,"texture":"#0"}},"rotation":{"origin":[8.0,4.02424,-5.1730003],"angle":-45.0,"axis":"x"}},{"from":[6.0489597,4.1514597,-10.089279],"to":[9.95104,8.05354,-2.9858398],"faces":{"east":{"uv":[8.828125,6.625,8.71875,6.6875],"tintindex":0,"rotation":0,"texture":"#0"},"south":{"uv":[2.8125,10.0,2.75,10.0625],"tintindex":0,"rotation":0,"texture":"#0"},"north":{"uv":[2.75,10.0,2.6875,10.0625],"tintindex":0,"rotation":0,"texture":"#0"},"west":{"uv":[8.734375,1.09375,8.625,1.15625],"tintindex":0,"rotation":0,"texture":"#0"},"up":{"uv":[1.15625,9.953125,1.21875,9.84375],"tintindex":0,"rotation":0,"texture":"#0"},"down":{"uv":[9.84375,1.15625,9.90625,1.265625],"tintindex":0,"rotation":0,"texture":"#0"}}},{"from":[2.7972393,4.85078,-2.9858398],"to":[13.202759,8.75284,6.02104],"faces":{"east":{"uv":[9.953125,5.40625,9.8125,5.46875],"tintindex":0,"rotation":0,"texture":"#0"},"south":{"uv":[9.90625,5.0,9.75,5.0625],"tintindex":0,"rotation":0,"texture":"#0"},"north":{"uv":[9.90625,4.84375,9.75,4.90625],"tintindex":0,"rotation":0,"texture":"#0"},"west":{"uv":[9.953125,4.375,9.8125,4.4375],"tintindex":0,"rotation":0,"texture":"#0"},"up":{"uv":[4.0,9.515625,4.15625,9.375],"tintindex":0,"rotation":0,"texture":"#0"},"down":{"uv":[4.40625,9.375,4.5625,9.515625],"tintindex":0,"rotation":0,"texture":"#0"}}},{"from":[0.7489605,6.99998,-9.184422],"to":[4.85104,10.90206,-2.6809616],"faces":{"east":{"uv":[1.453125,9.84375,1.34375,9.90625],"tintindex":0,"rotation":0,"texture":"#0"},"south":{"uv":[3.0625,10.0,3.0,10.0625],"tintindex":0,"rotation":0,"texture":"#0"},"north":{"uv":[3.0,10.0,2.9375,10.0625],"tintindex":0,"rotation":0,"texture":"#0"},"west":{"uv":[9.484375,9.0625,9.375,9.125],"tintindex":0,"rotation":0,"texture":"#0"},"up":{"uv":[1.625,9.953125,1.6875,9.84375],"tintindex":0,"rotation":0,"texture":"#0"},"down":{"uv":[1.6875,9.84375,1.75,9.953125],"tintindex":0,"rotation":0,"texture":"#0"}},"rotation":{"origin":[8.0,4.02424,-5.1730003],"angle":-45.0,"axis":"x"}},{"from":[11.14896,6.99998,-9.184422],"to":[15.251041,10.90206,-2.6809616],"faces":{"east":{"uv":[9.953125,2.8125,9.84375,2.875],"tintindex":0,"rotation":0,"texture":"#0"},"south":{"uv":[4.28125,10.0,4.21875,10.0625],"tintindex":0,"rotation":0,"texture":"#0"},"north":{"uv":[10.0625,4.1875,10.0,4.25],"tintindex":0,"rotation":0,"texture":"#0"},"west":{"uv":[9.953125,2.75,9.84375,2.8125],"tintindex":0,"rotation":0,"texture":"#0"},"up":{"uv":[2.5625,9.953125,2.625,9.84375],"tintindex":0,"rotation":0,"texture":"#0"},"down":{"uv":[3.3125,9.84375,3.375,9.953125],"tintindex":0,"rotation":0,"texture":"#0"}},"rotation":{"origin":[8.0,4.02424,-5.1730003],"angle":-45.0,"axis":"x"}},{"from":[5.9489594,2.4744997,-3.5275612],"to":[10.051041,6.37658,2.9758987],"faces":{"east":{"uv":[9.203125,8.46875,9.09375,8.53125],"tintindex":0,"rotation":0,"texture":"#0"},"south":{"uv":[2.9375,10.0,2.875,10.0625],"tintindex":0,"rotation":0,"texture":"#0"},"north":{"uv":[2.875,10.0,2.8125,10.0625],"tintindex":0,"rotation":0,"texture":"#0"},"west":{"uv":[9.015625,8.8125,8.90625,8.875],"tintindex":0,"rotation":0,"texture":"#0"},"up":{"uv":[1.21875,9.953125,1.28125,9.84375],"tintindex":0,"rotation":0,"texture":"#0"},"down":{"uv":[1.28125,9.84375,1.34375,9.953125],"tintindex":0,"rotation":0,"texture":"#0"}},"rotation":{"origin":[8.0,4.02424,-5.1730003],"angle":-45.0,"axis":"x"}},{"from":[0.8489609,4.1514597,-9.28928],"to":[4.7510395,8.05354,-2.1858406],"faces":{"east":{"uv":[9.953125,2.0625,9.84375,2.125],"tintindex":0,"rotation":0,"texture":"#0"},"south":{"uv":[3.53125,10.0,3.46875,10.0625],"tintindex":0,"rotation":0,"texture":"#0"},"north":{"uv":[3.46875,10.0,3.40625,10.0625],"tintindex":0,"rotation":0,"texture":"#0"},"west":{"uv":[9.953125,2.0,9.84375,2.0625],"tintindex":0,"rotation":0,"texture":"#0"},"up":{"uv":[1.75,9.953125,1.8125,9.84375],"tintindex":0,"rotation":0,"texture":"#0"},"down":{"uv":[1.9375,9.84375,2.0,9.953125],"tintindex":0,"rotation":0,"texture":"#0"}}},{"from":[0.7489605,1.9088202,-2.9618797],"to":[4.85104,5.8108997,3.5415802],"faces":{"east":{"uv":[2.421875,9.84375,2.3125,9.90625],"tintindex":0,"rotation":0,"texture":"#0"},"south":{"uv":[4.21875,10.0,4.15625,10.0625],"tintindex":0,"rotation":0,"texture":"#0"},"north":{"uv":[10.0625,4.125,10.0,4.1875],"tintindex":0,"rotation":0,"texture":"#0"},"west":{"uv":[2.296875,9.84375,2.1875,9.90625],"tintindex":0,"rotation":0,"texture":"#0"},"up":{"uv":[2.4375,9.953125,2.5,9.84375],"tintindex":0,"rotation":0,"texture":"#0"},"down":{"uv":[2.5,9.84375,2.5625,9.953125],"tintindex":0,"rotation":0,"texture":"#0"}},"rotation":{"origin":[8.0,4.02424,-5.1730003],"angle":-45.0,"axis":"x"}},{"from":[11.14896,1.9088202,-2.9618797],"to":[15.251041,5.8108997,3.5415802],"faces":{"east":{"uv":[4.484375,9.84375,4.375,9.90625],"tintindex":0,"rotation":0,"texture":"#0"},"south":{"uv":[4.46875,10.0,4.40625,10.0625],"tintindex":0,"rotation":0,"texture":"#0"},"north":{"uv":[4.40625,10.0,4.34375,10.0625],"tintindex":0,"rotation":0,"texture":"#0"},"west":{"uv":[4.359375,9.84375,4.25,9.90625],"tintindex":0,"rotation":0,"texture":"#0"},"up":{"uv":[4.09375,9.953125,4.15625,9.84375],"tintindex":0,"rotation":0,"texture":"#0"},"down":{"uv":[4.5,9.84375,4.5625,9.953125],"tintindex":0,"rotation":0,"texture":"#0"}},"rotation":{"origin":[8.0,4.02424,-5.1730003],"angle":-45.0,"axis":"x"}},{"from":[11.248959,4.1514597,-9.28928],"to":[15.151039,8.05354,-2.1858406],"faces":{"east":{"uv":[9.953125,4.09375,9.84375,4.15625],"tintindex":0,"rotation":0,"texture":"#0"},"south":{"uv":[4.34375,10.0,4.28125,10.0625],"tintindex":0,"rotation":0,"texture":"#0"},"north":{"uv":[10.0625,4.25,10.0,4.3125],"tintindex":0,"rotation":0,"texture":"#0"},"west":{"uv":[9.953125,3.0,9.84375,3.0625],"tintindex":0,"rotation":0,"texture":"#0"},"up":{"uv":[3.375,9.953125,3.4375,9.84375],"tintindex":0,"rotation":0,"texture":"#0"},"down":{"uv":[3.6875,9.84375,3.75,9.953125],"tintindex":0,"rotation":0,"texture":"#0"}}}],"display":{"gui":{"rotation":[-150.0,-45.0,180.0]}},"gui_light":"front"}