{"textures":{"0":"ia:21","particle":"#0"},"elements":[{"from":[3.96208,14.8022,-9.537056],"to":[10.06552,22.00772,1.0670853],"faces":{"east":{"uv":[9.46875,4.0,9.640625,4.109375],"tintindex":0,"rotation":0,"texture":"#0"},"south":{"uv":[4.375,9.71875,4.46875,9.828125],"tintindex":0,"rotation":0,"texture":"#0"},"north":{"uv":[4.28125,9.71875,4.375,9.828125],"tintindex":0,"rotation":0,"texture":"#0"},"west":{"uv":[9.46875,7.96875,9.640625,8.078125],"tintindex":0,"rotation":0,"texture":"#0"},"up":{"uv":[7.125,6.796875,7.03125,6.625],"tintindex":0,"rotation":0,"texture":"#0"},"down":{"uv":[5.1875,8.4375,5.09375,8.609375],"tintindex":0,"rotation":0,"texture":"#0"}},"rotation":{"origin":[7.0137997,16.98034,4.297241],"angle":-45.0,"axis":"x"}},{"from":[5.96208,6.7834015,19.18908],"to":[8.065519,10.788925,31.79322],"faces":{"east":{"uv":[9.65625,2.5625,9.859375,2.625],"tintindex":0,"rotation":0,"texture":"#0"},"south":{"uv":[7.03125,8.53125,7.0625,8.59375],"tintindex":0,"rotation":0,"texture":"#0"},"north":{"uv":[8.0,8.5,8.03125,8.5625],"tintindex":0,"rotation":0,"texture":"#0"},"west":{"uv":[9.65625,2.625,9.859375,2.6875],"tintindex":0,"rotation":0,"texture":"#0"},"up":{"uv":[7.03125,8.859375,7.0,8.65625],"tintindex":0,"rotation":0,"texture":"#0"},"down":{"uv":[4.09375,8.6875,4.0625,8.890625],"tintindex":0,"rotation":0,"texture":"#0"}},"rotation":{"origin":[9.309899,6.629524,23.642921],"angle":-22.5,"axis":"x"}},{"from":[3.7620792,1.5768433,2.797905],"to":[10.265519,8.782364,13.402039],"faces":{"east":{"uv":[9.46875,9.375,9.640625,9.484375],"tintindex":0,"rotation":0,"texture":"#0"},"south":{"uv":[4.71875,9.6875,4.828125,9.796875],"tintindex":0,"rotation":0,"texture":"#0"},"north":{"uv":[9.6875,3.84375,9.796875,3.953125],"tintindex":0,"rotation":0,"texture":"#0"},"west":{"uv":[0.0,9.5,0.171875,9.609375],"tintindex":0,"rotation":0,"texture":"#0"},"up":{"uv":[8.078125,9.640625,7.96875,9.46875],"tintindex":0,"rotation":0,"texture":"#0"},"down":{"uv":[0.296875,9.5,0.1875,9.671875],"tintindex":0,"rotation":0,"texture":"#0"}},"rotation":{"origin":[9.309899,4.2229614,7.2517395],"angle":-22.5,"axis":"x"}},{"from":[3.7620792,-0.7690582,-7.415619],"to":[10.265519,9.636459,0.3885193],"faces":{"east":{"uv":[9.4375,5.3125,9.5625,5.46875],"tintindex":0,"rotation":0,"texture":"#0"},"south":{"uv":[9.53125,2.625,9.640625,2.78125],"tintindex":0,"rotation":0,"texture":"#0"},"north":{"uv":[2.625,9.53125,2.734375,9.6875],"tintindex":0,"rotation":0,"texture":"#0"},"west":{"uv":[5.5,9.4375,5.625,9.59375],"tintindex":0,"rotation":0,"texture":"#0"},"up":{"uv":[8.859375,9.71875,8.75,9.59375],"tintindex":0,"rotation":0,"texture":"#0"},"down":{"uv":[8.984375,9.59375,8.875,9.71875],"tintindex":0,"rotation":0,"texture":"#0"}}},{"from":[3.0117397,-0.626915,-5.9656754],"to":[11.015859,9.778603,1.83844],"faces":{"east":{"uv":[9.4375,3.0,9.5625,3.15625],"tintindex":0,"rotation":0,"texture":"#0"},"south":{"uv":[3.09375,9.4375,3.21875,9.59375],"tintindex":0,"rotation":0,"texture":"#0"},"north":{"uv":[2.96875,9.4375,3.09375,9.59375],"tintindex":0,"rotation":0,"texture":"#0"},"west":{"uv":[4.84375,9.4375,4.96875,9.59375],"tintindex":0,"rotation":0,"texture":"#0"},"up":{"uv":[9.65625,7.28125,9.53125,7.15625],"tintindex":0,"rotation":0,"texture":"#0"},"down":{"uv":[9.65625,7.28125,9.53125,7.40625],"tintindex":0,"rotation":0,"texture":"#0"}},"rotation":{"origin":[3.0117397,-0.626915,-5.9656754],"angle":45.0,"axis":"x"}},{"from":[6.16208,13.55294,6.527382],"to":[7.8655195,17.558464,19.131523],"faces":{"east":{"uv":[9.65625,2.4375,9.859375,2.5],"tintindex":0,"rotation":0,"texture":"#0"},"south":{"uv":[4.375,8.46875,4.40625,8.53125],"tintindex":0,"rotation":0,"texture":"#0"},"north":{"uv":[6.78125,8.375,6.8125,8.4375],"tintindex":0,"rotation":0,"texture":"#0"},"west":{"uv":[9.65625,2.5,9.859375,2.5625],"tintindex":0,"rotation":0,"texture":"#0"},"up":{"uv":[1.90625,8.765625,1.875,8.5625],"tintindex":0,"rotation":0,"texture":"#0"},"down":{"uv":[5.09375,8.65625,5.0625,8.859375],"tintindex":0,"rotation":0,"texture":"#0"}},"rotation":{"origin":[7.0137997,16.98034,4.297241],"angle":-45.0,"axis":"x"}},{"from":[4.96208,4.7834015,11.189079],"to":[9.06552,10.788925,21.79322],"faces":{"east":{"uv":[9.53125,5.9375,9.703125,6.03125],"tintindex":0,"rotation":0,"texture":"#0"},"south":{"uv":[7.65625,9.90625,7.71875,10.0],"tintindex":0,"rotation":0,"texture":"#0"},"north":{"uv":[7.59375,9.90625,7.65625,10.0],"tintindex":0,"rotation":0,"texture":"#0"},"west":{"uv":[9.53125,6.03125,9.703125,6.125],"tintindex":0,"rotation":0,"texture":"#0"},"up":{"uv":[4.46875,9.359375,4.40625,9.1875],"tintindex":0,"rotation":0,"texture":"#0"},"down":{"uv":[4.15625,9.65625,4.09375,9.828125],"tintindex":0,"rotation":0,"texture":"#0"}}},{"from":[5.16208,14.3834,-0.61091614],"to":[8.86552,20.388924,9.993225],"faces":{"east":{"uv":[9.53125,4.65625,9.703125,4.75],"tintindex":0,"rotation":0,"texture":"#0"},"south":{"uv":[7.53125,9.90625,7.59375,10.0],"tintindex":0,"rotation":0,"texture":"#0"},"north":{"uv":[9.90625,7.4375,9.96875,7.53125],"tintindex":0,"rotation":0,"texture":"#0"},"west":{"uv":[9.53125,5.21875,9.703125,5.3125],"tintindex":0,"rotation":0,"texture":"#0"},"up":{"uv":[8.4375,1.734375,8.375,1.5625],"tintindex":0,"rotation":0,"texture":"#0"},"down":{"uv":[1.75,9.0,1.6875,9.171875],"tintindex":0,"rotation":0,"texture":"#0"}},"rotation":{"origin":[7.0137997,16.98034,4.297241],"angle":-22.5,"axis":"x"}}],"display":{"gui":{"rotation":[-150.0,-45.0,180.0]}},"gui_light":"front"}