{"textures":{"0":"ia:21","particle":"#0"},"elements":[{"from":[15.815106,8.017789,0.1929164],"to":[30.68012,8.046361,23.976944],"faces":{"east":{"uv":[11.15625,2.96875,8.5625,2.984375],"tintindex":0,"rotation":0,"texture":"#0"},"south":{"uv":[10.53125,2.90625,8.90625,2.921875],"tintindex":0,"rotation":0,"texture":"#0"},"north":{"uv":[10.34375,0.40625,8.71875,0.421875],"tintindex":0,"rotation":0,"texture":"#0"},"west":{"uv":[11.15625,2.9375,8.5625,2.953125],"tintindex":0,"rotation":0,"texture":"#0"},"up":{"uv":[0.0,12.8125,1.625,10.21875],"tintindex":0,"rotation":0,"texture":"#0"},"down":{"uv":[1.625,10.21875,3.25,12.8125],"tintindex":0,"rotation":0,"texture":"#0"}}},{"from":[8.010971,7.9606466,0.1929164],"to":[15.815106,7.9892173,23.976944],"faces":{"east":{"uv":[11.09375,0.46875,8.5,0.484375],"tintindex":0,"rotation":0,"texture":"#0"},"south":{"uv":[10.296875,6.25,9.4375,6.265625],"tintindex":0,"rotation":0,"texture":"#0"},"north":{"uv":[8.203125,2.5,7.34375,2.515625],"tintindex":0,"rotation":0,"texture":"#0"},"west":{"uv":[11.09375,0.4375,8.5,0.453125],"tintindex":0,"rotation":0,"texture":"#0"},"up":{"uv":[0.0,7.78125,0.859375,5.1875],"tintindex":0,"rotation":0,"texture":"#0"},"down":{"uv":[0.875,5.1875,1.71875,7.78125],"tintindex":0,"rotation":0,"texture":"#0"}}},{"from":[11.384743,7.7330804,9.394511],"to":[23.090944,8.290521,10.137763],"faces":{"east":{"uv":[8.734375,9.96875,8.65625,10.03125],"tintindex":0,"rotation":0,"texture":"#0"},"south":{"uv":[8.75,6.375,7.46875,6.4375],"tintindex":0,"rotation":0,"texture":"#0"},"north":{"uv":[8.59375,3.75,7.3125,3.8125],"tintindex":0,"rotation":0,"texture":"#0"},"west":{"uv":[8.640625,9.96875,8.5625,10.03125],"tintindex":0,"rotation":0,"texture":"#0"},"up":{"uv":[7.03125,2.609375,8.3125,2.53125],"tintindex":0,"rotation":0,"texture":"#0"},"down":{"uv":[7.03125,2.625,8.3125,2.703125],"tintindex":0,"rotation":0,"texture":"#0"}},"rotation":{"origin":[8.010971,7.915946,13.511532],"angle":45.0,"axis":"y"}}],"display":{"gui":{"rotation":[-150.0,-45.0,180.0]}},"gui_light":"front"}