{"textures":{"0":"ia:21","particle":"#0"},"elements":[{"from":[-13.820095,7.971429,-15.784029],"to":[8.105809,8.028571,31.784025],"faces":{"east":{"uv":[10.9375,6.34375,8.34375,6.359375],"tintindex":0,"rotation":0,"texture":"#0"},"south":{"uv":[10.140625,0.375,8.9375,0.390625],"tintindex":0,"rotation":0,"texture":"#0"},"north":{"uv":[8.296875,4.75,7.09375,4.765625],"tintindex":0,"rotation":0,"texture":"#0"},"west":{"uv":[10.875,0.5,8.28125,0.515625],"tintindex":0,"rotation":0,"texture":"#0"},"up":{"uv":[4.265625,12.78125,5.46875,10.1875],"tintindex":0,"rotation":0,"texture":"#0"},"down":{"uv":[5.484375,10.1875,6.6875,12.78125],"tintindex":0,"rotation":0,"texture":"#0"}}}],"display":{"gui":{"rotation":[-150.0,-45.0,180.0]}},"gui_light":"front"}