{"textures":{"0":"ia:21","particle":"#0"},"elements":[{"from":[7.917707,8.023658,-7.608266],"to":[24.971186,8.068102,29.389107],"faces":{"east":{"uv":[10.9375,6.34375,8.34375,6.359375],"tintindex":0,"rotation":0,"texture":"#0"},"south":{"uv":[10.140625,0.375,8.9375,0.390625],"tintindex":0,"rotation":0,"texture":"#0"},"north":{"uv":[8.296875,4.75,7.09375,4.765625],"tintindex":0,"rotation":0,"texture":"#0"},"west":{"uv":[10.875,0.5,8.28125,0.515625],"tintindex":0,"rotation":0,"texture":"#0"},"up":{"uv":[3.25,2.59375,4.453125,0.0],"tintindex":0,"rotation":0,"texture":"#0"},"down":{"uv":[4.46875,0.0,5.671875,2.59375],"tintindex":0,"rotation":0,"texture":"#0"}}},{"from":[7.028818,7.3760395,4.531493],"to":[24.971186,8.532205,5.687662],"faces":{"east":{"uv":[9.953125,4.53125,9.875,4.609375],"tintindex":0,"rotation":0,"texture":"#0"},"south":{"uv":[8.296875,4.65625,7.09375,4.734375],"tintindex":0,"rotation":0,"texture":"#0"},"north":{"uv":[8.234375,2.90625,7.03125,2.984375],"tintindex":0,"rotation":0,"texture":"#0"},"west":{"uv":[4.078125,9.875,4.0,9.953125],"tintindex":0,"rotation":0,"texture":"#0"},"up":{"uv":[7.1875,5.234375,8.390625,5.15625],"tintindex":0,"rotation":0,"texture":"#0"},"down":{"uv":[7.1875,5.25,8.390625,5.328125],"tintindex":0,"rotation":0,"texture":"#0"}}}],"display":{"gui":{"rotation":[-150.0,-45.0,180.0]}},"gui_light":"front"}