{"textures":{"0":"ia:21","particle":"#0"},"elements":[{"from":[-7.1747074,-4.139761,-12.811012],"to":[23.174707,20.139776,8.0],"faces":{"east":{"uv":[5.6875,2.0,6.171875,2.5625],"tintindex":0,"rotation":0,"texture":"#0"},"south":{"uv":[4.21875,5.1875,4.9375,5.75],"tintindex":0,"rotation":0,"texture":"#0"},"north":{"uv":[3.5,5.1875,4.21875,5.75],"tintindex":0,"rotation":0,"texture":"#0"},"west":{"uv":[5.6875,2.5625,6.171875,3.125],"tintindex":0,"rotation":0,"texture":"#0"},"up":{"uv":[5.65625,5.671875,4.9375,5.1875],"tintindex":0,"rotation":0,"texture":"#0"},"down":{"uv":[6.375,5.1875,5.65625,5.671875],"tintindex":0,"rotation":0,"texture":"#0"}}}],"display":{"gui":{"rotation":[-150.0,-45.0,180.0]}},"gui_light":"front"}