{"textures":{"0":"ia:21","particle":"#0"},"elements":[{"from":[-2.0412807,-0.47582817,-13.118427],"to":[17.902615,16.86669,2.48984],"faces":{"east":{"uv":[4.5625,6.40625,4.921875,6.8125],"tintindex":0,"rotation":0,"texture":"#0"},"south":{"uv":[5.875,5.6875,6.34375,6.09375],"tintindex":0,"rotation":0,"texture":"#0"},"north":{"uv":[4.1875,5.75,4.65625,6.15625],"tintindex":0,"rotation":0,"texture":"#0"},"west":{"uv":[6.4375,4.15625,6.796875,4.5625],"tintindex":0,"rotation":0,"texture":"#0"},"up":{"uv":[6.625,5.171875,6.15625,4.8125],"tintindex":0,"rotation":0,"texture":"#0"},"down":{"uv":[6.65625,2.46875,6.1875,2.828125],"tintindex":0,"rotation":0,"texture":"#0"}}},{"from":[-9.200001,12.666667,2.0],"to":[-2.5333338,15.333334,4.6666665],"faces":{"east":{"uv":[1.03125,10.0,1.09375,10.0625],"tintindex":0,"rotation":0,"texture":"#0"},"south":{"uv":[7.125,9.71875,7.28125,9.78125],"tintindex":0,"rotation":0,"texture":"#0"},"north":{"uv":[6.96875,9.71875,7.125,9.78125],"tintindex":0,"rotation":0,"texture":"#0"},"west":{"uv":[1.09375,10.0,1.15625,10.0625],"tintindex":0,"rotation":0,"texture":"#0"},"up":{"uv":[7.65625,9.78125,7.5,9.71875],"tintindex":0,"rotation":0,"texture":"#0"},"down":{"uv":[8.78125,9.71875,8.625,9.78125],"tintindex":0,"rotation":0,"texture":"#0"}},"rotation":{"origin":[0.1333332,12.666667,3.333333],"angle":-45.0,"axis":"z"}},{"from":[-6.9333334,11.466665,-1.0666656],"to":[-2.9333334,14.133331,1.6000009],"faces":{"east":{"uv":[10.0,1.15625,10.0625,1.21875],"tintindex":0,"rotation":0,"texture":"#0"},"south":{"uv":[8.0,9.90625,8.09375,9.96875],"tintindex":0,"rotation":0,"texture":"#0"},"north":{"uv":[7.90625,9.90625,8.0,9.96875],"tintindex":0,"rotation":0,"texture":"#0"},"west":{"uv":[10.0,1.3125,10.0625,1.375],"tintindex":0,"rotation":0,"texture":"#0"},"up":{"uv":[8.1875,9.96875,8.09375,9.90625],"tintindex":0,"rotation":0,"texture":"#0"},"down":{"uv":[8.28125,9.90625,8.1875,9.96875],"tintindex":0,"rotation":0,"texture":"#0"}},"rotation":{"origin":[2.4,11.466665,0.26666737],"angle":-45.0,"axis":"z"}},{"from":[-6.9333334,11.466665,-10.4],"to":[-2.9333334,14.133331,-7.7333326],"faces":{"east":{"uv":[10.0,0.90625,10.0625,0.96875],"tintindex":0,"rotation":0,"texture":"#0"},"south":{"uv":[9.90625,7.78125,10.0,7.84375],"tintindex":0,"rotation":0,"texture":"#0"},"north":{"uv":[7.71875,9.90625,7.8125,9.96875],"tintindex":0,"rotation":0,"texture":"#0"},"west":{"uv":[0.96875,10.0,1.03125,10.0625],"tintindex":0,"rotation":0,"texture":"#0"},"up":{"uv":[7.90625,9.96875,7.8125,9.90625],"tintindex":0,"rotation":0,"texture":"#0"},"down":{"uv":[10.0,7.84375,9.90625,7.90625],"tintindex":0,"rotation":0,"texture":"#0"}},"rotation":{"origin":[2.4,11.466665,-9.066666],"angle":-45.0,"axis":"z"}},{"from":[18.794666,12.533331,-4.2666683],"to":[22.794666,15.199997,-1.6000013],"faces":{"east":{"uv":[2.15625,10.0,2.21875,10.0625],"tintindex":0,"rotation":0,"texture":"#0"},"south":{"uv":[9.90625,8.78125,10.0,8.84375],"tintindex":0,"rotation":0,"texture":"#0"},"north":{"uv":[8.65625,9.90625,8.75,9.96875],"tintindex":0,"rotation":0,"texture":"#0"},"west":{"uv":[10.0,2.15625,10.0625,2.21875],"tintindex":0,"rotation":0,"texture":"#0"},"up":{"uv":[8.90625,9.96875,8.8125,9.90625],"tintindex":0,"rotation":0,"texture":"#0"},"down":{"uv":[10.0,8.84375,9.90625,8.90625],"tintindex":0,"rotation":0,"texture":"#0"}},"rotation":{"origin":[13.461333,12.533331,-2.9333344],"angle":45.0,"axis":"z"}},{"from":[18.394667,12.666667,-7.333334],"to":[25.061333,15.333334,-4.666667],"faces":{"east":{"uv":[2.09375,10.0,2.15625,10.0625],"tintindex":0,"rotation":0,"texture":"#0"},"south":{"uv":[0.28125,9.75,0.4375,9.8125],"tintindex":0,"rotation":0,"texture":"#0"},"north":{"uv":[9.75,0.1875,9.90625,0.25],"tintindex":0,"rotation":0,"texture":"#0"},"west":{"uv":[10.0,2.09375,10.0625,2.15625],"tintindex":0,"rotation":0,"texture":"#0"},"up":{"uv":[0.59375,9.8125,0.4375,9.75],"tintindex":0,"rotation":0,"texture":"#0"},"down":{"uv":[0.75,9.75,0.59375,9.8125],"tintindex":0,"rotation":0,"texture":"#0"}},"rotation":{"origin":[15.728001,12.666667,-6.0],"angle":45.0,"axis":"z"}},{"from":[18.794666,11.466665,-1.0666656],"to":[22.794666,14.133331,1.6000009],"faces":{"east":{"uv":[2.21875,10.0,2.28125,10.0625],"tintindex":0,"rotation":0,"texture":"#0"},"south":{"uv":[9.90625,8.90625,10.0,8.96875],"tintindex":0,"rotation":0,"texture":"#0"},"north":{"uv":[8.90625,9.90625,9.0,9.96875],"tintindex":0,"rotation":0,"texture":"#0"},"west":{"uv":[2.28125,10.0,2.34375,10.0625],"tintindex":0,"rotation":0,"texture":"#0"},"up":{"uv":[10.0,9.1875,9.90625,9.125],"tintindex":0,"rotation":0,"texture":"#0"},"down":{"uv":[10.0,9.1875,9.90625,9.25],"tintindex":0,"rotation":0,"texture":"#0"}},"rotation":{"origin":[13.461333,11.466665,0.26666737],"angle":45.0,"axis":"z"}},{"from":[-6.9333334,12.533331,-4.2666683],"to":[-2.9333334,15.199997,-1.6000013],"faces":{"east":{"uv":[1.34375,10.0,1.40625,10.0625],"tintindex":0,"rotation":0,"texture":"#0"},"south":{"uv":[9.90625,8.25,10.0,8.3125],"tintindex":0,"rotation":0,"texture":"#0"},"north":{"uv":[9.90625,8.1875,10.0,8.25],"tintindex":0,"rotation":0,"texture":"#0"},"west":{"uv":[1.40625,10.0,1.46875,10.0625],"tintindex":0,"rotation":0,"texture":"#0"},"up":{"uv":[8.375,9.96875,8.28125,9.90625],"tintindex":0,"rotation":0,"texture":"#0"},"down":{"uv":[10.0,8.3125,9.90625,8.375],"tintindex":0,"rotation":0,"texture":"#0"}},"rotation":{"origin":[2.4,12.533331,-2.9333344],"angle":-45.0,"axis":"z"}},{"from":[-9.200001,12.666667,-7.333334],"to":[-2.5333338,15.333334,-4.666667],"faces":{"east":{"uv":[0.65625,10.0,0.71875,10.0625],"tintindex":0,"rotation":0,"texture":"#0"},"south":{"uv":[9.71875,5.9375,9.875,6.0],"tintindex":0,"rotation":0,"texture":"#0"},"north":{"uv":[5.78125,9.71875,5.9375,9.78125],"tintindex":0,"rotation":0,"texture":"#0"},"west":{"uv":[0.71875,10.0,0.78125,10.0625],"tintindex":0,"rotation":0,"texture":"#0"},"up":{"uv":[9.875,6.0625,9.71875,6.0],"tintindex":0,"rotation":0,"texture":"#0"},"down":{"uv":[9.875,6.0625,9.71875,6.125],"tintindex":0,"rotation":0,"texture":"#0"}},"rotation":{"origin":[0.1333332,12.666667,-6.0],"angle":-45.0,"axis":"z"}},{"from":[18.794666,11.466665,-10.4],"to":[22.794666,14.133331,-7.7333326],"faces":{"east":{"uv":[1.96875,10.0,2.03125,10.0625],"tintindex":0,"rotation":0,"texture":"#0"},"south":{"uv":[8.46875,9.90625,8.5625,9.96875],"tintindex":0,"rotation":0,"texture":"#0"},"north":{"uv":[8.375,9.90625,8.46875,9.96875],"tintindex":0,"rotation":0,"texture":"#0"},"west":{"uv":[2.03125,10.0,2.09375,10.0625],"tintindex":0,"rotation":0,"texture":"#0"},"up":{"uv":[8.65625,9.96875,8.5625,9.90625],"tintindex":0,"rotation":0,"texture":"#0"},"down":{"uv":[10.0,8.5625,9.90625,8.625],"tintindex":0,"rotation":0,"texture":"#0"}},"rotation":{"origin":[13.461333,11.466665,-9.066666],"angle":45.0,"axis":"z"}},{"from":[18.394667,12.666667,2.0],"to":[25.061333,15.333334,4.6666665],"faces":{"east":{"uv":[2.34375,10.0,2.40625,10.0625],"tintindex":0,"rotation":0,"texture":"#0"},"south":{"uv":[2.03125,9.75,2.1875,9.8125],"tintindex":0,"rotation":0,"texture":"#0"},"north":{"uv":[9.75,1.34375,9.90625,1.40625],"tintindex":0,"rotation":0,"texture":"#0"},"west":{"uv":[10.0,2.53125,10.0625,2.59375],"tintindex":0,"rotation":0,"texture":"#0"},"up":{"uv":[9.90625,4.78125,9.75,4.71875],"tintindex":0,"rotation":0,"texture":"#0"},"down":{"uv":[9.90625,4.78125,9.75,4.84375],"tintindex":0,"rotation":0,"texture":"#0"}},"rotation":{"origin":[15.728001,12.666667,3.333333],"angle":45.0,"axis":"z"}},{"from":[-9.200001,12.666667,-13.333334],"to":[-2.5333338,15.333334,-10.666668],"faces":{"east":{"uv":[0.53125,10.0,0.59375,10.0625],"tintindex":0,"rotation":0,"texture":"#0"},"south":{"uv":[9.71875,5.21875,9.875,5.28125],"tintindex":0,"rotation":0,"texture":"#0"},"north":{"uv":[5.15625,9.71875,5.3125,9.78125],"tintindex":0,"rotation":0,"texture":"#0"},"west":{"uv":[0.59375,10.0,0.65625,10.0625],"tintindex":0,"rotation":0,"texture":"#0"},"up":{"uv":[9.875,5.34375,9.71875,5.28125],"tintindex":0,