{"textures":{"0":"ia:21","particle":"#0"},"elements":[{"from":[-4.0643797,-2.6606789,-15.706203],"to":[20.6487,18.150337,7.7061996],"faces":{"east":{"uv":[4.46875,6.8125,4.828125,7.140625],"tintindex":0,"rotation":0,"texture":"#0"},"south":{"uv":[6.6875,3.125,7.078125,3.453125],"tintindex":0,"rotation":0,"texture":"#0"},"north":{"uv":[5.875,6.65625,6.265625,6.984375],"tintindex":0,"rotation":0,"texture":"#0"},"west":{"uv":[6.28125,6.8125,6.640625,7.140625],"tintindex":0,"rotation":0,"texture":"#0"},"up":{"uv":[6.953125,2.328125,6.5625,1.96875],"tintindex":0,"rotation":0,"texture":"#0"},"down":{"uv":[3.890625,6.59375,3.5,6.953125],"tintindex":0,"rotation":0,"texture":"#0"}}},{"from":[-12.0038395,8.65168,-2.4161644],"to":[-6.0038395,12.65168,1.5838356],"faces":{"east":{"uv":[8.28125,6.09375,8.34375,6.15625],"tintindex":0,"rotation":0,"texture":"#0"},"south":{"uv":[8.3125,8.03125,8.40625,8.09375],"tintindex":0,"rotation":0,"texture":"#0"},"north":{"uv":[6.5625,8.3125,6.65625,8.375],"tintindex":0,"rotation":0,"texture":"#0"},"west":{"uv":[8.46875,5.78125,8.53125,5.84375],"tintindex":0,"rotation":0,"texture":"#0"},"up":{"uv":[6.5625,8.625,6.46875,8.5625],"tintindex":0,"rotation":0,"texture":"#0"},"down":{"uv":[9.1875,7.1875,9.09375,7.25],"tintindex":0,"rotation":0,"texture":"#0"}},"rotation":{"origin":[1.99616,8.65168,-0.4161644],"angle":-45.0,"axis":"z"}},{"from":[-15.403839,10.451683,-11.816158],"to":[-5.40384,14.451683,-7.8161583],"faces":{"east":{"uv":[8.90625,7.9375,8.96875,8.0],"tintindex":0,"rotation":0,"texture":"#0"},"south":{"uv":[8.09375,0.21875,8.25,0.28125],"tintindex":0,"rotation":0,"texture":"#0"},"north":{"uv":[7.8125,0.28125,7.96875,0.34375],"tintindex":0,"rotation":0,"texture":"#0"},"west":{"uv":[4.15625,8.96875,4.21875,9.03125],"tintindex":0,"rotation":0,"texture":"#0"},"up":{"uv":[8.4375,6.9375,8.28125,6.875],"tintindex":0,"rotation":0,"texture":"#0"},"down":{"uv":[8.625,0.8125,8.46875,0.875],"tintindex":0,"rotation":0,"texture":"#0"}},"rotation":{"origin":[-1.4038401,10.451683,-9.816158],"angle":-45.0,"axis":"z"}},{"from":[21.98816,10.451683,-11.816158],"to":[31.98816,14.451683,-7.8161583],"faces":{"east":{"uv":[9.03125,8.96875,9.09375,9.03125],"tintindex":0,"rotation":0,"texture":"#0"},"south":{"uv":[8.75,1.25,8.90625,1.3125],"tintindex":0,"rotation":0,"texture":"#0"},"north":{"uv":[2.8125,8.53125,2.96875,8.59375],"tintindex":0,"rotation":0,"texture":"#0"},"west":{"uv":[9.21875,9.125,9.28125,9.1875],"tintindex":0,"rotation":0,"texture":"#0"},"up":{"uv":[8.90625,6.4375,8.75,6.375],"tintindex":0,"rotation":0,"texture":"#0"},"down":{"uv":[6.625,8.84375,6.46875,8.90625],"tintindex":0,"rotation":0,"texture":"#0"}},"rotation":{"origin":[17.98816,10.451683,-9.816158],"angle":45.0,"axis":"z"}},{"from":[22.58816,8.65168,-2.4161644],"to":[28.58816,12.65168,1.5838356],"faces":{"east":{"uv":[9.375,7.0,9.4375,7.0625],"tintindex":0,"rotation":0,"texture":"#0"},"south":{"uv":[9.90625,4.25,10.0,4.3125],"tintindex":0,"rotation":0,"texture":"#0"},"north":{"uv":[9.90625,1.34375,10.0,1.40625],"tintindex":0,"rotation":0,"texture":"#0"},"west":{"uv":[3.625,9.40625,3.6875,9.46875],"tintindex":0,"rotation":0,"texture":"#0"},"up":{"uv":[6.4375,9.96875,6.34375,9.90625],"tintindex":0,"rotation":0,"texture":"#0"},"down":{"uv":[10.0,6.375,9.90625,6.4375],"tintindex":0,"rotation":0,"texture":"#0"}},"rotation":{"origin":[14.58816,8.65168,-0.4161644],"angle":45.0,"axis":"z"}},{"from":[-12.0038395,10.251678,-7.21616],"to":[-6.0038395,14.251678,-3.2161598],"faces":{"east":{"uv":[8.59375,3.75,8.65625,3.8125],"tintindex":0,"rotation":0,"texture":"#0"},"south":{"uv":[9.1875,8.03125,9.28125,8.09375],"tintindex":0,"rotation":0,"texture":"#0"},"north":{"uv":[9.125,3.375,9.21875,3.4375],"tintindex":0,"rotation":0,"texture":"#0"},"west":{"uv":[4.03125,8.90625,4.09375,8.96875],"tintindex":0,"rotation":0,"texture":"#0"},"up":{"uv":[9.3125,1.78125,9.21875,1.71875],"tintindex":0,"rotation":0,"texture":"#0"},"down":{"uv":[9.375,8.1875,9.28125,8.25],"tintindex":0,"rotation":0,"texture":"#0"}},"rotation":{"origin":[1.99616,10.251678,-5.21616],"angle":-45.0,"axis":"z"}},{"from":[22.58816,10.251678,-7.21616],"to":[28.58816,14.251678,-3.2161598],"faces":{"east":{"uv":[3.4375,9.34375,3.5,9.40625],"tintindex":0,"rotation":0,"texture":"#0"},"south":{"uv":[3.34375,9.46875,3.4375,9.53125],"tintindex":0,"rotation":0,"texture":"#0"},"north":{"uv":[9.375,0.53125,9.46875,0.59375],"tintindex":0,"rotation":0,"texture":"#0"},"west":{"uv":[5.5,9.375,5.5625,9.4375],"tintindex":0,"rotation":0,"texture":"#0"},"up":{"uv":[9.96875,9.125,9.875,9.0625],"tintindex":0,"rotation":0,"texture":"#0"},"down":{"uv":[10.0,0.1875,9.90625,0.25],"tintindex":0,"rotation":0,"texture":"#0"}},"rotation":{"origin":[14.58816,10.251678,-5.21616],"angle":45.0,"axis":"z"}}],"display":{"gui":{"rotation":[-150.0,-45.0,180.0]}},"gui_light":"front"}