{"textures":{"0":"ia:21","particle":"#0"},"elements":[{"from":[2.148159,0.9700203,1.1829414],"to":[13.828159,6.17276,15.588459],"faces":{"east":{"uv":[9.71875,4.125,9.5,4.203125],"tintindex":0,"rotation":0,"texture":"#0"},"south":{"uv":[9.75,6.9375,9.5625,7.015625],"tintindex":0,"rotation":0,"texture":"#0"},"north":{"uv":[9.75,6.84375,9.5625,6.921875],"tintindex":0,"rotation":0,"texture":"#0"},"west":{"uv":[9.6875,8.09375,9.46875,8.171875],"tintindex":0,"rotation":0,"texture":"#0"},"up":{"uv":[8.625,1.8125,8.8125,1.59375],"tintindex":0,"rotation":0,"texture":"#0"},"down":{"uv":[8.625,3.21875,8.8125,3.4375],"tintindex":0,"rotation":0,"texture":"#0"}}},{"from":[12.598679,0.3196602,-6.6589203],"to":[17.801418,5.5224204,-0.25341988],"faces":{"east":{"uv":[9.90625,9.375,9.8125,9.453125],"tintindex":0,"rotation":0,"texture":"#0"},"south":{"uv":[2.265625,9.90625,2.1875,9.984375],"tintindex":0,"rotation":0,"texture":"#0"},"north":{"uv":[1.421875,9.90625,1.34375,9.984375],"tintindex":0,"rotation":0,"texture":"#0"},"west":{"uv":[9.40625,9.8125,9.3125,9.890625],"tintindex":0,"rotation":0,"texture":"#0"},"up":{"uv":[9.40625,9.90625,9.484375,9.8125],"tintindex":0,"rotation":0,"texture":"#0"},"down":{"uv":[9.5,9.8125,9.578125,9.90625],"tintindex":0,"rotation":0,"texture":"#0"}}},{"from":[8.894878,0.3196602,-2.2253208],"to":[14.097641,5.72242,8.180199],"faces":{"east":{"uv":[9.8125,4.90625,9.65625,4.984375],"tintindex":0,"rotation":0,"texture":"#0"},"south":{"uv":[7.328125,9.875,7.25,9.953125],"tintindex":0,"rotation":0,"texture":"#0"},"north":{"uv":[6.859375,9.875,6.78125,9.953125],"tintindex":0,"rotation":0,"texture":"#0"},"west":{"uv":[9.8125,4.0,9.65625,4.078125],"tintindex":0,"rotation":0,"texture":"#0"},"up":{"uv":[4.96875,9.8125,5.046875,9.65625],"tintindex":0,"rotation":0,"texture":"#0"},"down":{"uv":[9.65625,5.0,9.734375,5.15625],"tintindex":0,"rotation":0,"texture":"#0"}},"rotation":{"origin":[10.992798,2.0641403,8.070759],"angle":-22.5,"axis":"y"}},{"from":[-1.8337212,-2.48034,-10.65892],"to":[3.38628,2.7224202,-0.25341988],"faces":{"east":{"uv":[6.71875,9.65625,6.5625,9.734375],"tintindex":0,"rotation":0,"texture":"#0"},"south":{"uv":[4.234375,9.90625,4.15625,9.984375],"tintindex":0,"rotation":0,"texture":"#0"},"north":{"uv":[3.515625,9.90625,3.4375,9.984375],"tintindex":0,"rotation":0,"texture":"#0"},"west":{"uv":[9.8125,6.46875,9.65625,6.546875],"tintindex":0,"rotation":0,"texture":"#0"},"up":{"uv":[9.65625,6.71875,9.734375,6.5625],"tintindex":0,"rotation":0,"texture":"#0"},"down":{"uv":[9.65625,7.125,9.734375,7.28125],"tintindex":0,"rotation":0,"texture":"#0"}},"rotation":{"origin":[0.76763916,0.121040344,-10.65892],"angle":-45.0,"axis":"x"}},{"from":[5.4814396,2.3196602,13.78846],"to":[10.684198,7.5224204,24.193981],"faces":{"east":{"uv":[9.8125,3.625,9.65625,3.703125],"tintindex":0,"rotation":0,"texture":"#0"},"south":{"uv":[9.953125,6.03125,9.875,6.109375],"tintindex":0,"rotation":0,"texture":"#0"},"north":{"uv":[9.953125,5.9375,9.875,6.015625],"tintindex":0,"rotation":0,"texture":"#0"},"west":{"uv":[9.8125,3.53125,9.65625,3.609375],"tintindex":0,"rotation":0,"texture":"#0"},"up":{"uv":[4.0,9.8125,4.078125,9.65625],"tintindex":0,"rotation":0,"texture":"#0"},"down":{"uv":[9.65625,4.75,9.734375,4.90625],"tintindex":0,"rotation":0,"texture":"#0"}}},{"from":[5.3781586,-2.48034,-14.225321],"to":[10.59816,2.7224202,-3.8197994],"faces":{"east":{"uv":[5.78125,9.65625,5.625,9.734375],"tintindex":0,"rotation":0,"texture":"#0"},"south":{"uv":[9.984375,1.15625,9.90625,1.234375],"tintindex":0,"rotation":0,"texture":"#0"},"north":{"uv":[9.953125,9.8125,9.875,9.890625],"tintindex":0,"rotation":0,"texture":"#0"},"west":{"uv":[9.8125,5.5625,9.65625,5.640625],"tintindex":0,"rotation":0,"texture":"#0"},"up":{"uv":[5.0625,9.8125,5.140625,9.65625],"tintindex":0,"rotation":0,"texture":"#0"},"down":{"uv":[5.375,9.65625,5.453125,9.8125],"tintindex":0,"rotation":0,"texture":"#0"}},"rotation":{"origin":[7.9967785,0.121040344,-14.225321],"angle":-45.0,"axis":"x"}},{"from":[1.8786793,0.3196602,-2.2253208],"to":[7.08144,5.72242,8.180199],"faces":{"east":{"uv":[9.8125,7.375,9.65625,7.453125],"tintindex":0,"rotation":0,"texture":"#0"},"south":{"uv":[4.703125,9.90625,4.625,9.984375],"tintindex":0,"rotation":0,"texture":"#0"},"north":{"uv":[4.421875,9.90625,4.34375,9.984375],"tintindex":0,"rotation":0,"texture":"#0"},"west":{"uv":[9.8125,7.28125,9.65625,7.359375],"tintindex":0,"rotation":0,"texture":"#0"},"up":{"uv":[7.40625,9.8125,7.484375,9.65625],"tintindex":0,"rotation":0,"texture":"#0"},"down":{"uv":[7.6875,9.65625,7.765625,9.8125],"tintindex":0,"rotation":0,"texture":"#0"}},"rotation":{"origin":[4.9835186,2.0641403,8.070759],"angle":22.5,"axis":"y"}},{"from":[5.38678,0.3196602,-10.225321],"to":[10.589539,5.5224204,2.1801987],"faces":{"east":{"uv":[9.75,6.75,9.5625,6.828125],"tintindex":0,"rotation":0,"texture":"#0"},"south":{"uv":[9.953125,5.3125,9.875,5.390625],"tintindex":0,"rotation":0,"texture":"#0"},"north":{"uv":[5.359375,9.875,5.28125,9.953125],"tintindex":0,"rotation":0,"texture":"#0"},"west":{"uv":[9.75,5.78125,9.5625,5.859375],"tintindex":0,"rotation":0,"texture":"#0"},"up":{"uv":[3.9375,9.21875,4.015625,9.03125],"tintindex":0,"rotation":0,"texture":"#0"},"down":{"uv":[2.75,9.53125,2.828125,9.71875],"tintindex":0,"rotation":0,"texture":"#0"}}},{"from":[2.1350594,7.38218,-12.3206005],"to":[13.841259,12.58494,-4.91646],"faces":{"east":{"uv":[9.921875,7.6875,9.8125,7.765625],"tintindex":0,"rotation":0,"texture":"#0"},"south":{"uv":[9.75,5.6875,9.5625,5.765625],"tintindex":0,"rotation":0,"texture":"#0"},"north":{"uv":[5.8125,9.5625,5.625,9.640625],"tintindex":0,"rotation":0,"texture":"#0"},"west":{"uv":[7.765625,9.8125,7.65625,9.890625],"tintindex":0,"rotation":0,"texture":"#0"},"up":{"uv":[9.375,6.859375,9.5625,6.75],"tintindex":0,"rotation":0,"texture":"#0"},"down":{"uv":[9.375,6.875,9.5625,6.984375],"tintindex":0,"rotation":0,"texture":"#0"}},"rotation":{"origin":[9.288839,20.476318,2.171341],"angle":-45.0,"axis":"x"}},{"from":[-1.8251,0.3196602,-6.6589203],"to":[3.3776398,5.5224204,-0.25341988],"faces":{"east":{"uv":[9.78125,9.8125,9.6875,9.890625],"tintindex":0,"rotation":0,"texture":"#0"},"south":{"uv":[4.328125,9.90625,4.25,9.984375],"tintindex":0,"rotation":0,"texture":"#0"},"north":{"uv":[9.984375,4.15625,9.90625,4.234375],"tintindex":0,"rotation":0,"texture":"#0"},"west":{"uv":[9.6875,9.8125,9.59375,9.890625],"tintindex":0,"rotation":0,"texture":"#0"},"up":{"uv":[9.78125,9.90625,9.859375,9.8125],"tintindex":0,"rotation":0,"texture":"#0"},"down":{"uv":[0.0,9.84375,0.078125,9.9375],"tintindex":0,"rotation":0,"texture":"#0"}}},{"from":[12.590038,-2.48034,-10.65892],"to":[17.81004,2.7224202,-0.25341988],"faces":{"east":{"uv":[6.375,9.65625,6.21875,9.734375],"tintindex":0,"rotation":0,"texture":"#0"},"south":{"uv":[2.703125,9.90625,2.625,9.984375],"tintindex":0,"rotation":0,"texture":"#0"},"north":{"uv":[2.359375,9.90625,2.28125,9.984375],"tintindex":0,"rotation":0,"texture":"#0"},"west":{"uv":[9.8125,6.125,9.65625,6.203125],"tintindex":0,"rotation":0,"texture":"#0"},"up":{"uv":[6.375,9.8125,6.453125,9.65625],"tintindex":0,"rotation":0,"texture":"#0"},"down":{"uv":[6.46875,9.65625,6.546875,9.8125],"tintindex":0,"rotation":0,"texture":"#0"}},"rotation":{"origin":[15.208679,0.121040344,-10.65892],"angle":-45.0,"axis":"x"}},{"from":[2.1581593,-1.1820002,4.7391586],"to":[13.818161,4.0207605,15.3433],"faces":{"east":{"uv":[4.328125,9.625,4.15625,9.703125],"tintindex":0,"rotation":0,"texture":"#0"},"south":{"uv":[9.75,7.8125,9.5625,7.890625],"tintindex":0,"rotation":0,"texture":"#0"},"north":{"uv":[9.75,7.03125,9.5625,7.109375],"tintindex":0,"rotation":0,"texture":"#0"},"west":{"uv":[3.765625,9.625,3.59375,9.703125],"tintindex":0,"rotation":0,"texture":"#0"},"up":{"uv":[7.875,9.109375,8.0625,8.9375],"tintindex":0,"rotation":0,"texture":"#0"},"down":{"uv":[0.3125,8.96875,0.5,9.140625],"tintindex":0,"rotation":0,"texture":"#0"}},