{"textures":{"0":"ia:21","particle":"#0"},"elements":[{"from":[-10.748951,7.3760395,4.53148],"to":[7.193418,8.532205,5.6876493],"faces":{"east":{"uv":[4.0,9.875,4.078125,9.953125],"tintindex":0,"rotation":0,"texture":"#0"},"south":{"uv":[7.09375,4.65625,8.296875,4.734375],"tintindex":0,"rotation":0,"texture":"#0"},"north":{"uv":[7.03125,2.90625,8.234375,2.984375],"tintindex":0,"rotation":0,"texture":"#0"},"west":{"uv":[9.875,4.53125,9.953125,4.609375],"tintindex":0,"rotation":0,"texture":"#0"},"up":{"uv":[8.390625,5.234375,7.1875,5.15625],"tintindex":0,"rotation":0,"texture":"#0"},"down":{"uv":[8.390625,5.25,7.1875,5.328125],"tintindex":0,"rotation":0,"texture":"#0"}}},{"from":[-10.748951,8.023658,-7.60828],"to":[6.304529,8.068102,29.389093],"faces":{"east":{"uv":[8.28125,0.5,10.875,0.515625],"tintindex":0,"rotation":0,"texture":"#0"},"south":{"uv":[8.9375,0.375,10.140625,0.390625],"tintindex":0,"rotation":0,"texture":"#0"},"north":{"uv":[7.09375,4.75,8.296875,4.765625],"tintindex":0,"rotation":0,"texture":"#0"},"west":{"uv":[8.34375,6.34375,10.9375,6.359375],"tintindex":0,"rotation":0,"texture":"#0"},"up":{"uv":[4.453125,2.59375,3.25,0.0],"tintindex":0,"rotation":0,"texture":"#0"},"down":{"uv":[5.671875,0.0,4.46875,2.59375],"tintindex":0,"rotation":0,"texture":"#0"}}}],"display":{"gui":{"rotation":[-150.0,-45.0,180.0]}},"gui_light":"front"}