{"textures":{"0":"ia:21","particle":"#0"},"elements":[{"from":[7.8941913,7.971429,-15.784029],"to":[29.820095,8.028571,31.784025],"faces":{"east":{"uv":[8.28125,0.5,10.875,0.515625],"tintindex":0,"rotation":0,"texture":"#0"},"south":{"uv":[8.9375,0.375,10.140625,0.390625],"tintindex":0,"rotation":0,"texture":"#0"},"north":{"uv":[7.09375,4.75,8.296875,4.765625],"tintindex":0,"rotation":0,"texture":"#0"},"west":{"uv":[8.34375,6.34375,10.9375,6.359375],"tintindex":0,"rotation":0,"texture":"#0"},"up":{"uv":[5.46875,12.78125,4.265625,10.1875],"tintindex":0,"rotation":0,"texture":"#0"},"down":{"uv":[6.6875,10.1875,5.484375,12.78125],"tintindex":0,"rotation":0,"texture":"#0"}}}],"display":{"gui":{"rotation":[-150.0,-45.0,180.0]}},"gui_light":"front"}