{"textures":{"0":"ia:21","particle":"#0"},"elements":[{"from":[0.71877193,7.8853006,19.75948],"to":[1.1523352,8.091759,31.158289],"faces":{"east":{"uv":[7.59375,3.71875,9.203125,3.75],"tintindex":0,"rotation":0,"texture":"#0"},"south":{"uv":[6.4375,4.78125,6.5,4.8125],"tintindex":0,"rotation":0,"texture":"#0"},"north":{"uv":[6.34375,6.0625,6.40625,6.09375],"tintindex":0,"rotation":0,"texture":"#0"},"west":{"uv":[7.90625,4.5,9.515625,4.53125],"tintindex":0,"rotation":0,"texture":"#0"},"up":{"uv":[4.25,8.609375,4.1875,7.0],"tintindex":0,"rotation":0,"texture":"#0"},"down":{"uv":[5.65625,7.0,5.59375,8.609375],"tintindex":0,"rotation":0,"texture":"#0"}},"rotation":{"origin":[14.139617,7.9197116,18.262318],"angle":-22.5,"axis":"y"}},{"from":[-3.4919434,7.9544787,7.9033957],"to":[8.069735,7.976701,26.402082],"faces":{"east":{"uv":[8.5625,2.9375,11.15625,2.953125],"tintindex":0,"rotation":0,"texture":"#0"},"south":{"uv":[8.90625,2.90625,10.53125,2.921875],"tintindex":0,"rotation":0,"texture":"#0"},"north":{"uv":[8.71875,0.40625,10.34375,0.421875],"tintindex":0,"rotation":0,"texture":"#0"},"west":{"uv":[8.5625,2.96875,11.15625,2.984375],"tintindex":0,"rotation":0,"texture":"#0"},"up":{"uv":[1.625,2.59375,0.0,0.0],"tintindex":0,"rotation":0,"texture":"#0"},"down":{"uv":[3.25,0.0,1.625,2.59375],"tintindex":0,"rotation":0,"texture":"#0"}}},{"from":[7.660977,7.839421,6.4222827],"to":[17.341587,8.183518,7.0003643],"faces":{"east":{"uv":[7.03125,10.03125,7.109375,10.078125],"tintindex":0,"rotation":0,"texture":"#0"},"south":{"uv":[7.90625,4.4375,9.265625,4.484375],"tintindex":0,"rotation":0,"texture":"#0"},"north":{"uv":[7.59375,3.65625,8.953125,3.703125],"tintindex":0,"rotation":0,"texture":"#0"},"west":{"uv":[7.125,10.03125,7.203125,10.078125],"tintindex":0,"rotation":0,"texture":"#0"},"up":{"uv":[8.109375,3.078125,6.75,3.0],"tintindex":0,"rotation":0,"texture":"#0"},"down":{"uv":[8.296875,6.53125,6.9375,6.609375],"tintindex":0,"rotation":0,"texture":"#0"}},"rotation":{"origin":[14.139617,7.9197116,18.262318],"angle":45.0,"axis":"y"}}],"display":{"gui":{"rotation":[-150.0,-45.0,180.0]}},"gui_light":"front"}