{"textures":{"0":"ia:21","particle":"#0"},"elements":[{"from":[0.18489361,7.9606466,0.1929164],"to":[7.989029,7.9892173,23.976944],"faces":{"east":{"uv":[8.5,0.4375,11.09375,0.453125],"tintindex":0,"rotation":0,"texture":"#0"},"south":{"uv":[9.4375,6.25,10.296875,6.265625],"tintindex":0,"rotation":0,"texture":"#0"},"north":{"uv":[7.34375,2.5,8.203125,2.515625],"tintindex":0,"rotation":0,"texture":"#0"},"west":{"uv":[8.5,0.46875,11.09375,0.484375],"tintindex":0,"rotation":0,"texture":"#0"},"up":{"uv":[0.859375,7.78125,0.0,5.1875],"tintindex":0,"rotation":0,"texture":"#0"},"down":{"uv":[1.71875,5.1875,0.875,7.78125],"tintindex":0,"rotation":0,"texture":"#0"}}},{"from":[-7.0909443,7.7330804,9.394511],"to":[4.6152573,8.290521,10.137763],"faces":{"east":{"uv":[8.5625,9.96875,8.640625,10.03125],"tintindex":0,"rotation":0,"texture":"#0"},"south":{"uv":[7.46875,6.375,8.75,6.4375],"tintindex":0,"rotation":0,"texture":"#0"},"north":{"uv":[7.3125,3.75,8.59375,3.8125],"tintindex":0,"rotation":0,"texture":"#0"},"west":{"uv":[8.65625,9.96875,8.734375,10.03125],"tintindex":0,"rotation":0,"texture":"#0"},"up":{"uv":[8.3125,2.609375,7.03125,2.53125],"tintindex":0,"rotation":0,"texture":"#0"},"down":{"uv":[8.3125,2.625,7.03125,2.703125],"tintindex":0,"rotation":0,"texture":"#0"}},"rotation":{"origin":[7.989029,7.915946,13.511532],"angle":-45.0,"axis":"y"}},{"from":[-14.68012,8.017789,0.1929164],"to":[0.18489361,8.046361,23.976944],"faces":{"east":{"uv":[8.5625,2.9375,11.15625,2.953125],"tintindex":0,"rotation":0,"texture":"#0"},"south":{"uv":[8.90625,2.90625,10.53125,2.921875],"tintindex":0,"rotation":0,"texture":"#0"},"north":{"uv":[8.71875,0.40625,10.34375,0.421875],"tintindex":0,"rotation":0,"texture":"#0"},"west":{"uv":[8.5625,2.96875,11.15625,2.984375],"tintindex":0,"rotation":0,"texture":"#0"},"up":{"uv":[1.625,12.8125,0.0,10.21875],"tintindex":0,"rotation":0,"texture":"#0"},"down":{"uv":[3.25,10.21875,1.625,12.8125],"tintindex":0,"rotation":0,"texture":"#0"}}}],"display":{"gui":{"rotation":[-150.0,-45.0,180.0]}},"gui_light":"front"}