{"textures":{"0":"ia:21","particle":"#0"},"elements":[{"from":[10.5984,9.570251,23.757318],"to":[14.5984,11.170252,25.357319],"faces":{"east":{"uv":[10.03125,1.21875,10.09375,1.28125],"tintindex":0,"rotation":0,"texture":"#0"},"south":{"uv":[9.8125,1.75,9.96875,1.8125],"tintindex":0,"rotation":0,"texture":"#0"},"north":{"uv":[9.8125,1.6875,9.96875,1.75],"tintindex":0,"rotation":0,"texture":"#0"},"west":{"uv":[1.28125,10.03125,1.34375,10.09375],"tintindex":0,"rotation":0,"texture":"#0"},"up":{"uv":[9.96875,1.875,9.8125,1.8125],"tintindex":0,"rotation":0,"texture":"#0"},"down":{"uv":[9.96875,1.875,9.8125,1.9375],"tintindex":0,"rotation":0,"texture":"#0"}},"rotation":{"origin":[12.6784,8.370252,-66.88268],"angle":45.0,"axis":"z"}},{"from":[10.8384,5.527307,16.317316],"to":[13.2384,7.127307,17.917316],"faces":{"east":{"uv":[6.90625,10.03125,6.96875,10.09375],"tintindex":0,"rotation":0,"texture":"#0"},"south":{"uv":[8.28125,9.96875,8.375,10.03125],"tintindex":0,"rotation":0,"texture":"#0"},"north":{"uv":[8.1875,9.96875,8.28125,10.03125],"tintindex":0,"rotation":0,"texture":"#0"},"west":{"uv":[6.96875,10.03125,7.03125,10.09375],"tintindex":0,"rotation":0,"texture":"#0"},"up":{"uv":[8.46875,10.03125,8.375,9.96875],"tintindex":0,"rotation":0,"texture":"#0"},"down":{"uv":[8.5625,9.96875,8.46875,10.03125],"tintindex":0,"rotation":0,"texture":"#0"}},"rotation":{"origin":[11.318399,8.327307,-68.72269],"angle":-45.0,"axis":"z"}},{"from":[6.179032,6.4483366,7.939166],"to":[9.820968,10.090265,27.709639],"faces":{"east":{"uv":[6.90625,5.375,7.671875,5.515625],"tintindex":0,"rotation":0,"texture":"#0"},"south":{"uv":[8.59375,9.40625,8.734375,9.546875],"tintindex":0,"rotation":0,"texture":"#0"},"north":{"uv":[8.4375,9.40625,8.578125,9.546875],"tintindex":0,"rotation":0,"texture":"#0"},"west":{"uv":[6.90625,5.53125,7.671875,5.671875],"tintindex":0,"rotation":0,"texture":"#0"},"up":{"uv":[3.640625,7.734375,3.5,6.96875],"tintindex":0,"rotation":0,"texture":"#0"},"down":{"uv":[3.796875,6.96875,3.65625,7.734375],"tintindex":0,"rotation":0,"texture":"#0"}}},{"from":[1.4015999,9.570251,18.157318],"to":[5.4016,11.170252,19.757318],"faces":{"east":{"uv":[3.125,10.03125,3.1875,10.09375],"tintindex":0,"rotation":0,"texture":"#0"},"south":{"uv":[2.9375,9.8125,3.09375,9.875],"tintindex":0,"rotation":0,"texture":"#0"},"north":{"uv":[9.8125,2.6875,9.96875,2.75],"tintindex":0,"rotation":0,"texture":"#0"},"west":{"uv":[3.1875,10.03125,3.25,10.09375],"tintindex":0,"rotation":0,"texture":"#0"},"up":{"uv":[3.25,9.875,3.09375,9.8125],"tintindex":0,"rotation":0,"texture":"#0"},"down":{"uv":[9.96875,3.15625,9.8125,3.21875],"tintindex":0,"rotation":0,"texture":"#0"}},"rotation":{"origin":[3.3216,8.370252,-66.88268],"angle":-45.0,"axis":"z"}},{"from":[2.7616,8.85025,16.317316],"to":[5.1616,10.450251,17.917316],"faces":{"east":{"uv":[3.25,10.03125,3.3125,10.09375],"tintindex":0,"rotation":0,"texture":"#0"},"south":{"uv":[9.96875,4.65625,10.0625,4.71875],"tintindex":0,"rotation":0,"texture":"#0"},"north":{"uv":[9.96875,4.59375,10.0625,4.65625],"tintindex":0,"rotation":0,"texture":"#0"},"west":{"uv":[3.3125,10.03125,3.375,10.09375],"tintindex":0,"rotation":0,"texture":"#0"},"up":{"uv":[10.0625,5.25,9.96875,5.1875],"tintindex":0,"rotation":0,"texture":"#0"},"down":{"uv":[10.0625,5.25,9.96875,5.3125],"tintindex":0,"rotation":0,"texture":"#0"}},"rotation":{"origin":[4.6816,7.6502504,-68.72269],"angle":-45.0,"axis":"z"}},{"from":[2.7616,4.8873076,25.597315],"to":[5.1616,6.4873075,27.197315],"faces":{"east":{"uv":[5.28125,10.03125,5.34375,10.09375],"tintindex":0,"rotation":0,"texture":"#0"},"south":{"uv":[6.78125,9.96875,6.875,10.03125],"tintindex":0,"rotation":0,"texture":"#0"},"north":{"uv":[6.625,9.96875,6.71875,10.03125],"tintindex":0,"rotation":0,"texture":"#0"},"west":{"uv":[5.625,10.03125,5.6875,10.09375],"tintindex":0,"rotation":0,"texture":"#0"},"up":{"uv":[6.96875,10.03125,6.875,9.96875],"tintindex":0,"rotation":0,"texture":"#0"},"down":{"uv":[7.0625,9.96875,6.96875,10.03125],"tintindex":0,"rotation":0,"texture":"#0"}},"rotation":{"origin":[4.6816,7.687308,-65.04269],"angle":45.0,"axis":"z"}},{"from":[2.7616,9.49025,25.597315],"to":[5.1616,11.09025,27.197315],"faces":{"east":{"uv":[2.46875,10.03125,2.53125,10.09375],"tintindex":0,"rotation":0,"texture":"#0"},"south":{"uv":[9.96875,3.9375,10.0625,4.0],"tintindex":0,"rotation":0,"texture":"#0"},"north":{"uv":[9.96875,3.875,10.0625,3.9375],"tintindex":0,"rotation":0,"texture":"#0"},"west":{"uv":[2.53125,10.03125,2.59375,10.09375],"tintindex":0,"rotation":0,"texture":"#0"},"up":{"uv":[4.09375,10.03125,4.0,9.96875],"tintindex":0,"rotation":0,"texture":"#0"},"down":{"uv":[10.0625,4.0,9.96875,4.0625],"tintindex":0,"rotation":0,"texture":"#0"}},"rotation":{"origin":[4.6816,8.29025,-65.04269],"angle":-45.0,"axis":"z"}},{"from":[2.7616,9.49025,19.997314],"to":[5.1616,11.09025,21.597315],"faces":{"east":{"uv":[3.0625,10.03125,3.125,10.09375],"tintindex":0,"rotation":0,"texture":"#0"},"south":{"uv":[9.96875,4.375,10.0625,4.4375],"tintindex":0,"rotation":0,"texture":"#0"},"north":{"uv":[9.96875,4.0625,10.0625,4.125],"tintindex":0,"rotation":0,"texture":"#0"},"west":{"uv":[10.03125,3.0625,10.09375,3.125],"tintindex":0,"rotation":0,"texture":"#0"},"up":{"uv":[4.59375,10.03125,4.5,9.96875],"tintindex":0,"rotation":0,"texture":"#0"},"down":{"uv":[10.0625,4.53125,9.96875,4.59375],"tintindex":0,"rotation":0,"texture":"#0"}},"rotation":{"origin":[4.6816,8.29025,-65.04269],"angle":-45.0,"axis":"z"}},{"from":[10.8384,8.85025,16.317316],"to":[13.2384,10.450251,17.917316],"faces":{"east":{"uv":[0.84375,10.03125,0.90625,10.09375],"tintindex":0,"rotation":0,"texture":"#0"},"south":{"uv":[9.96875,3.0,10.0625,3.0625],"tintindex":0,"rotation":0,"texture":"#0"},"north":{"uv":[9.96875,2.84375,10.0625,2.90625],"tintindex":0,"rotation":0,"texture":"#0"},"west":{"uv":[0.90625,10.03125,0.96875,10.09375],"tintindex":0,"rotation":0,"texture":"#0"},"up":{"uv":[10.0625,3.1875,9.96875,3.125],"tintindex":0,"rotation":0,"texture":"#0"},"down":{"uv":[10.0625,3.1875,9.96875,3.25],"tintindex":0,"rotation":0,"texture":"#0"}},"rotation":{"origin":[11.318399,7.6502504,-68.72269],"angle":45.0,"axis":"z"}},{"from":[10.5984,4.807306,18.157318],"to":[14.5984,6.4073057,19.757318],"faces":{"east":{"uv":[6.59375,10.03125,6.65625,10.09375],"tintindex":0,"rotation":0,"texture":"#0"},"south":{"uv":[3.9375,9.8125,4.09375,9.875],"tintindex":0,"rotation":0,"texture":"#0"},"north":{"uv":[9.8125,3.90625,9.96875,3.96875],"tintindex":0,"rotation":0,"texture":"#0"},"west":{"uv":[6.65625,10.03125,6.71875,10.09375],"tintindex":0,"rotation":0,"texture":"#0"},"up":{"uv":[9.96875,4.03125,9.8125,3.96875],"tintindex":0,"rotation":0,"texture":"#0"},"down":{"uv":[9.96875,4.03125,9.8125,4.09375],"tintindex":0,"rotation":0,"texture":"#0"}},"rotation":{"origin":[12.6784,7.607306,-66.88268],"angle":-45.0,"axis":"z"}},{"from":[2.7616,5.527307,16.317316],"to":[5.1616,7.127307,17.917316],"faces":{"east":{"uv":[3.875,10.03125,3.9375,10.09375],"tintindex":0,"rotation":0,"texture":"#0"},"south":{"uv":[9.96875,5.9375,10.0625,6.0],"tintindex":0,"rotation":0,"texture":"#0"},"north":{"uv":[5.875,9.96875,5.96875,10.03125],"tintindex":0,"rotation":0,"texture":"#0"},"west":{"uv":[3.9375,10.03125,4.0,10.09375],"tintindex":0,"rotation":0,"texture":"#0"},"up":{"uv":[10.0625,6.0625,9.96875,6.0],"tintindex":0,"rotation":0,"texture":"#0"},"down":{"uv":[10.0625,6.0625,9.96875,6.125],"tintindex":0,"rotation":0,"texture":"#0"}},"rotation":{"origin":[4.6816,8.327307,-68.72269],"angle":45.0,"axis":"z"}},{"from":[1.4015999,9.570251,23.757318],"to":[5.4016,11.170252,25.357319],"faces":{"east":{"uv":[1.875,10.03125,1.9375,10.09375],"tintindex":0,"rotation":0,"texture":"#0"},"south":{"uv":[2.03125,9.8125,2.1875,9.875],"tintindex":0,"rotation":0,"texture":"#0"},"north":{"uv":[9.8125,1.9375,9.96875,2.0],"tintindex":0,"rotation":0,"texture":"#0"},"west":{"uv":[10.03125,2.375,10.09375,2.4375],"tintindex":0,"rotation":0,"texture":"#0"},