{"textures":{"0":"ia:21","particle":"#0"},"elements":[{"from":[5.07345,5.073448,7.944145],"to":[10.92655,10.926548,30.055855],"faces":{"east":{"uv":[6.34375,6.625,7.03125,6.8125],"tintindex":0,"rotation":0,"texture":"#0"},"south":{"uv":[8.8125,1.59375,9.0,1.78125],"tintindex":0,"rotation":0,"texture":"#0"},"north":{"uv":[1.5625,8.8125,1.75,9.0],"tintindex":0,"rotation":0,"texture":"#0"},"west":{"uv":[6.65625,2.34375,7.34375,2.53125],"tintindex":0,"rotation":0,"texture":"#0"},"up":{"uv":[4.46875,7.3125,4.28125,6.625],"tintindex":0,"rotation":0,"texture":"#0"},"down":{"uv":[5.875,6.65625,5.6875,7.34375],"tintindex":0,"rotation":0,"texture":"#0"}}}],"display":{"gui":{"rotation":[-150.0,-45.0,180.0]}},"gui_light":"front"}