{"textures":{"0":"ia:23","particle":"#0"},"elements":[{"from":[18.790909,-0.060274124,5.8118315],"to":[18.790909,15.939724,18.81183],"faces":{"east":{"uv":[9.5,7.8125,8.6875,8.8125],"tintindex":0,"rotation":0,"texture":"#0"},"west":{"uv":[8.6875,7.8125,9.5,8.8125],"tintindex":0,"rotation":0,"texture":"#0"}}},{"from":[7.8159094,-6.3741493,-2.6375504],"to":[18.81591,9.625851,10.36245],"faces":{"east":{"uv":[5.75,8.5625,4.9375,9.5625],"tintindex":0,"rotation":0,"texture":"#0"},"south":{"uv":[9.625,2.6875,8.9375,3.6875],"tintindex":0,"rotation":0,"texture":"#0"},"north":{"uv":[9.625,1.625,8.9375,2.625],"tintindex":0,"rotation":0,"texture":"#0"},"west":{"uv":[3.4375,8.1875,2.625,9.1875],"tintindex":0,"rotation":0,"texture":"#0"},"up":{"uv":[8.4375,10.5,9.125,9.6875],"tintindex":0,"rotation":0,"texture":"#0"},"down":{"uv":[2.9375,9.75,3.625,10.5625],"tintindex":0,"rotation":0,"texture":"#0"}},"rotation":{"origin":[13.815909,-0.8741493,5.3624487],"angle":22.5,"axis":"x"}}],"display":{"gui":{"rotation":[-150.0,-45.0,180.0]}},"gui_light":"front"}