{"textures":{"1":"ia:69","particle":"#1"},"elements":[{"from":[13.767059,-2.0,6.1965446],"to":[19.76706,8.0,6.1965446],"faces":{"south":{"uv":[14.0,5.25,14.75,6.5],"tintindex":0,"rotation":0,"texture":"#1"},"north":{"uv":[14.75,5.25,14.0,6.5],"tintindex":0,"rotation":0,"texture":"#1"}},"rotation":{"origin":[16.26706,3.0,6.1965446],"angle":45.0,"axis":"y"}},{"from":[-3.7670593,-2.0,6.1965446],"to":[2.2329402,8.0,6.1965446],"faces":{"south":{"uv":[14.75,5.25,14.0,6.5],"tintindex":0,"rotation":0,"texture":"#1"},"north":{"uv":[14.0,5.25,14.75,6.5],"tintindex":0,"rotation":0,"texture":"#1"}},"rotation":{"origin":[-0.26705933,3.0,6.1965446],"angle":-45.0,"axis":"y"}},{"from":[1.5,-2.0,7.9640183],"to":[14.5,8.0,7.9640183],"faces":{"south":{"uv":[2.75,1.375,4.375,2.625],"tintindex":0,"rotation":0,"texture":"#1"},"north":{"uv":[4.375,1.375,2.75,2.625],"tintindex":0,"rotation":0,"texture":"#1"}}}],"display":{"gui":{"rotation":[-150.0,-45.0,180.0]}},"gui_light":"front"}