{"textures":{"1":"ia:69","particle":"#1"},"elements":[{"from":[1.5,0.116666794,7.9890184],"to":[14.5,8.116667,7.9890184],"faces":{"south":{"uv":[4.5,0.0,6.125,1.0],"tintindex":0,"rotation":0,"texture":"#1"},"north":{"uv":[6.125,0.0,4.5,1.0],"tintindex":0,"rotation":0,"texture":"#1"}}},{"from":[-3.7670593,0.116666794,6.2215443],"to":[2.2329402,8.116667,6.2215443],"faces":{"south":{"uv":[13.375,1.5,12.625,2.5],"tintindex":0,"rotation":0,"texture":"#1"},"north":{"uv":[12.625,1.5,13.375,2.5],"tintindex":0,"rotation":0,"texture":"#1"}},"rotation":{"origin":[-0.26705933,5.116667,6.2215443],"angle":-45.0,"axis":"y"}},{"from":[13.767059,0.116666794,6.2215443],"to":[19.76706,8.116667,6.2215443],"faces":{"south":{"uv":[12.625,1.5,13.375,2.5],"tintindex":0,"rotation":0,"texture":"#1"},"north":{"uv":[13.375,1.5,12.625,2.5],"tintindex":0,"rotation":0,"texture":"#1"}},"rotation":{"origin":[16.26706,5.116667,6.2215443],"angle":45.0,"axis":"y"}}],"display":{"gui":{"rotation":[-150.0,-45.0,180.0]}},"gui_light":"front"}