{"textures":{"1":"ia:69","particle":"#1"},"elements":[{"from":[13.767059,-0.9750004,6.2215443],"to":[19.76706,8.025,6.2215443],"faces":{"south":{"uv":[13.25,9.125,14.0,10.25],"tintindex":0,"rotation":0,"texture":"#1"},"north":{"uv":[14.0,9.125,13.25,10.25],"tintindex":0,"rotation":0,"texture":"#1"}},"rotation":{"origin":[16.26706,4.025,6.2215443],"angle":45.0,"axis":"y"}},{"from":[-3.7670593,-0.9750004,6.2215443],"to":[2.2329402,8.025,6.2215443],"faces":{"south":{"uv":[14.0,9.125,13.25,10.25],"tintindex":0,"rotation":0,"texture":"#1"},"north":{"uv":[13.25,9.125,14.0,10.25],"tintindex":0,"rotation":0,"texture":"#1"}},"rotation":{"origin":[-0.26705933,4.025,6.2215443],"angle":-45.0,"axis":"y"}},{"from":[1.5,-0.9750004,7.9890184],"to":[14.5,8.025,7.9890184],"faces":{"south":{"uv":[0.0,4.0,1.625,5.125],"tintindex":0,"rotation":0,"texture":"#1"},"north":{"uv":[1.625,4.0,0.0,5.125],"tintindex":0,"rotation":0,"texture":"#1"}}}],"display":{"gui":{"rotation":[-150.0,-45.0,180.0]}},"gui_light":"front"}