{"textures":{"0":"ia:21","particle":"#0"},"elements":[{"from":[-0.32345963,0.7627716,9.87212],"to":[8.88346,8.67009,17.77944],"faces":{"east":{"uv":[7.78125,8.15625,8.03125,8.40625],"tintindex":0,"rotation":0,"texture":"#0"},"south":{"uv":[6.8125,7.9375,7.09375,8.1875],"tintindex":0,"rotation":0,"texture":"#0"},"north":{"uv":[7.9375,3.34375,8.21875,3.59375],"tintindex":0,"rotation":0,"texture":"#0"},"west":{"uv":[3.78125,8.1875,4.03125,8.4375],"tintindex":0,"rotation":0,"texture":"#0"},"up":{"uv":[8.25,0.875,7.96875,0.625],"tintindex":0,"rotation":0,"texture":"#0"},"down":{"uv":[4.6875,7.96875,4.40625,8.21875],"tintindex":0,"rotation":0,"texture":"#0"}},"rotation":{"origin":[4.2799997,-0.35323906,7.4759398],"angle":-45.0,"axis":"x"}},{"from":[0.4085598,-6.4280396,5.8245897],"to":[8.15144,6.9165306,12.96016],"faces":{"east":{"uv":[4.25,7.3125,4.46875,7.734375],"tintindex":0,"rotation":0,"texture":"#0"},"south":{"uv":[7.125,0.53125,7.359375,0.953125],"tintindex":0,"rotation":0,"texture":"#0"},"north":{"uv":[7.03125,7.0625,7.265625,7.484375],"tintindex":0,"rotation":0,"texture":"#0"},"west":{"uv":[5.65625,7.34375,5.875,7.765625],"tintindex":0,"rotation":0,"texture":"#0"},"up":{"uv":[4.828125,8.65625,4.59375,8.4375],"tintindex":0,"rotation":0,"texture":"#0"},"down":{"uv":[5.078125,8.4375,4.84375,8.65625],"tintindex":0,"rotation":0,"texture":"#0"}}},{"from":[7.252239,-6.800499,5.9389896],"to":[12.72726,-1.3254795,12.83627],"faces":{"east":{"uv":[8.6875,8.6875,8.90625,8.859375],"tintindex":0,"rotation":0,"texture":"#0"},"south":{"uv":[3.25,9.03125,3.421875,9.203125],"tintindex":0,"rotation":0,"texture":"#0"},"north":{"uv":[6.75,9.0,6.921875,9.171875],"tintindex":0,"rotation":0,"texture":"#0"},"west":{"uv":[8.71875,0.21875,8.9375,0.390625],"tintindex":0,"rotation":0,"texture":"#0"},"up":{"uv":[2.328125,8.9375,2.15625,8.71875],"tintindex":0,"rotation":0,"texture":"#0"},"down":{"uv":[2.515625,8.71875,2.34375,8.9375],"tintindex":0,"rotation":0,"texture":"#0"}},"rotation":{"origin":[4.2799997,1.646761,7.4759398],"angle":-45.0,"axis":"z"}},{"from":[0.9263096,6.067671,2.70652],"to":[2.7276897,10.8012905,4.4401503],"faces":{"east":{"uv":[3.75,9.875,3.796875,10.015625],"tintindex":0,"rotation":0,"texture":"#0"},"south":{"uv":[6.4375,9.8125,6.5,9.953125],"tintindex":0,"rotation":0,"texture":"#0"},"north":{"uv":[5.71875,9.8125,5.78125,9.953125],"tintindex":0,"rotation":0,"texture":"#0"},"west":{"uv":[3.8125,9.875,3.859375,10.015625],"tintindex":0,"rotation":0,"texture":"#0"},"up":{"uv":[10.09375,9.921875,10.03125,9.875],"tintindex":0,"rotation":0,"texture":"#0"},"down":{"uv":[9.96875,10.03125,9.90625,10.078125],"tintindex":0,"rotation":0,"texture":"#0"}},"rotation":{"origin":[8.10784,2.7583714,12.83774],"angle":22.5,"axis":"x"}},{"from":[2.2479305,8.72052,3.5564404],"to":[3.3520699,11.922579,5.36057],"faces":{"east":{"uv":[9.0,9.90625,9.0625,10.0],"tintindex":0,"rotation":0,"texture":"#0"},"south":{"uv":[0.8125,8.09375,0.84375,8.1875],"tintindex":0,"rotation":0,"texture":"#0"},"north":{"uv":[7.6875,5.59375,7.71875,5.6875],"tintindex":0,"rotation":0,"texture":"#0"},"west":{"uv":[9.3125,9.90625,9.375,10.0],"tintindex":0,"rotation":0,"texture":"#0"},"up":{"uv":[8.625,1.53125,8.59375,1.46875],"tintindex":0,"rotation":0,"texture":"#0"},"down":{"uv":[7.3125,8.59375,7.28125,8.65625],"tintindex":0,"rotation":0,"texture":"#0"}},"rotation":{"origin":[2.7999992,11.122072,4.45851],"angle":-22.5,"axis":"x"}},{"from":[2.1979294,11.516439,3.9314604],"to":[3.40207,12.20685,5.59826],"faces":{"east":{"uv":[4.09375,6.59375,4.140625,6.609375],"tintindex":0,"rotation":0,"texture":"#0"},"south":{"uv":[6.84375,4.53125,6.875,4.546875],"tintindex":0,"rotation":0,"texture":"#0"},"north":{"uv":[6.84375,3.09375,6.875,3.109375],"tintindex":0,"rotation":0,"texture":"#0"},"west":{"uv":[6.65625,2.8125,6.703125,2.828125],"tintindex":0,"rotation":0,"texture":"#0"},"up":{"uv":[3.4375,8.796875,3.40625,8.75],"tintindex":0,"rotation":0,"texture":"#0"},"down":{"uv":[4.375,8.75,4.34375,8.796875],"tintindex":0,"rotation":0,"texture":"#0"}},"rotation":{"origin":[2.7999992,11.122072,4.45851],"angle":-45.0,"axis":"x"}},{"from":[2.2425995,9.582762,4.98206],"to":[4.0439796,11.316381,6.71569],"faces":{"east":{"uv":[10.0625,1.96875,10.109375,2.015625],"tintindex":0,"rotation":0,"texture":"#0"},"south":{"uv":[9.96875,10.03125,10.03125,10.078125],"tintindex":0,"rotation":0,"texture":"#0"},"north":{"uv":[10.03125,9.9375,10.09375,9.984375],"tintindex":0,"rotation":0,"texture":"#0"},"west":{"uv":[2.0,10.0625,2.046875,10.109375],"tintindex":0,"rotation":0,"texture":"#0"},"up":{"uv":[10.09375,10.046875,10.03125,10.0],"tintindex":0,"rotation":0,"texture":"#0"},"down":{"uv":[0.0625,10.0625,0.0,10.109375],"tintindex":0,"rotation":0,"texture":"#0"}},"rotation":{"origin":[8.10784,2.7583714,12.83774],"angle":22.5,"axis":"x"}},{"from":[0.6162605,8.634541,7.13517],"to":[2.4176388,10.368162,8.8688],"faces":{"east":{"uv":[10.0625,2.03125,10.109375,2.078125],"tintindex":0,"rotation":0,"texture":"#0"},"south":{"uv":[0.125,10.0625,0.1875,10.109375],"tintindex":0,"rotation":0,"texture":"#0"},"north":{"uv":[0.0625,10.0625,0.125,10.109375],"tintindex":0,"rotation":0,"texture":"#0"},"west":{"uv":[2.0625,10.0625,2.109375,10.109375],"tintindex":0,"rotation":0,"texture":"#0"},"up":{"uv":[0.25,10.109375,0.1875,10.0625],"tintindex":0,"rotation":0,"texture":"#0"},"down":{"uv":[10.125,0.1875,10.0625,0.234375],"tintindex":0,"rotation":0,"texture":"#0"}},"rotation":{"origin":[8.10784,2.7583714,12.83774],"angle":22.5,"axis":"x"}},{"from":[-1.2222195,6.98481,5.5658197],"to":[0.5791588,8.718431,7.29945],"faces":{"east":{"uv":[10.0625,2.09375,10.109375,2.140625],"tintindex":0,"rotation":0,"texture":"#0"},"south":{"uv":[10.0625,0.25,10.125,0.296875],"tintindex":0,"rotation":0,"texture":"#0"},"north":{"uv":[0.25,10.0625,0.3125,10.109375],"tintindex":0,"rotation":0,"texture":"#0"},"west":{"uv":[2.125,10.0625,2.171875,10.109375],"tintindex":0,"rotation":0,"texture":"#0"},"up":{"uv":[0.375,10.109375,0.3125,10.0625],"tintindex":0,"rotation":0,"texture":"#0"},"down":{"uv":[10.125,0.3125,10.0625,0.359375],"tintindex":0,"rotation":0,"texture":"#0"}},"rotation":{"origin":[8.10784,2.7583714,12.83774],"angle":22.5,"axis":"x"}},{"from":[0.5437794,0.49760056,1.34484],"to":[8.01622,4.975931,8.85958],"faces":{"east":{"uv":[2.125,8.9375,2.359375,9.078125],"tintindex":0,"rotation":0,"texture":"#0"},"south":{"uv":[2.375,8.9375,2.609375,9.078125],"tintindex":0,"rotation":0,"texture":"#0"},"north":{"uv":[1.875,8.9375,2.109375,9.078125],"tintindex":0,"rotation":0,"texture":"#0"},"west":{"uv":[8.9375,2.5625,9.171875,2.703125],"tintindex":0,"rotation":0,"texture":"#0"},"up":{"uv":[8.515625,8.546875,8.28125,8.3125],"tintindex":0,"rotation":0,"texture":"#0"},"down":{"uv":[3.203125,8.34375,2.96875,8.578125],"tintindex":0,"rotation":0,"texture":"#0"}},"rotation":{"origin":[4.2799997,-0.35323906,7.4759398],"angle":22.5,"axis":"x"}},{"from":[0.6030998,-5.05649,3.74222],"to":[7.9568996,4.5837307,7.1577997],"faces":{"east":{"uv":[3.125,8.9375,3.234375,9.234375],"tintindex":0,"rotation":0,"texture":"#0"},"south":{"uv":[8.0625,7.78125,8.296875,8.078125],"tintindex":0,"rotation":0,"texture":"#0"},"north":{"uv":[7.09375,8.03125,7.328125,8.328125],"tintindex":0,"rotation":0,"texture":"#0"},"west":{"uv":[3.625,8.9375,3.734375,9.234375],"tintindex":0,"rotation":0,"texture":"#0"},"up":{"uv":[9.453125,0.703125,9.21875,0.59375],"tintindex":0,"rotation":0,"texture":"#0"},"down":{"uv":[1.109375,9.21875,0.875,9.328125],"tintindex":0,"rotation":0,"texture":"#0"}},"rotation":{"origin":[4.2799997,-0.35323906,7.4759398],"angle":-22.5,"axis":"x"}}],"display":{"gui":{"rotation":[-150.0,-45.0,180.0]}},"gui_light":"front"}