{"textures":{"0":"ia:21","particle":"#0"},"elements":[{"from":[5.98104,11.4011,-0.768528],"to":[9.032761,15.00386,4.533539],"faces":{"east":{"uv":[9.46875,4.0,9.640625,4.109375],"tintindex":0,"rotation":0,"texture":"#0"},"south":{"uv":[4.375,9.71875,4.46875,9.828125],"tintindex":0,"rotation":0,"texture":"#0"},"north":{"uv":[4.28125,9.71875,4.375,9.828125],"tintindex":0,"rotation":0,"texture":"#0"},"west":{"uv":[9.46875,7.96875,9.640625,8.078125],"tintindex":0,"rotation":0,"texture":"#0"},"up":{"uv":[7.125,6.796875,7.03125,6.625],"tintindex":0,"rotation":0,"texture":"#0"},"down":{"uv":[5.1875,8.4375,5.09375,8.609375],"tintindex":0,"rotation":0,"texture":"#0"}},"rotation":{"origin":[7.5069,12.490173,6.1486206],"angle":-45.0,"axis":"x"}},{"from":[6.98104,7.3917007,13.59454],"to":[8.03276,9.394463,19.89661],"faces":{"east":{"uv":[9.65625,2.5625,9.859375,2.625],"tintindex":0,"rotation":0,"texture":"#0"},"south":{"uv":[7.03125,8.53125,7.0625,8.59375],"tintindex":0,"rotation":0,"texture":"#0"},"north":{"uv":[8.0,8.5,8.03125,8.5625],"tintindex":0,"rotation":0,"texture":"#0"},"west":{"uv":[9.65625,2.625,9.859375,2.6875],"tintindex":0,"rotation":0,"texture":"#0"},"up":{"uv":[7.03125,8.859375,7.0,8.65625],"tintindex":0,"rotation":0,"texture":"#0"},"down":{"uv":[4.09375,8.6875,4.0625,8.890625],"tintindex":0,"rotation":0,"texture":"#0"}},"rotation":{"origin":[8.654949,7.314762,15.821461],"angle":-22.5,"axis":"x"}},{"from":[5.8810396,4.7884216,5.3989525],"to":[9.132759,8.391182,10.701019],"faces":{"east":{"uv":[9.46875,9.375,9.640625,9.484375],"tintindex":0,"rotation":0,"texture":"#0"},"south":{"uv":[4.71875,9.6875,4.828125,9.796875],"tintindex":0,"rotation":0,"texture":"#0"},"north":{"uv":[9.6875,3.84375,9.796875,3.953125],"tintindex":0,"rotation":0,"texture":"#0"},"west":{"uv":[0.0,9.5,0.171875,9.609375],"tintindex":0,"rotation":0,"texture":"#0"},"up":{"uv":[8.078125,9.640625,7.96875,9.46875],"tintindex":0,"rotation":0,"texture":"#0"},"down":{"uv":[0.296875,9.5,0.1875,9.671875],"tintindex":0,"rotation":0,"texture":"#0"}},"rotation":{"origin":[8.654949,6.1114807,7.6258698],"angle":-22.5,"axis":"x"}},{"from":[5.8810396,3.615471,0.29219055],"to":[9.132759,8.8182335,4.1942596],"faces":{"east":{"uv":[9.4375,5.3125,9.5625,5.46875],"tintindex":0,"rotation":0,"texture":"#0"},"south":{"uv":[9.53125,2.625,9.640625,2.78125],"tintindex":0,"rotation":0,"texture":"#0"},"north":{"uv":[2.625,9.53125,2.734375,9.6875],"tintindex":0,"rotation":0,"texture":"#0"},"west":{"uv":[5.5,9.4375,5.625,9.59375],"tintindex":0,"rotation":0,"texture":"#0"},"up":{"uv":[8.859375,9.71875,8.75,9.59375],"tintindex":0,"rotation":0,"texture":"#0"},"down":{"uv":[8.984375,9.59375,8.875,9.71875],"tintindex":0,"rotation":0,"texture":"#0"}}},{"from":[5.50587,3.6865425,1.0171623],"to":[9.507929,8.889301,4.91922],"faces":{"east":{"uv":[9.4375,3.0,9.5625,3.15625],"tintindex":0,"rotation":0,"texture":"#0"},"south":{"uv":[3.09375,9.4375,3.21875,9.59375],"tintindex":0,"rotation":0,"texture":"#0"},"north":{"uv":[2.96875,9.4375,3.09375,9.59375],"tintindex":0,"rotation":0,"texture":"#0"},"west":{"uv":[4.84375,9.4375,4.96875,9.59375],"tintindex":0,"rotation":0,"texture":"#0"},"up":{"uv":[9.65625,7.28125,9.53125,7.15625],"tintindex":0,"rotation":0,"texture":"#0"},"down":{"uv":[9.65625,7.28125,9.53125,7.40625],"tintindex":0,"rotation":0,"texture":"#0"}},"rotation":{"origin":[5.50587,3.6865425,1.0171623],"angle":45.0,"axis":"x"}},{"from":[7.08104,10.77647,7.263691],"to":[7.93276,12.779232,13.565762],"faces":{"east":{"uv":[9.65625,2.4375,9.859375,2.5],"tintindex":0,"rotation":0,"texture":"#0"},"south":{"uv":[4.375,8.46875,4.40625,8.53125],"tintindex":0,"rotation":0,"texture":"#0"},"north":{"uv":[6.78125,8.375,6.8125,8.4375],"tintindex":0,"rotation":0,"texture":"#0"},"west":{"uv":[9.65625,2.5,9.859375,2.5625],"tintindex":0,"rotation":0,"texture":"#0"},"up":{"uv":[1.90625,8.765625,1.875,8.5625],"tintindex":0,"rotation":0,"texture":"#0"},"down":{"uv":[5.09375,8.65625,5.0625,8.859375],"tintindex":0,"rotation":0,"texture":"#0"}},"rotation":{"origin":[7.5069,12.490173,6.1486206],"angle":-45.0,"axis":"x"}},{"from":[6.48104,6.3917007,9.59454],"to":[8.532761,9.394463,14.89661],"faces":{"east":{"uv":[9.53125,5.9375,9.703125,6.03125],"tintindex":0,"rotation":0,"texture":"#0"},"south":{"uv":[7.65625,9.90625,7.71875,10.0],"tintindex":0,"rotation":0,"texture":"#0"},"north":{"uv":[7.59375,9.90625,7.65625,10.0],"tintindex":0,"rotation":0,"texture":"#0"},"west":{"uv":[9.53125,6.03125,9.703125,6.125],"tintindex":0,"rotation":0,"texture":"#0"},"up":{"uv":[4.46875,9.359375,4.40625,9.1875],"tintindex":0,"rotation":0,"texture":"#0"},"down":{"uv":[4.15625,9.65625,4.09375,9.828125],"tintindex":0,"rotation":0,"texture":"#0"}}},{"from":[6.58104,11.1917,3.694542],"to":[8.43276,14.194462,8.996613],"faces":{"east":{"uv":[9.53125,4.65625,9.703125,4.75],"tintindex":0,"rotation":0,"texture":"#0"},"south":{"uv":[7.53125,9.90625,7.59375,10.0],"tintindex":0,"rotation":0,"texture":"#0"},"north":{"uv":[9.90625,7.4375,9.96875,7.53125],"tintindex":0,"rotation":0,"texture":"#0"},"west":{"uv":[9.53125,5.21875,9.703125,5.3125],"tintindex":0,"rotation":0,"texture":"#0"},"up":{"uv":[8.4375,1.734375,8.375,1.5625],"tintindex":0,"rotation":0,"texture":"#0"},"down":{"uv":[1.75,9.0,1.6875,9.171875],"tintindex":0,"rotation":0,"texture":"#0"}},"rotation":{"origin":[7.5069,12.490173,6.1486206],"angle":-22.5,"axis":"x"}}],"display":{"gui":{"rotation":[-150.0,-45.0,180.0]}},"gui_light":"front"}