{"textures":{"0":"ia:21","particle":"#0"},"elements":[{"from":[7.7322845,5.638645,5.713215],"to":[9.533665,10.372265,7.446846],"faces":{"east":{"uv":[3.5625,9.875,3.609375,10.015625],"tintindex":0,"rotation":0,"texture":"#0"},"south":{"uv":[5.65625,9.8125,5.71875,9.953125],"tintindex":0,"rotation":0,"texture":"#0"},"north":{"uv":[3.25,9.8125,3.3125,9.953125],"tintindex":0,"rotation":0,"texture":"#0"},"west":{"uv":[3.625,9.875,3.671875,10.015625],"tintindex":0,"rotation":0,"texture":"#0"},"up":{"uv":[10.09375,9.796875,10.03125,9.75],"tintindex":0,"rotation":0,"texture":"#0"},"down":{"uv":[10.09375,9.8125,10.03125,9.859375],"tintindex":0,"rotation":0,"texture":"#0"}},"rotation":{"origin":[8.0,8.0,8.0],"angle":45.0,"axis":"y"}},{"from":[6.7423344,8.030754,8.908131],"to":[8.543715,9.764374,10.641762],"faces":{"east":{"uv":[10.0625,1.71875,10.109375,1.765625],"tintindex":0,"rotation":0,"texture":"#0"},"south":{"uv":[8.78125,10.03125,8.84375,10.078125],"tintindex":0,"rotation":0,"texture":"#0"},"north":{"uv":[8.71875,10.03125,8.78125,10.078125],"tintindex":0,"rotation":0,"texture":"#0"},"west":{"uv":[1.78125,10.0625,1.828125,10.109375],"tintindex":0,"rotation":0,"texture":"#0"},"up":{"uv":[8.90625,10.078125,8.84375,10.03125],"tintindex":0,"rotation":0,"texture":"#0"},"down":{"uv":[10.09375,9.0625,10.03125,9.109375],"tintindex":0,"rotation":0,"texture":"#0"}},"rotation":{"origin":[8.0,8.0,8.0],"angle":45.0,"axis":"y"}},{"from":[5.1159945,8.978977,6.75502],"to":[6.9173746,10.712597,8.488651],"faces":{"east":{"uv":[10.0625,1.78125,10.109375,1.828125],"tintindex":0,"rotation":0,"texture":"#0"},"south":{"uv":[10.03125,9.4375,10.09375,9.484375],"tintindex":0,"rotation":0,"texture":"#0"},"north":{"uv":[10.03125,9.25,10.09375,9.296875],"tintindex":0,"rotation":0,"texture":"#0"},"west":{"uv":[10.0625,1.84375,10.109375,1.890625],"tintindex":0,"rotation":0,"texture":"#0"},"up":{"uv":[10.09375,9.546875,10.03125,9.5],"tintindex":0,"rotation":0,"texture":"#0"},"down":{"uv":[10.09375,9.5625,10.03125,9.609375],"tintindex":0,"rotation":0,"texture":"#0"}},"rotation":{"origin":[8.0,8.0,8.0],"angle":45.0,"axis":"y"}}],"display":{"gui":{"rotation":[-150.0,-45.0,180.0]}},"gui_light":"front"}