{"textures":{"0":"ia:21","particle":"#0"},"elements":[{"from":[0.52103996,0.62942886,4.31471],"to":[15.47896,14.93701,12.11885],"faces":{"east":{"uv":[6.875,1.28125,7.125,1.734375],"tintindex":0,"rotation":0,"texture":"#0"},"south":{"uv":[5.6875,4.65625,6.15625,5.109375],"tintindex":0,"rotation":0,"texture":"#0"},"north":{"uv":[5.6875,4.1875,6.15625,4.640625],"tintindex":0,"rotation":0,"texture":"#0"},"west":{"uv":[6.9375,6.0625,7.1875,6.515625],"tintindex":0,"rotation":0,"texture":"#0"},"up":{"uv":[7.28125,4.53125,6.8125,4.28125],"tintindex":0,"rotation":0,"texture":"#0"},"down":{"uv":[7.125,6.8125,6.65625,7.0625],"tintindex":0,"rotation":0,"texture":"#0"}}},{"from":[-2.0803404,-0.67126274,12.11885],"to":[18.080341,16.2377,26.42643],"faces":{"east":{"uv":[5.6875,3.125,6.140625,3.65625],"tintindex":0,"rotation":0,"texture":"#0"},"south":{"uv":[5.6875,0.53125,6.3125,1.0625],"tintindex":0,"rotation":0,"texture":"#0"},"north":{"uv":[5.6875,0.0,6.3125,0.53125],"tintindex":0,"rotation":0,"texture":"#0"},"west":{"uv":[5.6875,3.65625,6.140625,4.1875],"tintindex":0,"rotation":0,"texture":"#0"},"up":{"uv":[6.3125,1.515625,5.6875,1.0625],"tintindex":0,"rotation":0,"texture":"#0"},"down":{"uv":[6.3125,1.53125,5.6875,1.984375],"tintindex":0,"rotation":0,"texture":"#0"}}}],"display":{"gui":{"rotation":[-150.0,-45.0,180.0]}},"gui_light":"front"}