{"textures":{"0":"ia:21","particle":"#0"},"elements":[{"from":[7.02448,6.07573,-1.0446396],"to":[8.97552,8.02677,2.5070796],"faces":{"east":{"uv":[8.625,1.09375,8.734375,1.15625],"tintindex":0,"rotation":0,"texture":"#0"},"south":{"uv":[2.75,10.0,2.8125,10.0625],"tintindex":0,"rotation":0,"texture":"#0"},"north":{"uv":[2.6875,10.0,2.75,10.0625],"tintindex":0,"rotation":0,"texture":"#0"},"west":{"uv":[8.71875,6.625,8.828125,6.6875],"tintindex":0,"rotation":0,"texture":"#0"},"up":{"uv":[1.21875,9.953125,1.15625,9.84375],"tintindex":0,"rotation":0,"texture":"#0"},"down":{"uv":[9.90625,1.15625,9.84375,1.265625],"tintindex":0,"rotation":0,"texture":"#0"}}},{"from":[9.57448,4.95441,2.5190597],"to":[11.62552,6.90545,5.77079],"faces":{"east":{"uv":[2.1875,9.84375,2.296875,9.90625],"tintindex":0,"rotation":0,"texture":"#0"},"south":{"uv":[4.15625,10.0,4.21875,10.0625],"tintindex":0,"rotation":0,"texture":"#0"},"north":{"uv":[10.0,4.125,10.0625,4.1875],"tintindex":0,"rotation":0,"texture":"#0"},"west":{"uv":[2.3125,9.84375,2.421875,9.90625],"tintindex":0,"rotation":0,"texture":"#0"},"up":{"uv":[2.5,9.953125,2.4375,9.84375],"tintindex":0,"rotation":0,"texture":"#0"},"down":{"uv":[2.5625,9.84375,2.5,9.953125],"tintindex":0,"rotation":0,"texture":"#0"}},"rotation":{"origin":[8.0,6.0121202,1.4135003],"angle":-45.0,"axis":"x"}},{"from":[4.4244804,6.07573,-0.64463997],"to":[6.3755207,8.02677,2.9070802],"faces":{"east":{"uv":[9.84375,3.0,9.953125,3.0625],"tintindex":0,"rotation":0,"texture":"#0"},"south":{"uv":[4.28125,10.0,4.34375,10.0625],"tintindex":0,"rotation":0,"texture":"#0"},"north":{"uv":[10.0,4.25,10.0625,4.3125],"tintindex":0,"rotation":0,"texture":"#0"},"west":{"uv":[9.84375,4.09375,9.953125,4.15625],"tintindex":0,"rotation":0,"texture":"#0"},"up":{"uv":[3.4375,9.953125,3.375,9.84375],"tintindex":0,"rotation":0,"texture":"#0"},"down":{"uv":[3.75,9.84375,3.6875,9.953125],"tintindex":0,"rotation":0,"texture":"#0"}}},{"from":[6.9744797,7.78284,-0.8750496],"to":[9.02552,9.73388,2.37668],"faces":{"east":{"uv":[6.03125,5.125,6.140625,5.1875],"tintindex":0,"rotation":0,"texture":"#0"},"south":{"uv":[2.625,10.0,2.6875,10.0625],"tintindex":0,"rotation":0,"texture":"#0"},"north":{"uv":[10.0,2.59375,10.0625,2.65625],"tintindex":0,"rotation":0,"texture":"#0"},"west":{"uv":[2.96875,8.28125,3.078125,8.34375],"tintindex":0,"rotation":0,"texture":"#0"},"up":{"uv":[1.6875,9.546875,1.625,9.4375],"tintindex":0,"rotation":0,"texture":"#0"},"down":{"uv":[5.6875,9.4375,5.625,9.546875],"tintindex":0,"rotation":0,"texture":"#0"}},"rotation":{"origin":[8.0,6.0121202,1.4135003],"angle":-45.0,"axis":"x"}},{"from":[9.57448,7.49999,-0.59221077],"to":[11.62552,9.45103,2.6595197],"faces":{"east":{"uv":[9.375,9.0625,9.484375,9.125],"tintindex":0,"rotation":0,"texture":"#0"},"south":{"uv":[3.0,10.0,3.0625,10.0625],"tintindex":0,"rotation":0,"texture":"#0"},"north":{"uv":[2.9375,10.0,3.0,10.0625],"tintindex":0,"rotation":0,"texture":"#0"},"west":{"uv":[1.34375,9.84375,1.453125,9.90625],"tintindex":0,"rotation":0,"texture":"#0"},"up":{"uv":[1.6875,9.953125,1.625,9.84375],"tintindex":0,"rotation":0,"texture":"#0"},"down":{"uv":[1.75,9.84375,1.6875,9.953125],"tintindex":0,"rotation":0,"texture":"#0"}},"rotation":{"origin":[8.0,6.0121202,1.4135003],"angle":-45.0,"axis":"x"}},{"from":[5.3986206,6.4253902,2.5070796],"to":[10.60138,8.37642,7.01052],"faces":{"east":{"uv":[9.8125,4.375,9.953125,4.4375],"tintindex":0,"rotation":0,"texture":"#0"},"south":{"uv":[9.75,5.0,9.90625,5.0625],"tintindex":0,"rotation":0,"texture":"#0"},"north":{"uv":[9.75,4.84375,9.90625,4.90625],"tintindex":0,"rotation":0,"texture":"#0"},"west":{"uv":[9.8125,5.40625,9.953125,5.46875],"tintindex":0,"rotation":0,"texture":"#0"},"up":{"uv":[4.15625,9.515625,4.0,9.375],"tintindex":0,"rotation":0,"texture":"#0"},"down":{"uv":[4.5625,9.375,4.40625,9.515625],"tintindex":0,"rotation":0,"texture":"#0"}}},{"from":[6.9744797,5.23725,2.23622],"to":[9.02552,7.18829,5.48795],"faces":{"east":{"uv":[8.90625,8.8125,9.015625,8.875],"tintindex":0,"rotation":0,"texture":"#0"},"south":{"uv":[2.875,10.0,2.9375,10.0625],"tintindex":0,"rotation":0,"texture":"#0"},"north":{"uv":[2.8125,10.0,2.875,10.0625],"tintindex":0,"rotation":0,"texture":"#0"},"west":{"uv":[9.09375,8.46875,9.203125,8.53125],"tintindex":0,"rotation":0,"texture":"#0"},"up":{"uv":[1.28125,9.953125,1.21875,9.84375],"tintindex":0,"rotation":0,"texture":"#0"},"down":{"uv":[1.34375,9.84375,1.28125,9.953125],"tintindex":0,"rotation":0,"texture":"#0"}},"rotation":{"origin":[8.0,6.0121202,1.4135003],"angle":-45.0,"axis":"x"}},{"from":[4.3744793,7.49999,-0.59221077],"to":[6.42552,9.45103,2.6595197],"faces":{"east":{"uv":[9.84375,2.75,9.953125,2.8125],"tintindex":0,"rotation":0,"texture":"#0"},"south":{"uv":[4.21875,10.0,4.28125,10.0625],"tintindex":0,"rotation":0,"texture":"#0"},"north":{"uv":[10.0,4.1875,10.0625,4.25],"tintindex":0,"rotation":0,"texture":"#0"},"west":{"uv":[9.84375,2.8125,9.953125,2.875],"tintindex":0,"rotation":0,"texture":"#0"},"up":{"uv":[2.625,9.953125,2.5625,9.84375],"tintindex":0,"rotation":0,"texture":"#0"},"down":{"uv":[3.375,9.84375,3.3125,9.953125],"tintindex":0,"rotation":0,"texture":"#0"}},"rotation":{"origin":[8.0,6.0121202,1.4135003],"angle":-45.0,"axis":"x"}},{"from":[5.44862,1.8247099,5.56614],"to":[10.55138,3.7757397,8.66958],"faces":{"east":{"uv":[9.375,9.90625,9.46875,9.96875],"tintindex":0,"rotation":0,"texture":"#0"},"south":{"uv":[5.625,9.75,5.78125,9.8125],"tintindex":0,"rotation":0,"texture":"#0"},"north":{"uv":[9.75,5.0625,9.90625,5.125],"tintindex":0,"rotation":0,"texture":"#0"},"west":{"uv":[9.90625,9.375,10.0,9.4375],"tintindex":0,"rotation":0,"texture":"#0"},"up":{"uv":[9.75,0.28125,9.59375,0.1875],"tintindex":0,"rotation":0,"texture":"#0"},"down":{"uv":[1.28125,9.59375,1.125,9.6875],"tintindex":0,"rotation":0,"texture":"#0"}},"rotation":{"origin":[8.0,6.0121202,1.4135003],"angle":-45.0,"axis":"x"}},{"from":[9.62448,6.07573,-0.64463997],"to":[11.57552,8.02677,2.9070802],"faces":{"east":{"uv":[9.84375,2.0,9.953125,2.0625],"tintindex":0,"rotation":0,"texture":"#0"},"south":{"uv":[3.46875,10.0,3.53125,10.0625],"tintindex":0,"rotation":0,"texture":"#0"},"north":{"uv":[3.40625,10.0,3.46875,10.0625],"tintindex":0,"rotation":0,"texture":"#0"},"west":{"uv":[9.84375,2.0625,9.953125,2.125],"tintindex":0,"rotation":0,"texture":"#0"},"up":{"uv":[1.8125,9.953125,1.75,9.84375],"tintindex":0,"rotation":0,"texture":"#0"},"down":{"uv":[2.0,9.84375,1.9375,9.953125],"tintindex":0,"rotation":0,"texture":"#0"}}},{"from":[4.3744793,4.95441,2.5190597],"to":[6.42552,6.90545,5.77079],"faces":{"east":{"uv":[4.25,9.84375,4.359375,9.90625],"tintindex":0,"rotation":0,"texture":"#0"},"south":{"uv":[4.40625,10.0,4.46875,10.0625],"tintindex":0,"rotation":0,"texture":"#0"},"north":{"uv":[4.34375,10.0,4.40625,10.0625],"tintindex":0,"rotation":0,"texture":"#0"},"west":{"uv":[4.375,9.84375,4.484375,9.90625],"tintindex":0,"rotation":0,"texture":"#0"},"up":{"uv":[4.15625,9.953125,4.09375,9.84375],"tintindex":0,"rotation":0,"texture":"#0"},"down":{"uv":[4.5625,9.84375,4.5,9.953125],"tintindex":0,"rotation":0,"texture":"#0"}},"rotation":{"origin":[8.0,6.0121202,1.4135003],"angle":-45.0,"axis":"x"}}],"display":{"gui":{"rotation":[-150.0,-45.0,180.0]}},"gui_light":"front"}