{"textures":{"0":"ia:21","particle":"#0"},"elements":[{"from":[3.37811,9.055531,-0.2748413],"to":[10.51789,14.037552,3.3386002],"faces":{"east":{"uv":[5.375,9.5,5.484375,9.65625],"tintindex":0,"rotation":0,"texture":"#0"},"south":{"uv":[4.71875,8.84375,4.9375,9.0],"tintindex":0,"rotation":0,"texture":"#0"},"north":{"uv":[4.5,8.84375,4.71875,9.0],"tintindex":0,"rotation":0,"texture":"#0"},"west":{"uv":[9.34375,9.5,9.453125,9.65625],"tintindex":0,"rotation":0,"texture":"#0"},"up":{"uv":[9.53125,0.984375,9.3125,0.875],"tintindex":0,"rotation":0,"texture":"#0"},"down":{"uv":[1.34375,9.3125,1.125,9.421875],"tintindex":0,"rotation":0,"texture":"#0"}}},{"from":[4.4592,8.76675,-9.413582],"to":[7.26334,11.968811,-6.6094513],"faces":{"east":{"uv":[9.8125,4.1875,9.90625,4.28125],"tintindex":0,"rotation":0,"texture":"#0"},"south":{"uv":[4.6875,9.8125,4.78125,9.90625],"tintindex":0,"rotation":0,"texture":"#0"},"north":{"uv":[4.15625,9.8125,4.25,9.90625],"tintindex":0,"rotation":0,"texture":"#0"},"west":{"uv":[4.78125,9.8125,4.875,9.90625],"tintindex":0,"rotation":0,"texture":"#0"},"up":{"uv":[4.96875,9.90625,4.875,9.8125],"tintindex":0,"rotation":0,"texture":"#0"},"down":{"uv":[9.90625,4.90625,9.8125,5.0],"tintindex":0,"rotation":0,"texture":"#0"}},"rotation":{"origin":[4.91127,10.668301,-7.5115204],"angle":22.5,"axis":"z"}},{"from":[7.9959297,10.52375,-5.285122],"to":[9.10007,13.725811,-3.4809914],"faces":{"east":{"uv":[3.75,8.9375,3.8125,9.03125],"tintindex":0,"rotation":0,"texture":"#0"},"south":{"uv":[4.25,7.21875,4.28125,7.3125],"tintindex":0,"rotation":0,"texture":"#0"},"north":{"uv":[4.15625,6.53125,4.1875,6.625],"tintindex":0,"rotation":0,"texture":"#0"},"west":{"uv":[5.6875,8.9375,5.75,9.03125],"tintindex":0,"rotation":0,"texture":"#0"},"up":{"uv":[7.28125,7.65625,7.25,7.59375],"tintindex":0,"rotation":0,"texture":"#0"},"down":{"uv":[7.75,5.96875,7.71875,6.03125],"tintindex":0,"rotation":0,"texture":"#0"}},"rotation":{"origin":[7.448,12.425301,-5.3830605],"angle":45.0,"axis":"x"}},{"from":[3.4281101,6.209381,-6.657551],"to":[10.46789,9.822823,-1.6755295],"faces":{"east":{"uv":[7.28125,9.5,7.4375,9.609375],"tintindex":0,"rotation":0,"texture":"#0"},"south":{"uv":[9.28125,9.25,9.5,9.359375],"tintindex":0,"rotation":0,"texture":"#0"},"north":{"uv":[9.28125,9.125,9.5,9.234375],"tintindex":0,"rotation":0,"texture":"#0"},"west":{"uv":[9.5,9.15625,9.65625,9.265625],"tintindex":0,"rotation":0,"texture":"#0"},"up":{"uv":[9.0625,3.90625,8.84375,3.75],"tintindex":0,"rotation":0,"texture":"#0"},"down":{"uv":[9.0625,3.90625,8.84375,4.0625],"tintindex":0,"rotation":0,"texture":"#0"}},"rotation":{"origin":[6.948,4.2255707,1.6214294],"angle":45.0,"axis":"x"}},{"from":[3.9959297,1.7237511,-12.485119],"to":[9.90007,6.925812,-9.680988],"faces":{"east":{"uv":[0.375,9.59375,0.46875,9.75],"tintindex":0,"rotation":0,"texture":"#0"},"south":{"uv":[8.15625,9.03125,8.34375,9.1875],"tintindex":0,"rotation":0,"texture":"#0"},"north":{"uv":[6.40625,9.03125,6.59375,9.1875],"tintindex":0,"rotation":0,"texture":"#0"},"west":{"uv":[0.46875,9.59375,0.5625,9.75],"tintindex":0,"rotation":0,"texture":"#0"},"up":{"uv":[7.90625,4.25,7.71875,4.15625],"tintindex":0,"rotation":0,"texture":"#0"},"down":{"uv":[8.5625,7.6875,8.375,7.78125],"tintindex":0,"rotation":0,"texture":"#0"}},"rotation":{"origin":[6.898,1.5904808,1.0433884],"angle":22.5,"axis":"x"}},{"from":[1.2847638,10.54554,-1.1655197],"to":[3.6902733,12.9972725,4.4358597],"faces":{"east":{"uv":[5.1875,9.625,5.359375,9.703125],"tintindex":0,"rotation":0,"texture":"#0"},"south":{"uv":[9.90625,6.125,9.984375,6.203125],"tintindex":0,"rotation":0,"texture":"#0"},"north":{"uv":[6.0625,9.90625,6.140625,9.984375],"tintindex":0,"rotation":0,"texture":"#0"},"west":{"uv":[9.625,6.375,9.796875,6.453125],"tintindex":0,"rotation":0,"texture":"#0"},"up":{"uv":[9.328125,9.765625,9.25,9.59375],"tintindex":0,"rotation":0,"texture":"#0"},"down":{"uv":[0.953125,9.625,0.875,9.796875],"tintindex":0,"rotation":0,"texture":"#0"}}},{"from":[1.8162713,9.987244,-3.0474052],"to":[3.5176516,12.438961,0.3581047],"faces":{"east":{"uv":[8.390625,9.8125,8.28125,9.890625],"tintindex":0,"rotation":0,"texture":"#0"},"south":{"uv":[7.890625,10.03125,7.84375,10.109375],"tintindex":0,"rotation":0,"texture":"#0"},"north":{"uv":[7.828125,10.03125,7.78125,10.109375],"tintindex":0,"rotation":0,"texture":"#0"},"west":{"uv":[8.265625,9.8125,8.15625,9.890625],"tintindex":0,"rotation":0,"texture":"#0"},"up":{"uv":[3.6875,10.078125,3.734375,9.96875],"tintindex":0,"rotation":0,"texture":"#0"},"down":{"uv":[4.09375,9.96875,4.140625,10.078125],"tintindex":0,"rotation":0,"texture":"#0"}},"rotation":{"origin":[2.6669612,11.2131,-1.3446503],"angle":-45.0,"axis":"y"}},{"from":[4.7459297,13.498802,-5.7195816],"to":[5.95007,14.189213,-4.05278],"faces":{"east":{"uv":[3.96875,6.59375,4.015625,6.609375],"tintindex":0,"rotation":0,"texture":"#0"},"south":{"uv":[6.8125,5.65625,6.84375,5.671875],"tintindex":0,"rotation":0,"texture":"#0"},"north":{"uv":[6.8125,4.53125,6.84375,4.546875],"tintindex":0,"rotation":0,"texture":"#0"},"west":{"uv":[4.03125,6.59375,4.078125,6.609375],"tintindex":0,"rotation":0,"texture":"#0"},"up":{"uv":[7.5,8.765625,7.46875,8.71875],"tintindex":0,"rotation":0,"texture":"#0"},"down":{"uv":[8.6875,8.71875,8.65625,8.765625],"tintindex":0,"rotation":0,"texture":"#0"}},"rotation":{"origin":[6.498,10.400871,-7.353302],"angle":22.5,"axis":"x"}},{"from":[1.7962799,0.9010105,-2.426529],"to":[12.09972,5.2023926,4.02726],"faces":{"east":{"uv":[2.03125,9.09375,2.234375,9.234375],"tintindex":0,"rotation":0,"texture":"#0"},"south":{"uv":[8.5625,7.84375,8.890625,7.984375],"tintindex":0,"rotation":0,"texture":"#0"},"north":{"uv":[8.5625,7.6875,8.890625,7.828125],"tintindex":0,"rotation":0,"texture":"#0"},"west":{"uv":[9.09375,2.0625,9.296875,2.203125],"tintindex":0,"rotation":0,"texture":"#0"},"up":{"uv":[8.421875,5.078125,8.09375,4.875],"tintindex":0,"rotation":0,"texture":"#0"},"down":{"uv":[8.390625,8.09375,8.0625,8.296875],"tintindex":0,"rotation":0,"texture":"#0"}}},{"from":[3.4281101,9.70179,2.4761696],"to":[10.46789,14.683811,6.089611],"faces":{"east":{"uv":[9.46875,9.5,9.578125,9.65625],"tintindex":0,"rotation":0,"texture":"#0"},"south":{"uv":[8.84375,6.625,9.0625,6.78125],"tintindex":0,"rotation":0,"texture":"#0"},"north":{"uv":[5.34375,8.84375,5.5625,9.0],"tintindex":0,"rotation":0,"texture":"#0"},"west":{"uv":[9.53125,0.84375,9.640625,1.0],"tintindex":0,"rotation":0,"texture":"#0"},"up":{"uv":[1.5625,9.421875,1.34375,9.3125],"tintindex":0,"rotation":0,"texture":"#0"},"down":{"uv":[9.53125,1.71875,9.3125,1.828125],"tintindex":0,"rotation":0,"texture":"#0"}},"rotation":{"origin":[6.948,12.192802,1.2828903],"angle":22.5,"axis":"x"}},{"from":[5.548,10.69706,-10.067299],"to":[8.348,13.497063,-7.2672997],"faces":{"east":{"uv":[5.0625,9.8125,5.15625,9.90625],"tintindex":0,"rotation":0,"texture":"#0"},"south":{"uv":[5.375,9.8125,5.46875,9.90625],"tintindex":0,"rotation":0,"texture":"#0"},"north":{"uv":[4.96875,9.8125,5.0625,9.90625],"tintindex":0,"rotation":0,"texture":"#0"},"west":{"uv":[5.46875,9.8125,5.5625,9.90625],"tintindex":0,"rotation":0,"texture":"#0"},"up":{"uv":[5.65625,9.90625,5.5625,9.8125],"tintindex":0,"rotation":0,"texture":"#0"},"down":{"uv":[9.90625,5.5625,9.8125,5.65625],"tintindex":0,"rotation":0,"texture":"#0"}},"rotation":{"origin":[6.948,12.097061,-8.667301],"angle":22.5,"axis":"x"}},{"from":[4.04593,6.458843,-8.307079],"to":[9.85007,11.26091,-2.102951],"faces":{"east":{"uv":[9.03125,4.9375,9.21875,5.09375],"tintindex":0,"rotation":0,"texture":"#0"},"south":{"uv":[5.6875,9.03125,5.875,9.1875],"tintindex":0,"rotation":0,"texture":"#0"},"north":{"uv":[4.15625,9.03125,4.34375,9.1875],"tintindex":0,"rotation":0,"texture":"#0"},"west":{"uv":[6.21875,9.03125,6.40625,9.1875],"tintindex":0,"rotation":0,"texture":"#0"},"up":{"uv":[2.90625,8.9375,2.71875,8.75],"tintindex":0,"rotation":0,"texture":"#0"},"down":{"uv":[3.09375,8.75,2.90625,8.9375],"tintindex":0,"rotation":0,