{"textures":{"0":"ia:21","particle":"#0"},"elements":[{"from":[-0.4074297,7.855479,6.5800543],"to":[8.30512,8.165167,7.100328],"faces":{"east":{"uv":[7.203125,10.03125,7.125,10.078125],"tintindex":0,"rotation":0,"texture":"#0"},"south":{"uv":[9.265625,4.4375,7.90625,4.484375],"tintindex":0,"rotation":0,"texture":"#0"},"north":{"uv":[8.953125,3.65625,7.59375,3.703125],"tintindex":0,"rotation":0,"texture":"#0"},"west":{"uv":[7.109375,10.03125,7.03125,10.078125],"tintindex":0,"rotation":0,"texture":"#0"},"up":{"uv":[6.75,3.078125,8.109375,3.0],"tintindex":0,"rotation":0,"texture":"#0"},"down":{"uv":[6.9375,6.53125,8.296875,6.609375],"tintindex":0,"rotation":0,"texture":"#0"}},"rotation":{"origin":[2.4743447,7.9277406,17.236088],"angle":-45.0,"axis":"y"}},{"from":[7.937239,7.959031,7.9130564],"to":[18.34275,7.9790306,24.561874],"faces":{"east":{"uv":[11.15625,2.96875,8.5625,2.984375],"tintindex":0,"rotation":0,"texture":"#0"},"south":{"uv":[10.53125,2.90625,8.90625,2.921875],"tintindex":0,"rotation":0,"texture":"#0"},"north":{"uv":[10.34375,0.40625,8.71875,0.421875],"tintindex":0,"rotation":0,"texture":"#0"},"west":{"uv":[11.15625,2.9375,8.5625,2.953125],"tintindex":0,"rotation":0,"texture":"#0"},"up":{"uv":[0.0,2.59375,1.625,0.0],"tintindex":0,"rotation":0,"texture":"#0"},"down":{"uv":[1.625,0.0,3.25,2.59375],"tintindex":0,"rotation":0,"texture":"#0"}}},{"from":[14.162899,7.8967705,18.583534],"to":[14.553105,8.082582,28.842459],"faces":{"east":{"uv":[9.515625,4.5,7.90625,4.53125],"tintindex":0,"rotation":0,"texture":"#0"},"south":{"uv":[6.5,4.78125,6.4375,4.8125],"tintindex":0,"rotation":0,"texture":"#0"},"north":{"uv":[6.40625,6.0625,6.34375,6.09375],"tintindex":0,"rotation":0,"texture":"#0"},"west":{"uv":[9.203125,3.71875,7.59375,3.75],"tintindex":0,"rotation":0,"texture":"#0"},"up":{"uv":[4.1875,8.609375,4.25,7.0],"tintindex":0,"rotation":0,"texture":"#0"},"down":{"uv":[5.59375,7.0,5.65625,8.609375],"tintindex":0,"rotation":0,"texture":"#0"}},"rotation":{"origin":[2.4743447,7.9277406,17.236088],"angle":22.5,"axis":"y"}}],"display":{"gui":{"rotation":[-150.0,-45.0,180.0]}},"gui_light":"front"}