{"textures":{"0":"ia:21","particle":"#0"},"elements":[{"from":[14.838218,8.015565,1.1688023],"to":[27.845104,8.040565,21.979824],"faces":{"east":{"uv":[11.15625,2.96875,8.5625,2.984375],"tintindex":0,"rotation":0,"texture":"#0"},"south":{"uv":[10.53125,2.90625,8.90625,2.921875],"tintindex":0,"rotation":0,"texture":"#0"},"north":{"uv":[10.34375,0.40625,8.71875,0.421875],"tintindex":0,"rotation":0,"texture":"#0"},"west":{"uv":[11.15625,2.9375,8.5625,2.953125],"tintindex":0,"rotation":0,"texture":"#0"},"up":{"uv":[0.0,12.8125,1.625,10.21875],"tintindex":0,"rotation":0,"texture":"#0"},"down":{"uv":[1.625,10.21875,3.25,12.8125],"tintindex":0,"rotation":0,"texture":"#0"}}},{"from":[8.0096,7.9655647,1.1688023],"to":[14.838218,7.9905643,21.979824],"faces":{"east":{"uv":[11.09375,0.46875,8.5,0.484375],"tintindex":0,"rotation":0,"texture":"#0"},"south":{"uv":[10.296875,6.25,9.4375,6.265625],"tintindex":0,"rotation":0,"texture":"#0"},"north":{"uv":[8.203125,2.5,7.34375,2.515625],"tintindex":0,"rotation":0,"texture":"#0"},"west":{"uv":[11.09375,0.4375,8.5,0.453125],"tintindex":0,"rotation":0,"texture":"#0"},"up":{"uv":[0.0,7.78125,0.859375,5.1875],"tintindex":0,"rotation":0,"texture":"#0"},"down":{"uv":[0.875,5.1875,1.71875,7.78125],"tintindex":0,"rotation":0,"texture":"#0"}}},{"from":[10.96165,7.766444,9.220198],"to":[21.204575,8.254205,9.870543],"faces":{"east":{"uv":[8.734375,9.96875,8.65625,10.03125],"tintindex":0,"rotation":0,"texture":"#0"},"south":{"uv":[8.75,6.375,7.46875,6.4375],"tintindex":0,"rotation":0,"texture":"#0"},"north":{"uv":[8.59375,3.75,7.3125,3.8125],"tintindex":0,"rotation":0,"texture":"#0"},"west":{"uv":[8.640625,9.96875,8.5625,10.03125],"tintindex":0,"rotation":0,"texture":"#0"},"up":{"uv":[7.03125,2.609375,8.3125,2.53125],"tintindex":0,"rotation":0,"texture":"#0"},"down":{"uv":[7.03125,2.625,8.3125,2.703125],"tintindex":0,"rotation":0,"texture":"#0"}},"rotation":{"origin":[8.0096,7.9264517,12.82259],"angle":45.0,"axis":"y"}}],"display":{"gui":{"rotation":[-150.0,-45.0,180.0]}},"gui_light":"front"}