{"textures":{"0":"ia:21","particle":"#0"},"elements":[{"from":[5.0793705,7.6910896,-2.1603012],"to":[10.93247,10.29247,1.541769],"faces":{"east":{"uv":[7.65625,9.8125,7.765625,9.890625],"tintindex":0,"rotation":0,"texture":"#0"},"south":{"uv":[9.5625,5.6875,9.75,5.765625],"tintindex":0,"rotation":0,"texture":"#0"},"north":{"uv":[5.625,9.5625,5.8125,9.640625],"tintindex":0,"rotation":0,"texture":"#0"},"west":{"uv":[9.8125,7.6875,9.921875,7.765625],"tintindex":0,"rotation":0,"texture":"#0"},"up":{"uv":[9.5625,6.859375,9.375,6.75],"tintindex":0,"rotation":0,"texture":"#0"},"down":{"uv":[9.5625,6.875,9.375,6.984375],"tintindex":0,"rotation":0,"texture":"#0"}},"rotation":{"origin":[7.3555803,14.23816,5.0856705],"angle":-45.0,"axis":"x"}},{"from":[6.7052307,4.15983,-1.1126595],"to":[9.30661,6.76121,5.0900993],"faces":{"east":{"uv":[9.5625,5.78125,9.75,5.859375],"tintindex":0,"rotation":0,"texture":"#0"},"south":{"uv":[9.875,5.3125,9.953125,5.390625],"tintindex":0,"rotation":0,"texture":"#0"},"north":{"uv":[5.28125,9.875,5.359375,9.953125],"tintindex":0,"rotation":0,"texture":"#0"},"west":{"uv":[9.5625,6.75,9.75,6.828125],"tintindex":0,"rotation":0,"texture":"#0"},"up":{"uv":[4.015625,9.21875,3.9375,9.03125],"tintindex":0,"rotation":0,"texture":"#0"},"down":{"uv":[2.828125,9.53125,2.75,9.71875],"tintindex":0,"rotation":0,"texture":"#0"}}},{"from":[10.31118,4.15983,0.67053986],"to":[12.91255,6.76121,3.873289],"faces":{"east":{"uv":[9.59375,9.8125,9.6875,9.890625],"tintindex":0,"rotation":0,"texture":"#0"},"south":{"uv":[4.25,9.90625,4.328125,9.984375],"tintindex":0,"rotation":0,"texture":"#0"},"north":{"uv":[9.90625,4.15625,9.984375,4.234375],"tintindex":0,"rotation":0,"texture":"#0"},"west":{"uv":[9.6875,9.8125,9.78125,9.890625],"tintindex":0,"rotation":0,"texture":"#0"},"up":{"uv":[9.859375,9.90625,9.78125,9.8125],"tintindex":0,"rotation":0,"texture":"#0"},"down":{"uv":[0.078125,9.84375,0.0,9.9375],"tintindex":0,"rotation":0,"texture":"#0"}}},{"from":[5.0909195,3.409,6.3695793],"to":[10.92092,6.01038,11.67165],"faces":{"east":{"uv":[3.59375,9.625,3.765625,9.703125],"tintindex":0,"rotation":0,"texture":"#0"},"south":{"uv":[9.5625,7.8125,9.75,7.890625],"tintindex":0,"rotation":0,"texture":"#0"},"north":{"uv":[9.5625,7.03125,9.75,7.109375],"tintindex":0,"rotation":0,"texture":"#0"},"west":{"uv":[4.15625,9.625,4.328125,9.703125],"tintindex":0,"rotation":0,"texture":"#0"},"up":{"uv":[8.0625,9.109375,7.875,8.9375],"tintindex":0,"rotation":0,"texture":"#0"},"down":{"uv":[0.5,8.96875,0.3125,9.140625],"tintindex":0,"rotation":0,"texture":"#0"}},"rotation":{"origin":[7.3671303,9.956059,13.715561],"angle":22.5,"axis":"x"}},{"from":[4.9511795,4.15983,2.8873405],"to":[7.552561,6.86121,8.090099],"faces":{"east":{"uv":[9.65625,4.0,9.8125,4.078125],"tintindex":0,"rotation":0,"texture":"#0"},"south":{"uv":[7.25,9.875,7.328125,9.953125],"tintindex":0,"rotation":0,"texture":"#0"},"north":{"uv":[6.78125,9.875,6.859375,9.953125],"tintindex":0,"rotation":0,"texture":"#0"},"west":{"uv":[9.65625,4.90625,9.8125,4.984375],"tintindex":0,"rotation":0,"texture":"#0"},"up":{"uv":[5.046875,9.8125,4.96875,9.65625],"tintindex":0,"rotation":0,"texture":"#0"},"down":{"uv":[9.734375,5.0,9.65625,5.15625],"tintindex":0,"rotation":0,"texture":"#0"}},"rotation":{"origin":[6.503601,5.03207,8.035379],"angle":22.5,"axis":"y"}},{"from":[3.0992908,4.15983,0.67053986],"to":[5.7006607,6.76121,3.873289],"faces":{"east":{"uv":[9.3125,9.8125,9.40625,9.890625],"tintindex":0,"rotation":0,"texture":"#0"},"south":{"uv":[2.1875,9.90625,2.265625,9.984375],"tintindex":0,"rotation":0,"texture":"#0"},"north":{"uv":[1.34375,9.90625,1.421875,9.984375],"tintindex":0,"rotation":0,"texture":"#0"},"west":{"uv":[9.8125,9.375,9.90625,9.453125],"tintindex":0,"rotation":0,"texture":"#0"},"up":{"uv":[9.484375,9.90625,9.40625,9.8125],"tintindex":0,"rotation":0,"texture":"#0"},"down":{"uv":[9.578125,9.8125,9.5,9.90625],"tintindex":0,"rotation":0,"texture":"#0"}}},{"from":[3.0949802,2.75983,-1.3294601],"to":[5.704981,5.36121,3.873289],"faces":{"east":{"uv":[9.65625,6.125,9.8125,6.203125],"tintindex":0,"rotation":0,"texture":"#0"},"south":{"uv":[2.625,9.90625,2.703125,9.984375],"tintindex":0,"rotation":0,"texture":"#0"},"north":{"uv":[2.28125,9.90625,2.359375,9.984375],"tintindex":0,"rotation":0,"texture":"#0"},"west":{"uv":[6.21875,9.65625,6.375,9.734375],"tintindex":0,"rotation":0,"texture":"#0"},"up":{"uv":[6.453125,9.8125,6.375,9.65625],"tintindex":0,"rotation":0,"texture":"#0"},"down":{"uv":[6.546875,9.65625,6.46875,9.8125],"tintindex":0,"rotation":0,"texture":"#0"}},"rotation":{"origin":[4.3956604,4.06052,-1.3294601],"angle":-45.0,"axis":"x"}},{"from":[10.30686,2.75983,-1.3294601],"to":[12.916861,5.36121,3.873289],"faces":{"east":{"uv":[9.65625,6.46875,9.8125,6.546875],"tintindex":0,"rotation":0,"texture":"#0"},"south":{"uv":[4.15625,9.90625,4.234375,9.984375],"tintindex":0,"rotation":0,"texture":"#0"},"north":{"uv":[3.4375,9.90625,3.515625,9.984375],"tintindex":0,"rotation":0,"texture":"#0"},"west":{"uv":[6.5625,9.65625,6.71875,9.734375],"tintindex":0,"rotation":0,"texture":"#0"},"up":{"uv":[9.734375,6.71875,9.65625,6.5625],"tintindex":0,"rotation":0,"texture":"#0"},"down":{"uv":[9.734375,7.125,9.65625,7.28125],"tintindex":0,"rotation":0,"texture":"#0"}},"rotation":{"origin":[11.61618,4.06052,-1.3294601],"angle":-45.0,"axis":"x"}},{"from":[6.657901,5.15983,10.89423],"to":[9.25928,7.76121,16.096989],"faces":{"east":{"uv":[9.65625,3.53125,9.8125,3.609375],"tintindex":0,"rotation":0,"texture":"#0"},"south":{"uv":[9.875,6.03125,9.953125,6.109375],"tintindex":0,"rotation":0,"texture":"#0"},"north":{"uv":[9.875,5.9375,9.953125,6.015625],"tintindex":0,"rotation":0,"texture":"#0"},"west":{"uv":[9.65625,3.625,9.8125,3.703125],"tintindex":0,"rotation":0,"texture":"#0"},"up":{"uv":[4.078125,9.8125,4.0,9.65625],"tintindex":0,"rotation":0,"texture":"#0"},"down":{"uv":[9.734375,4.75,9.65625,4.90625],"tintindex":0,"rotation":0,"texture":"#0"}}},{"from":[5.0859203,4.48501,4.591469],"to":[10.9259205,7.08638,11.794231],"faces":{"east":{"uv":[9.46875,8.09375,9.6875,8.171875],"tintindex":0,"rotation":0,"texture":"#0"},"south":{"uv":[9.5625,6.9375,9.75,7.015625],"tintindex":0,"rotation":0,"texture":"#0"},"north":{"uv":[9.5625,6.84375,9.75,6.921875],"tintindex":0,"rotation":0,"texture":"#0"},"west":{"uv":[9.5,4.125,9.71875,4.203125],"tintindex":0,"rotation":0,"texture":"#0"},"up":{"uv":[8.8125,1.8125,8.625,1.59375],"tintindex":0,"rotation":0,"texture":"#0"},"down":{"uv":[8.8125,3.21875,8.625,3.4375],"tintindex":0,"rotation":0,"texture":"#0"}}},{"from":[6.70092,2.75983,-3.1126595],"to":[9.310921,5.36121,2.0900993],"faces":{"east":{"uv":[9.65625,5.5625,9.8125,5.640625],"tintindex":0,"rotation":0,"texture":"#0"},"south":{"uv":[9.90625,1.15625,9.984375,1.234375],"tintindex":0,"rotation":0,"texture":"#0"},"north":{"uv":[9.875,9.8125,9.953125,9.890625],"tintindex":0,"rotation":0,"texture":"#0"},"west":{"uv":[5.625,9.65625,5.78125,9.734375],"tintindex":0,"rotation":0,"texture":"#0"},"up":{"uv":[5.140625,9.8125,5.0625,9.65625],"tintindex":0,"rotation":0,"texture":"#0"},"down":{"uv":[5.453125,9.65625,5.375,9.8125],"tintindex":0,"rotation":0,"texture":"#0"}},"rotation":{"origin":[8.001611,4.06052,-3.1126595],"angle":-45.0,"axis":"x"}},{"from":[8.45928,4.15983,2.8873405],"to":[11.06066,6.86121,8.090099],"faces":{"east":{"uv":[9.65625,7.28125,9.8125,7.359375],"tintindex":0,"rotation":0,"texture":"#0"},"south":{"uv":[4.625,9.90625,4.703125,9.984375],"tintindex":0,"rotation":0,"texture":"#0"},"north":{"uv":[4.34375,9.90625,4.421875,9.984375],"tintindex":0,"rotation":0,"texture":"#0"},"west":{"uv":[9.65625,7.375,9.8125,7.453125],"tintindex":0,"rotation":0,"texture":"#0"},"up":{"uv":[7.484375,9.8125,7.40625,9.65625],"tintindex":0,"rotation":0,"texture":"#0"},"down":{"uv":[7.765625,9.65625,7.6875,9.8125],"tintindex":0,"rotation":0,"texture":"#0"}},"rotation":{"origin":[9.508241,5.03207,8.035379],"angle":-22.5,"axis":"y"}}],