{"textures":{"0":"ia:21","particle":"#0"},"elements":[{"from":[5.723789,-5.104825,1.7482796],"to":[10.27621,9.104825,8.25172],"faces":{"east":{"uv":[6.0,7.53125,6.203125,7.96875],"tintindex":0,"rotation":0,"texture":"#0"},"south":{"uv":[7.34375,8.03125,7.484375,8.46875],"tintindex":0,"rotation":0,"texture":"#0"},"north":{"uv":[4.03125,7.90625,4.171875,8.34375],"tintindex":0,"rotation":0,"texture":"#0"},"west":{"uv":[6.21875,7.53125,6.421875,7.96875],"tintindex":0,"rotation":0,"texture":"#0"},"up":{"uv":[9.234375,0.921875,9.09375,0.71875],"tintindex":0,"rotation":0,"texture":"#0"},"down":{"uv":[1.390625,9.09375,1.25,9.296875],"tintindex":0,"rotation":0,"texture":"#0"}},"rotation":{"origin":[8.0,2.0,5.0],"angle":22.5,"axis":"x"}}],"display":{"gui":{"rotation":[-150.0,-45.0,180.0]}},"gui_light":"front"}