{"textures":{"0":"ia:21","particle":"#0"},"elements":[{"from":[4.24828,10.362289,-3.323372],"to":[4.24828,11.963669,4.230419],"faces":{"east":{"uv":[9.6875,1.28125,9.921875,1.328125],"tintindex":0,"rotation":0,"texture":"#0"},"south":{"uv":[9.6875,3.09375,9.921875,3.140625],"tintindex":0,"rotation":0,"texture":"#0"},"north":{"uv":[9.6875,0.78125,9.921875,0.828125],"tintindex":0,"rotation":0,"texture":"#0"},"west":{"uv":[9.71875,1.5,9.953125,1.546875],"tintindex":0,"rotation":0,"texture":"#0"},"up":{"uv":[8.546875,2.734375,8.3125,2.5],"tintindex":0,"rotation":0,"texture":"#0"},"down":{"uv":[8.546875,2.75,8.3125,2.984375],"tintindex":0,"rotation":0,"texture":"#0"}}},{"from":[4.24828,6.76091,-3.323372],"to":[11.75172,10.362289,4.230419],"faces":{"east":{"uv":[9.03125,9.1875,9.265625,9.296875],"tintindex":0,"rotation":0,"texture":"#0"},"south":{"uv":[9.21875,0.125,9.453125,0.234375],"tintindex":0,"rotation":0,"texture":"#0"},"north":{"uv":[8.78125,9.1875,9.015625,9.296875],"tintindex":0,"rotation":0,"texture":"#0"},"west":{"uv":[9.21875,0.25,9.453125,0.359375],"tintindex":0,"rotation":0,"texture":"#0"},"up":{"uv":[8.515625,6.859375,8.28125,6.625],"tintindex":0,"rotation":0,"texture":"#0"},"down":{"uv":[0.734375,8.3125,0.5,8.546875],"tintindex":0,"rotation":0,"texture":"#0"}}},{"from":[11.75172,10.362289,-3.323372],"to":[11.75172,11.963669,4.230419],"faces":{"east":{"uv":[9.953125,1.5,9.71875,1.546875],"tintindex":0,"rotation":0,"texture":"#0"},"south":{"uv":[9.921875,3.09375,9.6875,3.140625],"tintindex":0,"rotation":0,"texture":"#0"},"north":{"uv":[9.921875,0.78125,9.6875,0.828125],"tintindex":0,"rotation":0,"texture":"#0"},"west":{"uv":[9.921875,1.28125,9.6875,1.328125],"tintindex":0,"rotation":0,"texture":"#0"},"up":{"uv":[8.3125,2.734375,8.546875,2.5],"tintindex":0,"rotation":0,"texture":"#0"},"down":{"uv":[8.3125,2.75,8.546875,2.984375],"tintindex":0,"rotation":0,"texture":"#0"}}},{"from":[4.275,4.8216705,-4.4254723],"to":[11.725,10.023731,-1.6213417],"faces":{"east":{"uv":[0.65625,9.59375,0.75,9.75],"tintindex":0,"rotation":0,"texture":"#0"},"south":{"uv":[8.75,1.09375,8.984375,1.25],"tintindex":0,"rotation":0,"texture":"#0"},"north":{"uv":[8.40625,8.71875,8.640625,8.875],"tintindex":0,"rotation":0,"texture":"#0"},"west":{"uv":[9.59375,0.6875,9.6875,0.84375],"tintindex":0,"rotation":0,"texture":"#0"},"up":{"uv":[8.953125,8.5625,8.71875,8.46875],"tintindex":0,"rotation":0,"texture":"#0"},"down":{"uv":[9.484375,3.28125,9.25,3.375],"tintindex":0,"rotation":0,"texture":"#0"}},"rotation":{"origin":[8.02672,7.422701,-3.0233994],"angle":22.5,"axis":"x"}},{"from":[4.24828,1.1595306,-3.323372],"to":[4.24828,6.76091,4.230419],"faces":{"east":{"uv":[8.6875,3.0,8.921875,3.171875],"tintindex":0,"rotation":0,"texture":"#0"},"south":{"uv":[3.8125,8.6875,4.046875,8.859375],"tintindex":0,"rotation":0,"texture":"#0"},"north":{"uv":[8.6875,0.59375,8.921875,0.765625],"tintindex":0,"rotation":0,"texture":"#0"},"west":{"uv":[8.6875,4.78125,8.921875,4.953125],"tintindex":0,"rotation":0,"texture":"#0"},"up":{"uv":[8.546875,8.015625,8.3125,7.78125],"tintindex":0,"rotation":0,"texture":"#0"},"down":{"uv":[8.265625,8.3125,8.03125,8.546875],"tintindex":0,"rotation":0,"texture":"#0"}}},{"from":[4.75172,10.362289,-3.323372],"to":[11.75172,11.963669,-3.323372],"faces":{"east":{"uv":[9.953125,1.5,9.71875,1.546875],"tintindex":0,"rotation":0,"texture":"#0"},"south":{"uv":[9.6875,0.78125,9.921875,0.828125],"tintindex":0,"rotation":0,"texture":"#0"},"north":{"uv":[9.921875,0.78125,9.6875,0.828125],"tintindex":0,"rotation":0,"texture":"#0"},"west":{"uv":[9.921875,1.28125,9.6875,1.328125],"tintindex":0,"rotation":0,"texture":"#0"},"up":{"uv":[8.3125,2.734375,8.546875,2.5],"tintindex":0,"rotation":0,"texture":"#0"},"down":{"uv":[8.3125,2.75,8.546875,2.984375],"tintindex":0,"rotation":0,"texture":"#0"}}},{"from":[11.75172,1.1595306,-3.323372],"to":[11.75172,6.76091,4.230419],"faces":{"east":{"uv":[8.921875,4.78125,8.6875,4.953125],"tintindex":0,"rotation":0,"texture":"#0"},"south":{"uv":[4.046875,8.6875,3.8125,8.859375],"tintindex":0,"rotation":0,"texture":"#0"},"north":{"uv":[8.921875,0.59375,8.6875,0.765625],"tintindex":0,"rotation":0,"texture":"#0"},"west":{"uv":[8.921875,3.0,8.6875,3.171875],"tintindex":0,"rotation":0,"texture":"#0"},"up":{"uv":[8.3125,8.015625,8.546875,7.78125],"tintindex":0,"rotation":0,"texture":"#0"},"down":{"uv":[8.03125,8.3125,8.265625,8.546875],"tintindex":0,"rotation":0,"texture":"#0"}}},{"from":[4.27328,6.611269,1.1438103],"to":[11.72672,10.572048,5.10458],"faces":{"east":{"uv":[9.53125,7.6875,9.65625,7.8125],"tintindex":0,"rotation":0,"texture":"#0"},"south":{"uv":[9.0625,3.75,9.296875,3.875],"tintindex":0,"rotation":0,"texture":"#0"},"north":{"uv":[9.03125,5.5625,9.265625,5.6875],"tintindex":0,"rotation":0,"texture":"#0"},"west":{"uv":[9.5625,1.21875,9.6875,1.34375],"tintindex":0,"rotation":0,"texture":"#0"},"up":{"uv":[9.296875,4.0,9.0625,3.875],"tintindex":0,"rotation":0,"texture":"#0"},"down":{"uv":[9.296875,6.625,9.0625,6.75],"tintindex":0,"rotation":0,"texture":"#0"}},"rotation":{"origin":[8.025,9.411961,4.9207],"angle":-45.0,"axis":"x"}}],"display":{"gui":{"rotation":[-150.0,-45.0,180.0]}},"gui_light":"front"}