{"textures":{"0":"ia:21","particle":"#0"},"elements":[{"from":[0.46903992,1.6431293,-7.8388195],"to":[15.42696,14.650021,3.8673797],"faces":{"east":{"uv":[4.5625,6.40625,4.921875,6.8125],"tintindex":0,"rotation":0,"texture":"#0"},"south":{"uv":[5.875,5.6875,6.34375,6.09375],"tintindex":0,"rotation":0,"texture":"#0"},"north":{"uv":[4.1875,5.75,4.65625,6.15625],"tintindex":0,"rotation":0,"texture":"#0"},"west":{"uv":[6.4375,4.15625,6.796875,4.5625],"tintindex":0,"rotation":0,"texture":"#0"},"up":{"uv":[6.625,5.171875,6.15625,4.8125],"tintindex":0,"rotation":0,"texture":"#0"},"down":{"uv":[6.65625,2.46875,6.1875,2.828125],"tintindex":0,"rotation":0,"texture":"#0"}}},{"from":[-4.8999996,11.5,3.5000005],"to":[0.099999905,13.5,5.5],"faces":{"east":{"uv":[1.03125,10.0,1.09375,10.0625],"tintindex":0,"rotation":0,"texture":"#0"},"south":{"uv":[7.125,9.71875,7.28125,9.78125],"tintindex":0,"rotation":0,"texture":"#0"},"north":{"uv":[6.96875,9.71875,7.125,9.78125],"tintindex":0,"rotation":0,"texture":"#0"},"west":{"uv":[1.09375,10.0,1.15625,10.0625],"tintindex":0,"rotation":0,"texture":"#0"},"up":{"uv":[7.65625,9.78125,7.5,9.71875],"tintindex":0,"rotation":0,"texture":"#0"},"down":{"uv":[8.78125,9.71875,8.625,9.78125],"tintindex":0,"rotation":0,"texture":"#0"}},"rotation":{"origin":[2.1,11.5,4.5],"angle":-45.0,"axis":"z"}},{"from":[-3.1999998,10.599998,1.2000003],"to":[-0.19999981,12.599998,3.2000003],"faces":{"east":{"uv":[10.0,1.15625,10.0625,1.21875],"tintindex":0,"rotation":0,"texture":"#0"},"south":{"uv":[8.0,9.90625,8.09375,9.96875],"tintindex":0,"rotation":0,"texture":"#0"},"north":{"uv":[7.90625,9.90625,8.0,9.96875],"tintindex":0,"rotation":0,"texture":"#0"},"west":{"uv":[10.0,1.3125,10.0625,1.375],"tintindex":0,"rotation":0,"texture":"#0"},"up":{"uv":[8.1875,9.96875,8.09375,9.90625],"tintindex":0,"rotation":0,"texture":"#0"},"down":{"uv":[8.28125,9.90625,8.1875,9.96875],"tintindex":0,"rotation":0,"texture":"#0"}},"rotation":{"origin":[3.8000002,10.599998,2.2000003],"angle":-45.0,"axis":"z"}},{"from":[-3.1999998,10.599998,-5.800001],"to":[-0.19999981,12.599998,-3.7999992],"faces":{"east":{"uv":[10.0,0.90625,10.0625,0.96875],"tintindex":0,"rotation":0,"texture":"#0"},"south":{"uv":[9.90625,7.78125,10.0,7.84375],"tintindex":0,"rotation":0,"texture":"#0"},"north":{"uv":[7.71875,9.90625,7.8125,9.96875],"tintindex":0,"rotation":0,"texture":"#0"},"west":{"uv":[0.96875,10.0,1.03125,10.0625],"tintindex":0,"rotation":0,"texture":"#0"},"up":{"uv":[7.90625,9.96875,7.8125,9.90625],"tintindex":0,"rotation":0,"texture":"#0"},"down":{"uv":[10.0,7.84375,9.90625,7.90625],"tintindex":0,"rotation":0,"texture":"#0"}},"rotation":{"origin":[3.8000002,10.599998,-4.800001],"angle":-45.0,"axis":"z"}},{"from":[16.096,11.399998,-1.2000008],"to":[19.096,13.399998,0.7999997],"faces":{"east":{"uv":[2.15625,10.0,2.21875,10.0625],"tintindex":0,"rotation":0,"texture":"#0"},"south":{"uv":[9.90625,8.78125,10.0,8.84375],"tintindex":0,"rotation":0,"texture":"#0"},"north":{"uv":[8.65625,9.90625,8.75,9.96875],"tintindex":0,"rotation":0,"texture":"#0"},"west":{"uv":[10.0,2.15625,10.0625,2.21875],"tintindex":0,"rotation":0,"texture":"#0"},"up":{"uv":[8.90625,9.96875,8.8125,9.90625],"tintindex":0,"rotation":0,"texture":"#0"},"down":{"uv":[10.0,8.84375,9.90625,8.90625],"tintindex":0,"rotation":0,"texture":"#0"}},"rotation":{"origin":[12.096,11.399998,-0.20000076],"angle":45.0,"axis":"z"}},{"from":[15.796,11.5,-3.5],"to":[20.796,13.5,-1.5],"faces":{"east":{"uv":[2.09375,10.0,2.15625,10.0625],"tintindex":0,"rotation":0,"texture":"#0"},"south":{"uv":[0.28125,9.75,0.4375,9.8125],"tintindex":0,"rotation":0,"texture":"#0"},"north":{"uv":[9.75,0.1875,9.90625,0.25],"tintindex":0,"rotation":0,"texture":"#0"},"west":{"uv":[10.0,2.09375,10.0625,2.15625],"tintindex":0,"rotation":0,"texture":"#0"},"up":{"uv":[0.59375,9.8125,0.4375,9.75],"tintindex":0,"rotation":0,"texture":"#0"},"down":{"uv":[0.75,9.75,0.59375,9.8125],"tintindex":0,"rotation":0,"texture":"#0"}},"rotation":{"origin":[13.796,11.5,-2.5],"angle":45.0,"axis":"z"}},{"from":[16.096,10.599998,1.2000003],"to":[19.096,12.599998,3.2000003],"faces":{"east":{"uv":[2.21875,10.0,2.28125,10.0625],"tintindex":0,"rotation":0,"texture":"#0"},"south":{"uv":[9.90625,8.90625,10.0,8.96875],"tintindex":0,"rotation":0,"texture":"#0"},"north":{"uv":[8.90625,9.90625,9.0,9.96875],"tintindex":0,"rotation":0,"texture":"#0"},"west":{"uv":[2.28125,10.0,2.34375,10.0625],"tintindex":0,"rotation":0,"texture":"#0"},"up":{"uv":[10.0,9.1875,9.90625,9.125],"tintindex":0,"rotation":0,"texture":"#0"},"down":{"uv":[10.0,9.1875,9.90625,9.25],"tintindex":0,"rotation":0,"texture":"#0"}},"rotation":{"origin":[12.096,10.599998,2.2000003],"angle":45.0,"axis":"z"}},{"from":[-3.1999998,11.399998,-1.2000008],"to":[-0.19999981,13.399998,0.7999997],"faces":{"east":{"uv":[1.34375,10.0,1.40625,10.0625],"tintindex":0,"rotation":0,"texture":"#0"},"south":{"uv":[9.90625,8.25,10.0,8.3125],"tintindex":0,"rotation":0,"texture":"#0"},"north":{"uv":[9.90625,8.1875,10.0,8.25],"tintindex":0,"rotation":0,"texture":"#0"},"west":{"uv":[1.40625,10.0,1.46875,10.0625],"tintindex":0,"rotation":0,"texture":"#0"},"up":{"uv":[8.375,9.96875,8.28125,9.90625],"tintindex":0,"rotation":0,"texture":"#0"},"down":{"uv":[10.0,8.3125,9.90625,8.375],"tintindex":0,"rotation":0,"texture":"#0"}},"rotation":{"origin":[3.8000002,11.399998,-0.20000076],"angle":-45.0,"axis":"z"}},{"from":[-4.8999996,11.5,-3.5],"to":[0.099999905,13.5,-1.5],"faces":{"east":{"uv":[0.65625,10.0,0.71875,10.0625],"tintindex":0,"rotation":0,"texture":"#0"},"south":{"uv":[9.71875,5.9375,9.875,6.0],"tintindex":0,"rotation":0,"texture":"#0"},"north":{"uv":[5.78125,9.71875,5.9375,9.78125],"tintindex":0,"rotation":0,"texture":"#0"},"west":{"uv":[0.71875,10.0,0.78125,10.0625],"tintindex":0,"rotation":0,"texture":"#0"},"up":{"uv":[9.875,6.0625,9.71875,6.0],"tintindex":0,"rotation":0,"texture":"#0"},"down":{"uv":[9.875,6.0625,9.71875,6.125],"tintindex":0,"rotation":0,"texture":"#0"}},"rotation":{"origin":[2.1,11.5,-2.5],"angle":-45.0,"axis":"z"}},{"from":[16.096,10.599998,-5.800001],"to":[19.096,12.599998,-3.7999992],"faces":{"east":{"uv":[1.96875,10.0,2.03125,10.0625],"tintindex":0,"rotation":0,"texture":"#0"},"south":{"uv":[8.46875,9.90625,8.5625,9.96875],"tintindex":0,"rotation":0,"texture":"#0"},"north":{"uv":[8.375,9.90625,8.46875,9.96875],"tintindex":0,"rotation":0,"texture":"#0"},"west":{"uv":[2.03125,10.0,2.09375,10.0625],"tintindex":0,"rotation":0,"texture":"#0"},"up":{"uv":[8.65625,9.96875,8.5625,9.90625],"tintindex":0,"rotation":0,"texture":"#0"},"down":{"uv":[10.0,8.5625,9.90625,8.625],"tintindex":0,"rotation":0,"texture":"#0"}},"rotation":{"origin":[12.096,10.599998,-4.800001],"angle":45.0,"axis":"z"}},{"from":[15.796,11.5,3.5000005],"to":[20.796,13.5,5.5],"faces":{"east":{"uv":[2.34375,10.0,2.40625,10.0625],"tintindex":0,"rotation":0,"texture":"#0"},"south":{"uv":[2.03125,9.75,2.1875,9.8125],"tintindex":0,"rotation":0,"texture":"#0"},"north":{"uv":[9.75,1.34375,9.90625,1.40625],"tintindex":0,"rotation":0,"texture":"#0"},"west":{"uv":[10.0,2.53125,10.0625,2.59375],"tintindex":0,"rotation":0,"texture":"#0"},"up":{"uv":[9.90625,4.78125,9.75,4.71875],"tintindex":0,"rotation":0,"texture":"#0"},"down":{"uv":[9.90625,4.78125,9.75,4.84375],"tintindex":0,"rotation":0,"texture":"#0"}},"rotation":{"origin":[13.796,11.5,4.5],"angle":45.0,"axis":"z"}},{"from":[-4.8999996,11.5,-8.0],"to":[0.099999905,13.5,-6.0],"faces":{"east":{"uv":[0.53125,10.0,0.59375,10.0625],"tintindex":0,"rotation":0,"texture":"#0"},"south":{"uv":[9.71875,5.21875,9.875,5.28125],"tintindex":0,"rotation":0,"texture":"#0"},"north":{"uv":[5.15625,9.71875,5.3125,9.78125],"tintindex":0,"rotation":0,"texture":"#0"},"west":{"uv":[0.59375,10.0,0.65625,10.0625],"tintindex":0,"rotation":0,"texture":"#0"},"up":{"uv":[9.875,5.34375,9.71875,5.28125],"tintindex":0,"rotation":0,"texture":"#0"},"down":{"uv":[9.875,5.34375,9.71875,5.40625],"tintindex":0,"rotation":0,"texture":"#0"}},