{"textures":{"0":"ia:21","particle":"#0"},"elements":[{"from":[-0.9019203,7.485653,3.4000206],"to":[2.0980802,9.485653,5.4000206],"faces":{"east":{"uv":[9.90625,9.96875,9.96875,10.03125],"tintindex":0,"rotation":0,"texture":"#0"},"south":{"uv":[9.90625,6.59375,10.0,6.65625],"tintindex":0,"rotation":0,"texture":"#0"},"north":{"uv":[9.90625,6.53125,10.0,6.59375],"tintindex":0,"rotation":0,"texture":"#0"},"west":{"uv":[9.96875,9.96875,10.03125,10.03125],"tintindex":0,"rotation":0,"texture":"#0"},"up":{"uv":[6.71875,9.96875,6.625,9.90625],"tintindex":0,"rotation":0,"texture":"#0"},"down":{"uv":[10.0,6.65625,9.90625,6.71875],"tintindex":0,"rotation":0,"texture":"#0"}},"rotation":{"origin":[6.0980797,7.485653,4.4000206],"angle":-45.0,"axis":"z"}},{"from":[13.89408,7.5856514,1.1000175],"to":[18.894081,9.585651,3.1000175],"faces":{"east":{"uv":[0.3125,10.0,0.375,10.0625],"tintindex":0,"rotation":0,"texture":"#0"},"south":{"uv":[9.71875,4.53125,9.875,4.59375],"tintindex":0,"rotation":0,"texture":"#0"},"north":{"uv":[4.46875,9.71875,4.625,9.78125],"tintindex":0,"rotation":0,"texture":"#0"},"west":{"uv":[0.375,10.0,0.4375,10.0625],"tintindex":0,"rotation":0,"texture":"#0"},"up":{"uv":[9.875,4.65625,9.71875,4.59375],"tintindex":0,"rotation":0,"texture":"#0"},"down":{"uv":[9.875,4.65625,9.71875,4.71875],"tintindex":0,"rotation":0,"texture":"#0"}},"rotation":{"origin":[11.89408,7.5856514,2.1000175],"angle":45.0,"axis":"z"}},{"from":[-0.9019203,6.68565,5.8000183],"to":[2.0980802,8.68565,7.80002],"faces":{"east":{"uv":[0.0,10.0,0.0625,10.0625],"tintindex":0,"rotation":0,"texture":"#0"},"south":{"uv":[9.90625,6.78125,10.0,6.84375],"tintindex":0,"rotation":0,"texture":"#0"},"north":{"uv":[9.90625,6.71875,10.0,6.78125],"tintindex":0,"rotation":0,"texture":"#0"},"west":{"uv":[0.0625,10.0,0.125,10.0625],"tintindex":0,"rotation":0,"texture":"#0"},"up":{"uv":[10.0,6.90625,9.90625,6.84375],"tintindex":0,"rotation":0,"texture":"#0"},"down":{"uv":[6.96875,9.90625,6.875,9.96875],"tintindex":0,"rotation":0,"texture":"#0"}},"rotation":{"origin":[6.0980797,6.68565,6.8000183],"angle":-45.0,"axis":"z"}},{"from":[2.8681502,3.5451813,-2.4027596],"to":[13.424009,12.650002,8.00276],"faces":{"east":{"uv":[7.375,1.03125,7.703125,1.3125],"tintindex":0,"rotation":0,"texture":"#0"},"south":{"uv":[7.375,1.3125,7.703125,1.59375],"tintindex":0,"rotation":0,"texture":"#0"},"north":{"uv":[7.375,0.75,7.703125,1.03125],"tintindex":0,"rotation":0,"texture":"#0"},"west":{"uv":[7.375,4.875,7.703125,5.15625],"tintindex":0,"rotation":0,"texture":"#0"},"up":{"uv":[7.296875,2.296875,6.96875,1.96875],"tintindex":0,"rotation":0,"texture":"#0"},"down":{"uv":[7.296875,3.46875,6.96875,3.796875],"tintindex":0,"rotation":0,"texture":"#0"}}},{"from":[-2.6019201,7.5856514,1.1000175],"to":[2.3980799,9.585651,3.1000175],"faces":{"east":{"uv":[7.5,9.65625,7.5625,9.71875],"tintindex":0,"rotation":0,"texture":"#0"},"south":{"uv":[3.09375,9.25,3.25,9.3125],"tintindex":0,"rotation":0,"texture":"#0"},"north":{"uv":[9.0,5.9375,9.15625,6.0],"tintindex":0,"rotation":0,"texture":"#0"},"west":{"uv":[9.96875,9.0625,10.03125,9.125],"tintindex":0,"rotation":0,"texture":"#0"},"up":{"uv":[9.46875,2.375,9.3125,2.3125],"tintindex":0,"rotation":0,"texture":"#0"},"down":{"uv":[9.46875,3.59375,9.3125,3.65625],"tintindex":0,"rotation":0,"texture":"#0"}},"rotation":{"origin":[4.39808,7.5856514,2.1000175],"angle":-45.0,"axis":"z"}},{"from":[14.19408,7.485653,3.4000206],"to":[17.19408,9.485653,5.4000206],"faces":{"east":{"uv":[10.0,0.1875,10.0625,0.25],"tintindex":0,"rotation":0,"texture":"#0"},"south":{"uv":[9.90625,7.15625,10.0,7.21875],"tintindex":0,"rotation":0,"texture":"#0"},"north":{"uv":[9.90625,7.09375,10.0,7.15625],"tintindex":0,"rotation":0,"texture":"#0"},"west":{"uv":[0.25,10.0,0.3125,10.0625],"tintindex":0,"rotation":0,"texture":"#0"},"up":{"uv":[7.4375,9.96875,7.34375,9.90625],"tintindex":0,"rotation":0,"texture":"#0"},"down":{"uv":[7.53125,9.90625,7.4375,9.96875],"tintindex":0,"rotation":0,"texture":"#0"}},"rotation":{"origin":[10.19408,7.485653,4.4000206],"angle":45.0,"axis":"z"}},{"from":[14.19408,6.68565,5.8000183],"to":[17.19408,8.68565,7.80002],"faces":{"east":{"uv":[0.125,10.0,0.1875,10.0625],"tintindex":0,"rotation":0,"texture":"#0"},"south":{"uv":[6.96875,9.90625,7.0625,9.96875],"tintindex":0,"rotation":0,"texture":"#0"},"north":{"uv":[9.90625,6.90625,10.0,6.96875],"tintindex":0,"rotation":0,"texture":"#0"},"west":{"uv":[0.1875,10.0,0.25,10.0625],"tintindex":0,"rotation":0,"texture":"#0"},"up":{"uv":[10.0,7.03125,9.90625,6.96875],"tintindex":0,"rotation":0,"texture":"#0"},"down":{"uv":[10.0,7.03125,9.90625,7.09375],"tintindex":0,"rotation":0,"texture":"#0"}},"rotation":{"origin":[10.19408,6.68565,6.8000183],"angle":45.0,"axis":"z"}}],"display":{"gui":{"rotation":[-150.0,-45.0,180.0]}},"gui_light":"front"}