{"textures":{"0":"ia:21","particle":"#0"},"elements":[{"from":[-6.061713,7.5320296,5.39861],"to":[7.3950634,8.399154,6.2657366],"faces":{"east":{"uv":[4.0,9.875,4.078125,9.953125],"tintindex":0,"rotation":0,"texture":"#0"},"south":{"uv":[7.09375,4.65625,8.296875,4.734375],"tintindex":0,"rotation":0,"texture":"#0"},"north":{"uv":[7.03125,2.90625,8.234375,2.984375],"tintindex":0,"rotation":0,"texture":"#0"},"west":{"uv":[9.875,4.53125,9.953125,4.609375],"tintindex":0,"rotation":0,"texture":"#0"},"up":{"uv":[8.390625,5.234375,7.1875,5.15625],"tintindex":0,"rotation":0,"texture":"#0"},"down":{"uv":[8.390625,5.25,7.1875,5.328125],"tintindex":0,"rotation":0,"texture":"#0"}}},{"from":[-6.061713,8.017743,-3.7062101],"to":[6.7283964,8.051076,24.04182],"faces":{"east":{"uv":[8.28125,0.5,10.875,0.515625],"tintindex":0,"rotation":0,"texture":"#0"},"south":{"uv":[8.9375,0.375,10.140625,0.390625],"tintindex":0,"rotation":0,"texture":"#0"},"north":{"uv":[7.09375,4.75,8.296875,4.765625],"tintindex":0,"rotation":0,"texture":"#0"},"west":{"uv":[8.34375,6.34375,10.9375,6.359375],"tintindex":0,"rotation":0,"texture":"#0"},"up":{"uv":[4.453125,2.59375,3.25,0.0],"tintindex":0,"rotation":0,"texture":"#0"},"down":{"uv":[5.671875,0.0,4.46875,2.59375],"tintindex":0,"rotation":0,"texture":"#0"}}}],"display":{"gui":{"rotation":[-150.0,-45.0,180.0]}},"gui_light":"front"}