{"textures":{"0":"ia:21","particle":"#0"},"elements":[{"from":[5.0740795,4.48501,4.591469],"to":[10.91408,7.08638,11.794231],"faces":{"east":{"uv":[9.71875,4.125,9.5,4.203125],"tintindex":0,"rotation":0,"texture":"#0"},"south":{"uv":[9.75,6.9375,9.5625,7.015625],"tintindex":0,"rotation":0,"texture":"#0"},"north":{"uv":[9.75,6.84375,9.5625,6.921875],"tintindex":0,"rotation":0,"texture":"#0"},"west":{"uv":[9.6875,8.09375,9.46875,8.171875],"tintindex":0,"rotation":0,"texture":"#0"},"up":{"uv":[8.625,1.8125,8.8125,1.59375],"tintindex":0,"rotation":0,"texture":"#0"},"down":{"uv":[8.625,3.21875,8.8125,3.4375],"tintindex":0,"rotation":0,"texture":"#0"}}},{"from":[10.299339,4.15983,0.67053986],"to":[12.900709,6.76121,3.873289],"faces":{"east":{"uv":[9.90625,9.375,9.8125,9.453125],"tintindex":0,"rotation":0,"texture":"#0"},"south":{"uv":[2.265625,9.90625,2.1875,9.984375],"tintindex":0,"rotation":0,"texture":"#0"},"north":{"uv":[1.421875,9.90625,1.34375,9.984375],"tintindex":0,"rotation":0,"texture":"#0"},"west":{"uv":[9.40625,9.8125,9.3125,9.890625],"tintindex":0,"rotation":0,"texture":"#0"},"up":{"uv":[9.40625,9.90625,9.484375,9.8125],"tintindex":0,"rotation":0,"texture":"#0"},"down":{"uv":[9.5,9.8125,9.578125,9.90625],"tintindex":0,"rotation":0,"texture":"#0"}}},{"from":[8.447439,4.15983,2.8873405],"to":[11.0488205,6.86121,8.090099],"faces":{"east":{"uv":[9.8125,4.90625,9.65625,4.984375],"tintindex":0,"rotation":0,"texture":"#0"},"south":{"uv":[7.328125,9.875,7.25,9.953125],"tintindex":0,"rotation":0,"texture":"#0"},"north":{"uv":[6.859375,9.875,6.78125,9.953125],"tintindex":0,"rotation":0,"texture":"#0"},"west":{"uv":[9.8125,4.0,9.65625,4.078125],"tintindex":0,"rotation":0,"texture":"#0"},"up":{"uv":[4.96875,9.8125,5.046875,9.65625],"tintindex":0,"rotation":0,"texture":"#0"},"down":{"uv":[9.65625,5.0,9.734375,5.15625],"tintindex":0,"rotation":0,"texture":"#0"}},"rotation":{"origin":[9.496399,5.03207,8.035379],"angle":-22.5,"axis":"y"}},{"from":[3.0831394,2.75983,-1.3294601],"to":[5.69314,5.36121,3.873289],"faces":{"east":{"uv":[6.71875,9.65625,6.5625,9.734375],"tintindex":0,"rotation":0,"texture":"#0"},"south":{"uv":[4.234375,9.90625,4.15625,9.984375],"tintindex":0,"rotation":0,"texture":"#0"},"north":{"uv":[3.515625,9.90625,3.4375,9.984375],"tintindex":0,"rotation":0,"texture":"#0"},"west":{"uv":[9.8125,6.46875,9.65625,6.546875],"tintindex":0,"rotation":0,"texture":"#0"},"up":{"uv":[9.65625,6.71875,9.734375,6.5625],"tintindex":0,"rotation":0,"texture":"#0"},"down":{"uv":[9.65625,7.125,9.734375,7.28125],"tintindex":0,"rotation":0,"texture":"#0"}},"rotation":{"origin":[4.3838196,4.06052,-1.3294601],"angle":-45.0,"axis":"x"}},{"from":[6.74072,5.15983,10.89423],"to":[9.342099,7.76121,16.096989],"faces":{"east":{"uv":[9.8125,3.625,9.65625,3.703125],"tintindex":0,"rotation":0,"texture":"#0"},"south":{"uv":[9.953125,6.03125,9.875,6.109375],"tintindex":0,"rotation":0,"texture":"#0"},"north":{"uv":[9.953125,5.9375,9.875,6.015625],"tintindex":0,"rotation":0,"texture":"#0"},"west":{"uv":[9.8125,3.53125,9.65625,3.609375],"tintindex":0,"rotation":0,"texture":"#0"},"up":{"uv":[4.0,9.8125,4.078125,9.65625],"tintindex":0,"rotation":0,"texture":"#0"},"down":{"uv":[9.65625,4.75,9.734375,4.90625],"tintindex":0,"rotation":0,"texture":"#0"}}},{"from":[6.6890793,2.75983,-3.1126595],"to":[9.29908,5.36121,2.0900993],"faces":{"east":{"uv":[5.78125,9.65625,5.625,9.734375],"tintindex":0,"rotation":0,"texture":"#0"},"south":{"uv":[9.984375,1.15625,9.90625,1.234375],"tintindex":0,"rotation":0,"texture":"#0"},"north":{"uv":[9.953125,9.8125,9.875,9.890625],"tintindex":0,"rotation":0,"texture":"#0"},"west":{"uv":[9.8125,5.5625,9.65625,5.640625],"tintindex":0,"rotation":0,"texture":"#0"},"up":{"uv":[5.0625,9.8125,5.140625,9.65625],"tintindex":0,"rotation":0,"texture":"#0"},"down":{"uv":[5.375,9.65625,5.453125,9.8125],"tintindex":0,"rotation":0,"texture":"#0"}},"rotation":{"origin":[7.9983892,4.06052,-3.1126595],"angle":-45.0,"axis":"x"}},{"from":[4.9393396,4.15983,2.8873405],"to":[7.54072,6.86121,8.090099],"faces":{"east":{"uv":[9.8125,7.375,9.65625,7.453125],"tintindex":0,"rotation":0,"texture":"#0"},"south":{"uv":[4.703125,9.90625,4.625,9.984375],"tintindex":0,"rotation":0,"texture":"#0"},"north":{"uv":[4.421875,9.90625,4.34375,9.984375],"tintindex":0,"rotation":0,"texture":"#0"},"west":{"uv":[9.8125,7.28125,9.65625,7.359375],"tintindex":0,"rotation":0,"texture":"#0"},"up":{"uv":[7.40625,9.8125,7.484375,9.65625],"tintindex":0,"rotation":0,"texture":"#0"},"down":{"uv":[7.6875,9.65625,7.765625,9.8125],"tintindex":0,"rotation":0,"texture":"#0"}},"rotation":{"origin":[6.4917593,5.03207,8.035379],"angle":22.5,"axis":"y"}},{"from":[6.69339,4.15983,-1.1126595],"to":[9.294769,6.76121,5.0900993],"faces":{"east":{"uv":[9.75,6.75,9.5625,6.828125],"tintindex":0,"rotation":0,"texture":"#0"},"south":{"uv":[9.953125,5.3125,9.875,5.390625],"tintindex":0,"rotation":0,"texture":"#0"},"north":{"uv":[5.359375,9.875,5.28125,9.953125],"tintindex":0,"rotation":0,"texture":"#0"},"west":{"uv":[9.75,5.78125,9.5625,5.859375],"tintindex":0,"rotation":0,"texture":"#0"},"up":{"uv":[3.9375,9.21875,4.015625,9.03125],"tintindex":0,"rotation":0,"texture":"#0"},"down":{"uv":[2.75,9.53125,2.828125,9.71875],"tintindex":0,"rotation":0,"texture":"#0"}}},{"from":[5.0675297,7.6910896,-2.1603012],"to":[10.9206295,10.29247,1.541769],"faces":{"east":{"uv":[9.921875,7.6875,9.8125,7.765625],"tintindex":0,"rotation":0,"texture":"#0"},"south":{"uv":[9.75,5.6875,9.5625,5.765625],"tintindex":0,"rotation":0,"texture":"#0"},"north":{"uv":[5.8125,9.5625,5.625,9.640625],"tintindex":0,"rotation":0,"texture":"#0"},"west":{"uv":[7.765625,9.8125,7.65625,9.890625],"tintindex":0,"rotation":0,"texture":"#0"},"up":{"uv":[9.375,6.859375,9.5625,6.75],"tintindex":0,"rotation":0,"texture":"#0"},"down":{"uv":[9.375,6.875,9.5625,6.984375],"tintindex":0,"rotation":0,"texture":"#0"}},"rotation":{"origin":[8.64442,14.23816,5.0856705],"angle":-45.0,"axis":"x"}},{"from":[3.08745,4.15983,0.67053986],"to":[5.68882,6.76121,3.873289],"faces":{"east":{"uv":[9.78125,9.8125,9.6875,9.890625],"tintindex":0,"rotation":0,"texture":"#0"},"south":{"uv":[4.328125,9.90625,4.25,9.984375],"tintindex":0,"rotation":0,"texture":"#0"},"north":{"uv":[9.984375,4.15625,9.90625,4.234375],"tintindex":0,"rotation":0,"texture":"#0"},"west":{"uv":[9.6875,9.8125,9.59375,9.890625],"tintindex":0,"rotation":0,"texture":"#0"},"up":{"uv":[9.78125,9.90625,9.859375,9.8125],"tintindex":0,"rotation":0,"texture":"#0"},"down":{"uv":[0.0,9.84375,0.078125,9.9375],"tintindex":0,"rotation":0,"texture":"#0"}}},{"from":[10.295019,2.75983,-1.3294601],"to":[12.90502,5.36121,3.873289],"faces":{"east":{"uv":[6.375,9.65625,6.21875,9.734375],"tintindex":0,"rotation":0,"texture":"#0"},"south":{"uv":[2.703125,9.90625,2.625,9.984375],"tintindex":0,"rotation":0,"texture":"#0"},"north":{"uv":[2.359375,9.90625,2.28125,9.984375],"tintindex":0,"rotation":0,"texture":"#0"},"west":{"uv":[9.8125,6.125,9.65625,6.203125],"tintindex":0,"rotation":0,"texture":"#0"},"up":{"uv":[6.375,9.8125,6.453125,9.65625],"tintindex":0,"rotation":0,"texture":"#0"},"down":{"uv":[6.46875,9.65625,6.546875,9.8125],"tintindex":0,"rotation":0,"texture":"#0"}},"rotation":{"origin":[11.60434,4.06052,-1.3294601],"angle":-45.0,"axis":"x"}},{"from":[5.0790796,3.409,6.3695793],"to":[10.9090805,6.01038,11.67165],"faces":{"east":{"uv":[4.328125,9.625,4.15625,9.703125],"tintindex":0,"rotation":0,"texture":"#0"},"south":{"uv":[9.75,7.8125,9.5625,7.890625],"tintindex":0,"rotation":0,"texture":"#0"},"north":{"uv":[9.75,7.03125,9.5625,7.109375],"tintindex":0,"rotation":0,"texture":"#0"},"west":{"uv":[3.765625,9.625,3.59375,9.703125],"tintindex":0,"rotation":0,"texture":"#0"},"up":{"uv":[7.875,9.109375,8.0625,8.9375],"tintindex":0,"rotation":0,"texture":"#0"},"down":{"uv":[0.3125,8.96875,0.5,9.140625],"tintindex":0,"rotation":0,"texture":"#0"}},"rotation":{"origin":[8.63287,9.956059,13.715561],"angle":22.5,"axis":"x"}}],