{"textures":{"0":"ia:21","particle":"#0"},"elements":[{"from":[9.17345,-5.0583897,6.26626],"to":[15.02655,4.0464306,23.17521],"faces":{"east":{"uv":[6.90625,5.375,6.375,5.65625],"tintindex":0,"rotation":0,"texture":"#0"},"south":{"uv":[5.59375,8.375,5.40625,8.65625],"tintindex":0,"rotation":0,"texture":"#0"},"north":{"uv":[5.875,6.15625,5.6875,6.4375],"tintindex":0,"rotation":0,"texture":"#0"},"west":{"uv":[4.03125,6.3125,3.5,6.59375],"tintindex":0,"rotation":0,"texture":"#0"},"up":{"uv":[6.0,7.53125,6.1875,7.0],"tintindex":0,"rotation":0,"texture":"#0"},"down":{"uv":[7.0625,0.0,7.25,0.53125],"tintindex":0,"rotation":0,"texture":"#0"}}},{"from":[7.872761,11.79476,7.3127213],"to":[16.32724,20.90647,19.018919],"faces":{"east":{"uv":[5.203125,7.0,4.84375,7.28125],"tintindex":0,"rotation":0,"texture":"#0"},"south":{"uv":[4.015625,7.90625,3.75,8.1875],"tintindex":0,"rotation":0,"texture":"#0"},"north":{"uv":[8.078125,0.0,7.8125,0.28125],"tintindex":0,"rotation":0,"texture":"#0"},"west":{"uv":[4.171875,7.0,3.8125,7.28125],"tintindex":0,"rotation":0,"texture":"#0"},"up":{"uv":[7.15625,6.046875,7.421875,5.6875],"tintindex":0,"rotation":0,"texture":"#0"},"down":{"uv":[6.1875,7.15625,6.453125,7.515625],"tintindex":0,"rotation":0,"texture":"#0"}},"rotation":{"origin":[12.75034,12.554171,13.165821],"angle":45.0,"axis":"x"}},{"from":[7.872761,-4.7487,10.76926],"to":[16.32724,10.36301,22.475462],"faces":{"east":{"uv":[5.296875,6.15625,4.9375,6.625],"tintindex":0,"rotation":0,"texture":"#0"},"south":{"uv":[7.015625,2.53125,6.75,3.0],"tintindex":0,"rotation":0,"texture":"#0"},"north":{"uv":[6.953125,3.46875,6.6875,3.9375],"tintindex":0,"rotation":0,"texture":"#0"},"west":{"uv":[4.546875,6.15625,4.1875,6.625],"tintindex":0,"rotation":0,"texture":"#0"},"up":{"uv":[7.15625,4.265625,7.421875,3.90625],"tintindex":0,"rotation":0,"texture":"#0"},"down":{"uv":[4.46875,7.15625,4.734375,7.515625],"tintindex":0,"rotation":0,"texture":"#0"}},"rotation":{"origin":[12.75034,16.01071,16.622362],"angle":45.0,"axis":"x"}},{"from":[7.88,-5.8071795,-2.19553],"to":[16.32,5.4703503,6.1820107],"faces":{"east":{"uv":[7.546875,4.28125,7.28125,4.640625],"tintindex":0,"rotation":0,"texture":"#0"},"south":{"uv":[4.078125,7.28125,3.8125,7.640625],"tintindex":0,"rotation":0,"texture":"#0"},"north":{"uv":[7.453125,6.0625,7.1875,6.421875],"tintindex":0,"rotation":0,"texture":"#0"},"west":{"uv":[7.515625,0.0,7.25,0.359375],"tintindex":0,"rotation":0,"texture":"#0"},"up":{"uv":[4.96875,8.171875,5.234375,7.90625],"tintindex":0,"rotation":0,"texture":"#0"},"down":{"uv":[7.90625,6.96875,8.171875,7.234375],"tintindex":0,"rotation":0,"texture":"#0"}}}],"display":{"gui":{"rotation":[-150.0,-45.0,180.0]}},"gui_light":"front"}