{"textures":{"0":"ia:21","particle":"#0"},"elements":[{"from":[2.5500002,9.32818,10.83444],"to":[5.05,10.32818,11.83444],"faces":{"east":{"uv":[6.15625,10.0,6.21875,10.0625],"tintindex":0,"rotation":0,"texture":"#0"},"south":{"uv":[9.75,8.25,9.90625,8.3125],"tintindex":0,"rotation":0,"texture":"#0"},"north":{"uv":[9.75,8.1875,9.90625,8.25],"tintindex":0,"rotation":0,"texture":"#0"},"west":{"uv":[10.0,6.1875,10.0625,6.25],"tintindex":0,"rotation":0,"texture":"#0"},"up":{"uv":[8.4375,9.8125,8.28125,9.75],"tintindex":0,"rotation":0,"texture":"#0"},"down":{"uv":[9.90625,8.3125,9.75,8.375],"tintindex":0,"rotation":0,"texture":"#0"}},"rotation":{"origin":[5.05,9.678181,-13.91556],"angle":-45.0,"axis":"z"}},{"from":[10.198,9.278181,20.58444],"to":[11.698,10.278181,21.58444],"faces":{"east":{"uv":[10.0,8.28125,10.0625,8.34375],"tintindex":0,"rotation":0,"texture":"#0"},"south":{"uv":[9.96875,0.25,10.0625,0.3125],"tintindex":0,"rotation":0,"texture":"#0"},"north":{"uv":[9.9375,9.5625,10.03125,9.625],"tintindex":0,"rotation":0,"texture":"#0"},"west":{"uv":[10.0,8.5625,10.0625,8.625],"tintindex":0,"rotation":0,"texture":"#0"},"up":{"uv":[10.0625,0.375,9.96875,0.3125],"tintindex":0,"rotation":0,"texture":"#0"},"down":{"uv":[0.875,9.96875,0.78125,10.03125],"tintindex":0,"rotation":0,"texture":"#0"}},"rotation":{"origin":[10.048,9.22818,-11.565559],"angle":45.0,"axis":"z"}},{"from":[3.4,8.87818,9.684441],"to":[4.9,9.87818,10.684441],"faces":{"east":{"uv":[6.21875,10.0,6.28125,10.0625],"tintindex":0,"rotation":0,"texture":"#0"},"south":{"uv":[9.9375,0.71875,10.03125,0.78125],"tintindex":0,"rotation":0,"texture":"#0"},"north":{"uv":[0.6875,9.9375,0.78125,10.0],"tintindex":0,"rotation":0,"texture":"#0"},"west":{"uv":[6.28125,10.0,6.34375,10.0625],"tintindex":0,"rotation":0,"texture":"#0"},"up":{"uv":[10.03125,0.84375,9.9375,0.78125],"tintindex":0,"rotation":0,"texture":"#0"},"down":{"uv":[1.0625,9.9375,0.96875,10.0],"tintindex":0,"rotation":0,"texture":"#0"}},"rotation":{"origin":[5.9,9.22818,-15.065559],"angle":-45.0,"axis":"z"}},{"from":[10.898,9.32818,10.83444],"to":[13.398,10.32818,11.83444],"faces":{"east":{"uv":[10.0,5.5625,10.0625,5.625],"tintindex":0,"rotation":0,"texture":"#0"},"south":{"uv":[9.75,6.8125,9.90625,6.875],"tintindex":0,"rotation":0,"texture":"#0"},"north":{"uv":[9.75,6.75,9.90625,6.8125],"tintindex":0,"rotation":0,"texture":"#0"},"west":{"uv":[10.0,5.625,10.0625,5.6875],"tintindex":0,"rotation":0,"texture":"#0"},"up":{"uv":[9.90625,6.9375,9.75,6.875],"tintindex":0,"rotation":0,"texture":"#0"},"down":{"uv":[9.90625,6.9375,9.75,7.0],"tintindex":0,"rotation":0,"texture":"#0"}},"rotation":{"origin":[10.898,9.678181,-13.91556],"angle":45.0,"axis":"z"}},{"from":[10.048,9.72818,21.73444],"to":[12.548,10.72818,22.73444],"faces":{"east":{"uv":[10.0,8.6875,10.0625,8.75],"tintindex":0,"rotation":0,"texture":"#0"},"south":{"uv":[6.96875,9.78125,7.125,9.84375],"tintindex":0,"rotation":0,"texture":"#0"},"north":{"uv":[5.9375,9.78125,6.09375,9.84375],"tintindex":0,"rotation":0,"texture":"#0"},"west":{"uv":[10.0,8.75,10.0625,8.8125],"tintindex":0,"rotation":0,"texture":"#0"},"up":{"uv":[7.28125,9.84375,7.125,9.78125],"tintindex":0,"rotation":0,"texture":"#0"},"down":{"uv":[7.65625,9.78125,7.5,9.84375],"tintindex":0,"rotation":0,"texture":"#0"}},"rotation":{"origin":[10.898,9.678181,-10.41556],"angle":45.0,"axis":"z"}},{"from":[4.25,9.678181,19.38444],"to":[5.75,10.678181,20.38444],"faces":{"east":{"uv":[10.0,7.0,10.0625,7.0625],"tintindex":0,"rotation":0,"texture":"#0"},"south":{"uv":[9.9375,7.28125,10.03125,7.34375],"tintindex":0,"rotation":0,"texture":"#0"},"north":{"uv":[9.9375,7.21875,10.03125,7.28125],"tintindex":0,"rotation":0,"texture":"#0"},"west":{"uv":[10.0,7.0625,10.0625,7.125],"tintindex":0,"rotation":0,"texture":"#0"},"up":{"uv":[10.03125,7.40625,9.9375,7.34375],"tintindex":0,"rotation":0,"texture":"#0"},"down":{"uv":[10.03125,7.53125,9.9375,7.59375],"tintindex":0,"rotation":0,"texture":"#0"}},"rotation":{"origin":[5.9,9.62818,-12.76556],"angle":-45.0,"axis":"z"}},{"from":[10.198,9.278181,17.08444],"to":[11.698,10.278181,18.08444],"faces":{"east":{"uv":[7.59375,10.0,7.65625,10.0625],"tintindex":0,"rotation":0,"texture":"#0"},"south":{"uv":[9.9375,8.375,10.03125,8.4375],"tintindex":0,"rotation":0,"texture":"#0"},"north":{"uv":[9.9375,8.09375,10.03125,8.15625],"tintindex":0,"rotation":0,"texture":"#0"},"west":{"uv":[7.65625,10.0,7.71875,10.0625],"tintindex":0,"rotation":0,"texture":"#0"},"up":{"uv":[10.03125,8.5,9.9375,8.4375],"tintindex":0,"rotation":0,"texture":"#0"},"down":{"uv":[10.03125,8.5,9.9375,8.5625],"tintindex":0,"rotation":0,"texture":"#0"}},"rotation":{"origin":[10.048,9.22818,-15.065559],"angle":45.0,"axis":"z"}},{"from":[3.4,9.72818,18.23444],"to":[5.9,10.72818,19.23444],"faces":{"east":{"uv":[10.0,6.875,10.0625,6.9375],"tintindex":0,"rotation":0,"texture":"#0"},"south":{"uv":[2.3125,9.78125,2.46875,9.84375],"tintindex":0,"rotation":0,"texture":"#0"},"north":{"uv":[1.0625,9.78125,1.21875,9.84375],"tintindex":0,"rotation":0,"texture":"#0"},"west":{"uv":[10.0,6.9375,10.0625,7.0],"tintindex":0,"rotation":0,"texture":"#0"},"up":{"uv":[2.625,9.84375,2.46875,9.78125],"tintindex":0,"rotation":0,"texture":"#0"},"down":{"uv":[3.46875,9.78125,3.3125,9.84375],"tintindex":0,"rotation":0,"texture":"#0"}},"rotation":{"origin":[5.05,9.678181,-13.91556],"angle":-45.0,"axis":"z"}},{"from":[10.898,9.32818,14.33444],"to":[13.398,10.32818,15.33444],"faces":{"east":{"uv":[10.0,5.8125,10.0625,5.875],"tintindex":0,"rotation":0,"texture":"#0"},"south":{"uv":[9.75,7.0625,9.90625,7.125],"tintindex":0,"rotation":0,"texture":"#0"},"north":{"uv":[9.75,7.0,9.90625,7.0625],"tintindex":0,"rotation":0,"texture":"#0"},"west":{"uv":[10.0,5.875,10.0625,5.9375],"tintindex":0,"rotation":0,"texture":"#0"},"up":{"uv":[9.90625,7.1875,9.75,7.125],"tintindex":0,"rotation":0,"texture":"#0"},"down":{"uv":[9.90625,7.1875,9.75,7.25],"tintindex":0,"rotation":0,"texture":"#0"}},"rotation":{"origin":[10.898,9.678181,-10.41556],"angle":45.0,"axis":"z"}},{"from":[2.5500002,9.32818,14.33444],"to":[5.05,10.32818,15.33444],"faces":{"east":{"uv":[5.96875,10.0,6.03125,10.0625],"tintindex":0,"rotation":0,"texture":"#0"},"south":{"uv":[9.75,7.78125,9.90625,7.84375],"tintindex":0,"rotation":0,"texture":"#0"},"north":{"uv":[7.78125,9.75,7.9375,9.8125],"tintindex":0,"rotation":0,"texture":"#0"},"west":{"uv":[6.03125,10.0,6.09375,10.0625],"tintindex":0,"rotation":0,"texture":"#0"},"up":{"uv":[9.90625,7.90625,9.75,7.84375],"tintindex":0,"rotation":0,"texture":"#0"},"down":{"uv":[8.09375,9.75,7.9375,9.8125],"tintindex":0,"rotation":0,"texture":"#0"}},"rotation":{"origin":[5.05,9.678181,-10.41556],"angle":-45.0,"axis":"z"}},{"from":[11.048,8.87818,13.184441],"to":[12.548,9.87818,14.184441],"faces":{"east":{"uv":[10.0,5.75,10.0625,5.8125],"tintindex":0,"rotation":0,"texture":"#0"},"south":{"uv":[0.1875,9.9375,0.28125,10.0],"tintindex":0,"rotation":0,"texture":"#0"},"north":{"uv":[9.9375,0.125,10.03125,0.1875],"tintindex":0,"rotation":0,"texture":"#0"},"west":{"uv":[5.8125,10.0,5.875,10.0625],"tintindex":0,"rotation":0,"texture":"#0"},"up":{"uv":[0.375,10.0,0.28125,9.9375],"tintindex":0,"rotation":0,"texture":"#0"},"down":{"uv":[0.46875,9.9375,0.375,10.0],"tintindex":0,"rotation":0,"texture":"#0"}},"rotation":{"origin":[10.048,9.22818,-11.565559],"angle":45.0,"axis":"z"}},{"from":[3.4,9.278181,11.98444],"to":[4.9,10.278181,12.98444],"faces":{"east":{"uv":[10.0,6.5625,10.0625,6.625],"tintindex":0,"rotation":0,"texture":"#0"},"south":{"uv":[9.9375,1.25,10.03125,1.3125],"tintindex":0,"rotation":0,"texture":"#0"},"north":{"uv":[1.0625,9.9375,1.15625,10.0],"tintindex":0,"rotation":0,"texture":"#0"},"west":{"uv":[10.0,6.625,10.0625,6.6875],"tintindex":0,"rotation":0,"texture":"#0"},"up":{"uv":[2.09375,10.0,2.0,9.9375],"tintindex":0,"rotation":0,"texture":"#0"},"down":{"uv":[10.03125,2.40625,9.9375,2.46875],"tintindex":0,"rotation":0,"texture":"#0"}},"rotation":{"origin":[5.9,9.62818,-12.76556],