{"textures":{"0":"ia:21","particle":"#0"},"elements":[{"from":[0.55200005,8.227146,13.509869],"to":[3.552,10.227146,15.509869],"faces":{"east":{"uv":[10.0,8.8125,10.0625,8.875],"tintindex":0,"rotation":0,"texture":"#0"},"south":{"uv":[0.875,9.96875,0.96875,10.03125],"tintindex":0,"rotation":0,"texture":"#0"},"north":{"uv":[9.96875,0.84375,10.0625,0.90625],"tintindex":0,"rotation":0,"texture":"#0"},"west":{"uv":[10.0,8.875,10.0625,8.9375],"tintindex":0,"rotation":0,"texture":"#0"},"up":{"uv":[10.0625,1.03125,9.96875,0.96875],"tintindex":0,"rotation":0,"texture":"#0"},"down":{"uv":[10.0625,1.09375,9.96875,1.15625],"tintindex":0,"rotation":0,"texture":"#0"}},"rotation":{"origin":[3.8520002,8.127144,-69.79013],"angle":-45.0,"axis":"z"}},{"from":[12.448,9.027145,18.109875],"to":[15.448,11.027145,20.109875],"faces":{"east":{"uv":[10.03125,0.0625,10.09375,0.125],"tintindex":0,"rotation":0,"texture":"#0"},"south":{"uv":[1.875,9.96875,1.96875,10.03125],"tintindex":0,"rotation":0,"texture":"#0"},"north":{"uv":[9.96875,1.84375,10.0625,1.90625],"tintindex":0,"rotation":0,"texture":"#0"},"west":{"uv":[10.03125,0.125,10.09375,0.1875],"tintindex":0,"rotation":0,"texture":"#0"},"up":{"uv":[10.0625,1.96875,9.96875,1.90625],"tintindex":0,"rotation":0,"texture":"#0"},"down":{"uv":[10.0625,1.96875,9.96875,2.03125],"tintindex":0,"rotation":0,"texture":"#0"}},"rotation":{"origin":[12.148,8.927143,-65.190125],"angle":45.0,"axis":"z"}},{"from":[3.77276,4.0233727,9.114452],"to":[12.22724,11.177166,29.925472],"faces":{"east":{"uv":[6.4375,4.5625,7.09375,4.78125],"tintindex":0,"rotation":0,"texture":"#0"},"south":{"uv":[2.4375,8.28125,2.703125,8.5],"tintindex":0,"rotation":0,"texture":"#0"},"north":{"uv":[2.15625,8.28125,2.421875,8.5],"tintindex":0,"rotation":0,"texture":"#0"},"west":{"uv":[5.6875,6.4375,6.34375,6.65625],"tintindex":0,"rotation":0,"texture":"#0"},"up":{"uv":[4.921875,6.40625,4.65625,5.75],"tintindex":0,"rotation":0,"texture":"#0"},"down":{"uv":[6.421875,4.15625,6.15625,4.8125],"tintindex":0,"rotation":0,"texture":"#0"}}},{"from":[0.55200005,9.027145,18.109875],"to":[3.552,11.027145,20.109875],"faces":{"east":{"uv":[10.0,9.0,10.0625,9.0625],"tintindex":0,"rotation":0,"texture":"#0"},"south":{"uv":[1.25,9.96875,1.34375,10.03125],"tintindex":0,"rotation":0,"texture":"#0"},"north":{"uv":[1.15625,9.96875,1.25,10.03125],"tintindex":0,"rotation":0,"texture":"#0"},"west":{"uv":[10.0,9.125,10.0625,9.1875],"tintindex":0,"rotation":0,"texture":"#0"},"up":{"uv":[10.0625,1.46875,9.96875,1.40625],"tintindex":0,"rotation":0,"texture":"#0"},"down":{"uv":[10.0625,1.46875,9.96875,1.53125],"tintindex":0,"rotation":0,"texture":"#0"}},"rotation":{"origin":[3.8520002,8.927143,-65.190125],"angle":-45.0,"axis":"z"}},{"from":[12.448,8.227146,13.509869],"to":[15.448,10.227146,15.509869],"faces":{"east":{"uv":[10.03125,0.65625,10.09375,0.71875],"tintindex":0,"rotation":0,"texture":"#0"},"south":{"uv":[9.96875,2.25,10.0625,2.3125],"tintindex":0,"rotation":0,"texture":"#0"},"north":{"uv":[9.96875,2.03125,10.0625,2.09375],"tintindex":0,"rotation":0,"texture":"#0"},"west":{"uv":[10.03125,0.71875,10.09375,0.78125],"tintindex":0,"rotation":0,"texture":"#0"},"up":{"uv":[10.0625,2.375,9.96875,2.3125],"tintindex":0,"rotation":0,"texture":"#0"},"down":{"uv":[2.53125,9.96875,2.4375,10.03125],"tintindex":0,"rotation":0,"texture":"#0"}},"rotation":{"origin":[12.148,8.127144,-69.79013],"angle":45.0,"axis":"z"}},{"from":[12.148,9.127144,22.809872],"to":[17.147999,11.127144,24.809872],"faces":{"east":{"uv":[9.5,10.0,9.5625,10.0625],"tintindex":0,"rotation":0,"texture":"#0"},"south":{"uv":[9.8125,0.25,9.96875,0.3125],"tintindex":0,"rotation":0,"texture":"#0"},"north":{"uv":[9.78125,9.59375,9.9375,9.65625],"tintindex":0,"rotation":0,"texture":"#0"},"west":{"uv":[10.0,9.625,10.0625,9.6875],"tintindex":0,"rotation":0,"texture":"#0"},"up":{"uv":[0.4375,9.875,0.28125,9.8125],"tintindex":0,"rotation":0,"texture":"#0"},"down":{"uv":[9.96875,0.3125,9.8125,0.375],"tintindex":0,"rotation":0,"texture":"#0"}},"rotation":{"origin":[13.848,9.027145,-60.490128],"angle":45.0,"axis":"z"}},{"from":[12.148,9.127144,15.809872],"to":[17.147999,11.127144,17.809872],"faces":{"east":{"uv":[10.03125,0.53125,10.09375,0.59375],"tintindex":0,"rotation":0,"texture":"#0"},"south":{"uv":[0.59375,9.8125,0.75,9.875],"tintindex":0,"rotation":0,"texture":"#0"},"north":{"uv":[0.4375,9.8125,0.59375,9.875],"tintindex":0,"rotation":0,"texture":"#0"},"west":{"uv":[10.03125,0.59375,10.09375,0.65625],"tintindex":0,"rotation":0,"texture":"#0"},"up":{"uv":[9.96875,0.90625,9.8125,0.84375],"tintindex":0,"rotation":0,"texture":"#0"},"down":{"uv":[9.96875,1.0,9.8125,1.0625],"tintindex":0,"rotation":0,"texture":"#0"}},"rotation":{"origin":[13.848,9.027145,-67.49013],"angle":45.0,"axis":"z"}},{"from":[0.55200005,8.227146,20.509869],"to":[3.552,10.227146,22.509869],"faces":{"east":{"uv":[10.0,9.1875,10.0625,9.25],"tintindex":0,"rotation":0,"texture":"#0"},"south":{"uv":[9.96875,1.53125,10.0625,1.59375],"tintindex":0,"rotation":0,"texture":"#0"},"north":{"uv":[1.53125,9.96875,1.625,10.03125],"tintindex":0,"rotation":0,"texture":"#0"},"west":{"uv":[9.3125,10.0,9.375,10.0625],"tintindex":0,"rotation":0,"texture":"#0"},"up":{"uv":[10.0625,1.65625,9.96875,1.59375],"tintindex":0,"rotation":0,"texture":"#0"},"down":{"uv":[1.71875,9.96875,1.625,10.03125],"tintindex":0,"rotation":0,"texture":"#0"}},"rotation":{"origin":[3.8520002,8.127144,-62.79013],"angle":-45.0,"axis":"z"}},{"from":[-1.1479998,9.127144,22.809872],"to":[3.8520002,11.127144,24.809872],"faces":{"east":{"uv":[10.0,9.375,10.0625,9.4375],"tintindex":0,"rotation":0,"texture":"#0"},"south":{"uv":[9.78125,9.25,9.9375,9.3125],"tintindex":0,"rotation":0,"texture":"#0"},"north":{"uv":[9.09375,9.78125,9.25,9.84375],"tintindex":0,"rotation":0,"texture":"#0"},"west":{"uv":[9.4375,10.0,9.5,10.0625],"tintindex":0,"rotation":0,"texture":"#0"},"up":{"uv":[9.9375,9.53125,9.78125,9.46875],"tintindex":0,"rotation":0,"texture":"#0"},"down":{"uv":[9.9375,9.53125,9.78125,9.59375],"tintindex":0,"rotation":0,"texture":"#0"}},"rotation":{"origin":[2.152,9.027145,-60.490128],"angle":-45.0,"axis":"z"}},{"from":[12.448,8.227146,20.509869],"to":[15.448,10.227146,22.509869],"faces":{"east":{"uv":[10.0,9.6875,10.0625,9.75],"tintindex":0,"rotation":0,"texture":"#0"},"south":{"uv":[1.71875,9.96875,1.8125,10.03125],"tintindex":0,"rotation":0,"texture":"#0"},"north":{"uv":[9.96875,1.65625,10.0625,1.71875],"tintindex":0,"rotation":0,"texture":"#0"},"west":{"uv":[10.03125,0.0,10.09375,0.0625],"tintindex":0,"rotation":0,"texture":"#0"},"up":{"uv":[10.0625,1.78125,9.96875,1.71875],"tintindex":0,"rotation":0,"texture":"#0"},"down":{"uv":[10.0625,1.78125,9.96875,1.84375],"tintindex":0,"rotation":0,"texture":"#0"}},"rotation":{"origin":[12.148,8.127144,-62.79013],"angle":45.0,"axis":"z"}},{"from":[-1.1479998,9.127144,15.809872],"to":[3.8520002,11.127144,17.809872],"faces":{"east":{"uv":[10.0,8.9375,10.0625,9.0],"tintindex":0,"rotation":0,"texture":"#0"},"south":{"uv":[8.625,9.78125,8.78125,9.84375],"tintindex":0,"rotation":0,"texture":"#0"},"north":{"uv":[9.78125,7.53125,9.9375,7.59375],"tintindex":0,"rotation":0,"texture":"#0"},"west":{"uv":[9.0,10.0,9.0625,10.0625],"tintindex":0,"rotation":0,"texture":"#0"},"up":{"uv":[8.9375,9.84375,8.78125,9.78125],"tintindex":0,"rotation":0,"texture":"#0"},"down":{"uv":[9.09375,9.78125,8.9375,9.84375],"tintindex":0,"rotation":0,"texture":"#0"}},"rotation":{"origin":[2.152,9.027145,-67.49013],"angle":-45.0,"axis":"z"}}],"display":{"gui":{"rotation":[-150.0,-45.0,180.0]}},"gui_light":"front"}