{"textures":{"0":"ia:21","particle":"#0"},"elements":[{"from":[9.624001,8.981407,17.848324],"to":[12.124001,9.981407,18.848324],"faces":{"east":{"uv":[10.03125,1.21875,10.09375,1.28125],"tintindex":0,"rotation":0,"texture":"#0"},"south":{"uv":[9.8125,1.75,9.96875,1.8125],"tintindex":0,"rotation":0,"texture":"#0"},"north":{"uv":[9.8125,1.6875,9.96875,1.75],"tintindex":0,"rotation":0,"texture":"#0"},"west":{"uv":[1.28125,10.03125,1.34375,10.09375],"tintindex":0,"rotation":0,"texture":"#0"},"up":{"uv":[9.96875,1.875,9.8125,1.8125],"tintindex":0,"rotation":0,"texture":"#0"},"down":{"uv":[9.96875,1.875,9.8125,1.9375],"tintindex":0,"rotation":0,"texture":"#0"}},"rotation":{"origin":[10.924,8.231407,-38.801674],"angle":45.0,"axis":"z"}},{"from":[9.774,6.454567,13.198322],"to":[11.274,7.454567,14.198322],"faces":{"east":{"uv":[6.90625,10.03125,6.96875,10.09375],"tintindex":0,"rotation":0,"texture":"#0"},"south":{"uv":[8.28125,9.96875,8.375,10.03125],"tintindex":0,"rotation":0,"texture":"#0"},"north":{"uv":[8.1875,9.96875,8.28125,10.03125],"tintindex":0,"rotation":0,"texture":"#0"},"west":{"uv":[6.96875,10.03125,7.03125,10.09375],"tintindex":0,"rotation":0,"texture":"#0"},"up":{"uv":[8.46875,10.03125,8.375,9.96875],"tintindex":0,"rotation":0,"texture":"#0"},"down":{"uv":[8.5625,9.96875,8.46875,10.03125],"tintindex":0,"rotation":0,"texture":"#0"}},"rotation":{"origin":[10.073999,8.204567,-39.951675],"angle":-45.0,"axis":"z"}},{"from":[6.861895,7.0302124,7.961979],"to":[9.138105,9.306417,20.318527],"faces":{"east":{"uv":[6.90625,5.375,7.671875,5.515625],"tintindex":0,"rotation":0,"texture":"#0"},"south":{"uv":[8.59375,9.40625,8.734375,9.546875],"tintindex":0,"rotation":0,"texture":"#0"},"north":{"uv":[8.4375,9.40625,8.578125,9.546875],"tintindex":0,"rotation":0,"texture":"#0"},"west":{"uv":[6.90625,5.53125,7.671875,5.671875],"tintindex":0,"rotation":0,"texture":"#0"},"up":{"uv":[3.640625,7.734375,3.5,6.96875],"tintindex":0,"rotation":0,"texture":"#0"},"down":{"uv":[3.796875,6.96875,3.65625,7.734375],"tintindex":0,"rotation":0,"texture":"#0"}}},{"from":[3.876,8.981407,14.348324],"to":[6.376,9.981407,15.348324],"faces":{"east":{"uv":[3.125,10.03125,3.1875,10.09375],"tintindex":0,"rotation":0,"texture":"#0"},"south":{"uv":[2.9375,9.8125,3.09375,9.875],"tintindex":0,"rotation":0,"texture":"#0"},"north":{"uv":[9.8125,2.6875,9.96875,2.75],"tintindex":0,"rotation":0,"texture":"#0"},"west":{"uv":[3.1875,10.03125,3.25,10.09375],"tintindex":0,"rotation":0,"texture":"#0"},"up":{"uv":[3.25,9.875,3.09375,9.8125],"tintindex":0,"rotation":0,"texture":"#0"},"down":{"uv":[9.96875,3.15625,9.8125,3.21875],"tintindex":0,"rotation":0,"texture":"#0"}},"rotation":{"origin":[5.076,8.231407,-38.801674],"angle":-45.0,"axis":"z"}},{"from":[4.726,8.531406,13.198322],"to":[6.226,9.531406,14.198322],"faces":{"east":{"uv":[3.25,10.03125,3.3125,10.09375],"tintindex":0,"rotation":0,"texture":"#0"},"south":{"uv":[9.96875,4.65625,10.0625,4.71875],"tintindex":0,"rotation":0,"texture":"#0"},"north":{"uv":[9.96875,4.59375,10.0625,4.65625],"tintindex":0,"rotation":0,"texture":"#0"},"west":{"uv":[3.3125,10.03125,3.375,10.09375],"tintindex":0,"rotation":0,"texture":"#0"},"up":{"uv":[10.0625,5.25,9.96875,5.1875],"tintindex":0,"rotation":0,"texture":"#0"},"down":{"uv":[10.0625,5.25,9.96875,5.3125],"tintindex":0,"rotation":0,"texture":"#0"}},"rotation":{"origin":[5.926,7.7814064,-39.951675],"angle":-45.0,"axis":"z"}},{"from":[4.726,6.0545673,18.998325],"to":[6.226,7.0545673,19.998322],"faces":{"east":{"uv":[5.28125,10.03125,5.34375,10.09375],"tintindex":0,"rotation":0,"texture":"#0"},"south":{"uv":[6.78125,9.96875,6.875,10.03125],"tintindex":0,"rotation":0,"texture":"#0"},"north":{"uv":[6.625,9.96875,6.71875,10.03125],"tintindex":0,"rotation":0,"texture":"#0"},"west":{"uv":[5.625,10.03125,5.6875,10.09375],"tintindex":0,"rotation":0,"texture":"#0"},"up":{"uv":[6.96875,10.03125,6.875,9.96875],"tintindex":0,"rotation":0,"texture":"#0"},"down":{"uv":[7.0625,9.96875,6.96875,10.03125],"tintindex":0,"rotation":0,"texture":"#0"}},"rotation":{"origin":[5.926,7.8045673,-37.651676],"angle":45.0,"axis":"z"}},{"from":[4.726,8.931406,18.998325],"to":[6.226,9.931406,19.998322],"faces":{"east":{"uv":[2.46875,10.03125,2.53125,10.09375],"tintindex":0,"rotation":0,"texture":"#0"},"south":{"uv":[9.96875,3.9375,10.0625,4.0],"tintindex":0,"rotation":0,"texture":"#0"},"north":{"uv":[9.96875,3.875,10.0625,3.9375],"tintindex":0,"rotation":0,"texture":"#0"},"west":{"uv":[2.53125,10.03125,2.59375,10.09375],"tintindex":0,"rotation":0,"texture":"#0"},"up":{"uv":[4.09375,10.03125,4.0,9.96875],"tintindex":0,"rotation":0,"texture":"#0"},"down":{"uv":[10.0625,4.0,9.96875,4.0625],"tintindex":0,"rotation":0,"texture":"#0"}},"rotation":{"origin":[5.926,8.181406,-37.651676],"angle":-45.0,"axis":"z"}},{"from":[4.726,8.931406,15.498325],"to":[6.226,9.931406,16.498325],"faces":{"east":{"uv":[3.0625,10.03125,3.125,10.09375],"tintindex":0,"rotation":0,"texture":"#0"},"south":{"uv":[9.96875,4.375,10.0625,4.4375],"tintindex":0,"rotation":0,"texture":"#0"},"north":{"uv":[9.96875,4.0625,10.0625,4.125],"tintindex":0,"rotation":0,"texture":"#0"},"west":{"uv":[10.03125,3.0625,10.09375,3.125],"tintindex":0,"rotation":0,"texture":"#0"},"up":{"uv":[4.59375,10.03125,4.5,9.96875],"tintindex":0,"rotation":0,"texture":"#0"},"down":{"uv":[10.0625,4.53125,9.96875,4.59375],"tintindex":0,"rotation":0,"texture":"#0"}},"rotation":{"origin":[5.926,8.181406,-37.651676],"angle":-45.0,"axis":"z"}},{"from":[9.774,8.531406,13.198322],"to":[11.274,9.531406,14.198322],"faces":{"east":{"uv":[0.84375,10.03125,0.90625,10.09375],"tintindex":0,"rotation":0,"texture":"#0"},"south":{"uv":[9.96875,3.0,10.0625,3.0625],"tintindex":0,"rotation":0,"texture":"#0"},"north":{"uv":[9.96875,2.84375,10.0625,2.90625],"tintindex":0,"rotation":0,"texture":"#0"},"west":{"uv":[0.90625,10.03125,0.96875,10.09375],"tintindex":0,"rotation":0,"texture":"#0"},"up":{"uv":[10.0625,3.1875,9.96875,3.125],"tintindex":0,"rotation":0,"texture":"#0"},"down":{"uv":[10.0625,3.1875,9.96875,3.25],"tintindex":0,"rotation":0,"texture":"#0"}},"rotation":{"origin":[10.073999,7.7814064,-39.951675],"angle":45.0,"axis":"z"}},{"from":[9.624001,6.004566,14.348324],"to":[12.124001,7.004566,15.348324],"faces":{"east":{"uv":[6.59375,10.03125,6.65625,10.09375],"tintindex":0,"rotation":0,"texture":"#0"},"south":{"uv":[3.9375,9.8125,4.09375,9.875],"tintindex":0,"rotation":0,"texture":"#0"},"north":{"uv":[9.8125,3.90625,9.96875,3.96875],"tintindex":0,"rotation":0,"texture":"#0"},"west":{"uv":[6.65625,10.03125,6.71875,10.09375],"tintindex":0,"rotation":0,"texture":"#0"},"up":{"uv":[9.96875,4.03125,9.8125,3.96875],"tintindex":0,"rotation":0,"texture":"#0"},"down":{"uv":[9.96875,4.03125,9.8125,4.09375],"tintindex":0,"rotation":0,"texture":"#0"}},"rotation":{"origin":[10.924,7.754566,-38.801674],"angle":-45.0,"axis":"z"}},{"from":[4.726,6.454567,13.198322],"to":[6.226,7.454567,14.198322],"faces":{"east":{"uv":[3.875,10.03125,3.9375,10.09375],"tintindex":0,"rotation":0,"texture":"#0"},"south":{"uv":[9.96875,5.9375,10.0625,6.0],"tintindex":0,"rotation":0,"texture":"#0"},"north":{"uv":[5.875,9.96875,5.96875,10.03125],"tintindex":0,"rotation":0,"texture":"#0"},"west":{"uv":[3.9375,10.03125,4.0,10.09375],"tintindex":0,"rotation":0,"texture":"#0"},"up":{"uv":[10.0625,6.0625,9.96875,6.0],"tintindex":0,"rotation":0,"texture":"#0"},"down":{"uv":[10.0625,6.0625,9.96875,6.125],"tintindex":0,"rotation":0,"texture":"#0"}},"rotation":{"origin":[5.926,8.204567,-39.951675],"angle":45.0,"axis":"z"}},{"from":[3.876,8.981407,17.848324],"to":[6.376,9.981407,18.848324],"faces":{"east":{"uv":[1.875,10.03125,1.9375,10.09375],"tintindex":0,"rotation":0,"texture":"#0"},"south":{"uv":[2.03125,9.8125,2.1875,9.875],"tintindex":0,"rotation":0,"texture":"#0"},"north":{"uv":[9.8125,1.9375,9.96875,2.0],"tintindex":0,"rotation":0,"texture":"#0"},"west":{"uv":[10.03125,2.375,10.09375,2.4375],"tintindex":0,"rotation":0,"texture":"#0"},