{"textures":{"0":"ia:59","particle":"#0"},"elements":[{"from":[19.75,11.25,26.25],"to":[-3.75,4.75,15.25],"faces":{"east":{"uv":[9.0546875,3.765625,9.3984375,3.96875],"tintindex":0,"rotation":0,"texture":"#0"},"south":{"uv":[6.6015625,6.453125,7.3359375,6.65625],"tintindex":0,"rotation":0,"texture":"#0"},"north":{"uv":[6.5234375,6.25,7.2578125,6.453125],"tintindex":0,"rotation":0,"texture":"#0"},"west":{"uv":[1.640625,9.0625,1.984375,9.265625],"tintindex":0,"rotation":0,"texture":"#0"},"up":{"uv":[4.4375,0.34375,3.703125,0.0],"tintindex":0,"rotation":0,"texture":"#0"},"down":{"uv":[4.46875,0.34375,3.734375,0.6875],"tintindex":0,"rotation":0,"texture":"#0"}}},{"from":[19.75,11.25,0.75],"to":[-3.75,4.75,-10.25],"faces":{"east":{"uv":[1.984375,9.0625,2.328125,9.265625],"tintindex":0,"rotation":0,"texture":"#0"},"south":{"uv":[6.6796875,0.7578125,7.4140625,0.9609375],"tintindex":0,"rotation":0,"texture":"#0"},"north":{"uv":[6.6015625,6.65625,7.3359375,6.859375],"tintindex":0,"rotation":0,"texture":"#0"},"west":{"uv":[9.0625,6.75,9.40625,6.953125],"tintindex":0,"rotation":0,"texture":"#0"},"up":{"uv":[4.46875,1.03125,3.734375,0.6875],"tintindex":0,"rotation":0,"texture":"#0"},"down":{"uv":[4.46875,1.03125,3.734375,1.375],"tintindex":0,"rotation":0,"texture":"#0"}}},{"from":[18.25,9.75,24.75],"to":[-2.25,6.25,16.75],"faces":{"east":{"uv":[1.4765625,9.5625,1.7265625,9.671875],"tintindex":0,"rotation":0,"texture":"#0"},"south":{"uv":[9.015625,3.65625,9.65625,3.765625],"tintindex":0,"rotation":0,"texture":"#0"},"north":{"uv":[8.9609375,8.1953125,9.6015625,8.3046875],"tintindex":0,"rotation":0,"texture":"#0"},"west":{"uv":[1.7265625,9.5625,1.9765625,9.671875],"tintindex":0,"rotation":0,"texture":"#0"},"up":{"uv":[6.8515625,0.5625,6.2109375,0.3125],"tintindex":0,"rotation":0,"texture":"#0"},"down":{"uv":[4.0546875,6.2265625,3.4140625,6.4765625],"tintindex":0,"rotation":0,"texture":"#0"}}},{"from":[-1.5,7.0,-8.0],"to":[17.5,9.0,-1.5],"faces":{"east":{"uv":[7.734375,7.25,7.9375,7.3125],"tintindex":0,"rotation":0,"texture":"#0"},"south":{"uv":[9.4453125,2.59375,10.0390625,2.65625],"tintindex":0,"rotation":0,"texture":"#0"},"north":{"uv":[9.265625,3.5625,9.859375,3.625],"tintindex":0,"rotation":0,"texture":"#0"},"west":{"uv":[8.046875,4.5859375,8.25,4.6484375],"tintindex":0,"rotation":0,"texture":"#0"},"up":{"uv":[8.078125,3.8984375,7.484375,3.6953125],"tintindex":0,"rotation":0,"texture":"#0"},"down":{"uv":[8.1171875,5.125,7.5234375,5.328125],"tintindex":0,"rotation":0,"texture":"#0"}}},{"from":[0.75,11.25,26.25],"to":[-10.25,4.75,-10.25],"faces":{"east":{"uv":[4.46875,0.40625,5.609375,0.609375],"tintindex":0,"rotation":0,"texture":"#0"},"south":{"uv":[9.0859375,1.734375,9.4296875,1.9375],"tintindex":0,"rotation":0,"texture":"#0"},"north":{"uv":[9.078125,4.8359375,9.421875,5.0390625],"tintindex":0,"rotation":0,"texture":"#0"},"west":{"uv":[4.46875,0.609375,5.609375,0.8125],"tintindex":0,"rotation":0,"texture":"#0"},"up":{"uv":[2.0,1.796875,1.65625,0.65625],"tintindex":0,"rotation":0,"texture":"#0"},"down":{"uv":[1.34375,1.796875,1.0,2.9375],"tintindex":0,"rotation":0,"texture":"#0"}}},{"from":[-0.75,9.75,24.75],"to":[-8.75,6.25,-8.75],"faces":{"east":{"uv":[7.65625,5.671875,8.703125,5.78125],"tintindex":0,"rotation":0,"texture":"#0"},"south":{"uv":[2.5546875,9.5703125,2.8046875,9.6796875],"tintindex":0,"rotation":0,"texture":"#0"},"north":{"uv":[5.4375,9.5625,5.6875,9.671875],"tintindex":0,"rotation":0,"texture":"#0"},"west":{"uv":[7.671875,7.65625,8.71875,7.765625],"tintindex":0,"rotation":0,"texture":"#0"},"up":{"uv":[3.15625,4.65625,2.90625,3.609375],"tintindex":0,"rotation":0,"texture":"#0"},"down":{"uv":[3.40625,3.609375,3.15625,4.65625],"tintindex":0,"rotation":0,"texture":"#0"}}},{"from":[26.25,11.25,26.25],"to":[15.25,4.75,-10.25],"faces":{"east":{"uv":[4.4375,0.0,5.578125,0.203125],"tintindex":0,"rotation":0,"texture":"#0"},"south":{"uv":[9.046875,8.5234375,9.390625,8.7265625],"tintindex":0,"rotation":0,"texture":"#0"},"north":{"uv":[6.4296875,9.046875,6.7734375,9.25],"tintindex":0,"rotation":0,"texture":"#0"},"west":{"uv":[4.46875,0.203125,5.609375,0.40625],"tintindex":0,"rotation":0,"texture":"#0"},"up":{"uv":[1.0,2.453125,0.65625,1.3125],"tintindex":0,"rotation":0,"texture":"#0"},"down":{"uv":[1.65625,0.65625,1.3125,1.796875],"tintindex":0,"rotation":0,"texture":"#0"}}},{"from":[17.5,7.0,-8.0],"to":[24.0,9.0,24.0],"faces":{"east":{"uv":[9.15625,6.65625,10.15625,6.71875],"tintindex":0,"rotation":0,"texture":"#0"},"south":{"uv":[3.4140625,7.5,3.6171875,7.5625],"tintindex":0,"rotation":0,"texture":"#0"},"north":{"uv":[5.75,7.1015625,5.953125,7.1640625],"tintindex":0,"rotation":0,"texture":"#0"},"west":{"uv":[9.1640625,7.4609375,10.1640625,7.5234375],"tintindex":0,"rotation":0,"texture":"#0"},"up":{"uv":[2.109375,5.7109375,1.90625,4.7109375],"tintindex":0,"rotation":0,"texture":"#0"},"down":{"uv":[0.203125,4.8046875,0.0,5.8046875],"tintindex":0,"rotation":0,"texture":"#0"}}},{"from":[18.25,9.75,-0.75],"to":[-2.25,6.25,-8.75],"faces":{"east":{"uv":[7.7265625,9.5703125,7.9765625,9.6796875],"tintindex":0,"rotation":0,"texture":"#0"},"south":{"uv":[9.046875,8.4140625,9.6875,8.5234375],"tintindex":0,"rotation":0,"texture":"#0"},"north":{"uv":[9.046875,8.3046875,9.6875,8.4140625],"tintindex":0,"rotation":0,"texture":"#0"},"west":{"uv":[9.5703125,8.7890625,9.8203125,8.8984375],"tintindex":0,"rotation":0,"texture":"#0"},"up":{"uv":[6.890625,3.40625,6.25,3.15625],"tintindex":0,"rotation":0,"texture":"#0"},"down":{"uv":[6.9375,2.203125,6.296875,2.453125],"tintindex":0,"rotation":0,"texture":"#0"}}},{"from":[19.0,10.5,25.5],"to":[-3.0,5.5,16.0],"faces":{"east":{"uv":[9.390625,8.5234375,9.6875,8.6796875],"tintindex":0,"rotation":0,"texture":"#0"},"south":{"uv":[7.671875,7.765625,8.359375,7.921875],"tintindex":0,"rotation":0,"texture":"#0"},"north":{"uv":[6.25,3.40625,6.9375,3.5625],"tintindex":0,"rotation":0,"texture":"#0"},"west":{"uv":[9.40625,0.7890625,9.703125,0.9453125],"tintindex":0,"rotation":0,"texture":"#0"},"up":{"uv":[5.5,4.125,4.8125,3.828125],"tintindex":0,"rotation":0,"texture":"#0"},"down":{"uv":[5.5,4.125,4.8125,4.421875],"tintindex":0,"rotation":0,"texture":"#0"}}},{"from":[19.0,10.5,0.0],"to":[-3.0,5.5,-9.5],"faces":{"east":{"uv":[9.4453125,2.4375,9.7421875,2.59375],"tintindex":0,"rotation":0,"texture":"#0"},"south":{"uv":[7.796875,2.078125,8.484375,2.234375],"tintindex":0,"rotation":0,"texture":"#0"},"north":{"uv":[7.796875,1.921875,8.484375,2.078125],"tintindex":0,"rotation":0,"texture":"#0"},"west":{"uv":[9.4453125,3.0625,9.7421875,3.21875],"tintindex":0,"rotation":0,"texture":"#0"},"up":{"uv":[5.5,4.71875,4.8125,4.421875],"tintindex":0,"rotation":0,"texture":"#0"},"down":{"uv":[5.5,4.71875,4.8125,5.015625],"tintindex":0,"rotation":0,"texture":"#0"}}},{"from":[-1.5,7.0,17.5],"to":[17.5,9.0,24.0],"faces":{"east":{"uv":[5.8125,7.5,6.015625,7.5625],"tintindex":0,"rotation":0,"texture":"#0"},"south":{"uv":[8.2421875,1.4921875,8.8359375,1.5546875],"tintindex":0,"rotation":0,"texture":"#0"},"north":{"uv":[8.046875,0.3671875,8.640625,0.4296875],"tintindex":0,"rotation":0,"texture":"#0"},"west":{"uv":[3.7578125,7.578125,3.9609375,7.640625],"tintindex":0,"rotation":0,"texture":"#0"},"up":{"uv":[7.9296875,6.859375,7.3359375,6.65625],"tintindex":0,"rotation":0,"texture":"#0"},"down":{"uv":[8.046875,4.4453125,7.453125,4.6484375],"tintindex":0,"rotation":0,"texture":"#0"}}},{"from":[24.75,9.75,24.75],"to":[16.75,6.25,-8.75],"faces":{"east":{"uv":[7.625,3.5078125,8.671875,3.6171875],"tintindex":0,"rotation":0,"texture":"#0"},"south":{"uv":[9.5078125,9.53125,9.7578125,9.640625],"tintindex":0,"rotation":0,"texture":"#0"},"north":{"uv":[2.3046875,9.53125,2.5546875,9.640625],"tintindex":0,"rotation":0,"texture":"#0"},"west":{"uv":[7.6484375,4.9921875,8.6953125,5.1015625],"tintindex":0,"rotation":0,"texture":"#0"},"up":{"uv":[2.65625,4.65625,2.40625,3.609375],"tintindex":0,"rotation":0,"texture":"#0"},"down":{"uv":[2.90625,3.609375,2.65625,4.65625],"tintindex":0,