{"textures":{"0":"ia:59","particle":"#0"},"elements":[{"from":[-6.0,8.0,5.0],"to":[8.0,14.0,11.0],"faces":{"east":{"uv":[4.734375,1.28125,4.828125,1.375],"tintindex":0,"rotation":0,"texture":"#0"},"south":{"uv":[9.453125,9.640625,9.671875,9.734375],"tintindex":0,"rotation":0,"texture":"#0"},"north":{"uv":[9.640625,6.0703125,9.859375,6.1640625],"tintindex":0,"rotation":0,"texture":"#0"},"west":{"uv":[7.125,9.796875,7.21875,9.890625],"tintindex":0,"rotation":0,"texture":"#0"},"up":{"uv":[0.4375,9.7421875,0.21875,9.6484375],"tintindex":0,"rotation":0,"texture":"#0"},"down":{"uv":[1.21875,9.6484375,1.0,9.7421875],"tintindex":0,"rotation":0,"texture":"#0"}}},{"from":[-6.5,7.5,4.5],"to":[8.5,14.5,11.5],"faces":{"east":{"uv":[4.6953125,7.921875,4.796875,8.0234375],"tintindex":0,"rotation":0,"texture":"#0"},"south":{"uv":[9.640625,0.1875,9.8671875,0.2890625],"tintindex":0,"rotation":0,"texture":"#0"},"north":{"uv":[7.25,9.6328125,7.4765625,9.734375],"tintindex":0,"rotation":0,"texture":"#0"},"west":{"uv":[9.171875,4.21875,9.2734375,4.3203125],"tintindex":0,"rotation":0,"texture":"#0"},"up":{"uv":[9.8671875,0.390625,9.640625,0.2890625],"tintindex":0,"rotation":0,"texture":"#0"},"down":{"uv":[9.8671875,0.390625,9.640625,0.4921875],"tintindex":0,"rotation":0,"texture":"#0"}}}],"display":{"gui":{"rotation":[-150.0,-45.0,180.0]}},"gui_light":"front"}