{"textures":{"0":"ia:59","particle":"#0"},"elements":[{"from":[6.0,2.061905,-2.2565308],"to":[10.0,6.061905,7.0768027],"faces":{"east":{"uv":[9.6484375,7.0,9.8671875,7.09375],"tintindex":0,"rotation":0,"texture":"#0"},"south":{"uv":[4.8046875,9.8046875,4.8984375,9.8984375],"tintindex":0,"rotation":0,"texture":"#0"},"north":{"uv":[4.7109375,9.8046875,4.8046875,9.8984375],"tintindex":0,"rotation":0,"texture":"#0"},"west":{"uv":[9.6484375,7.09375,9.8671875,7.1875],"tintindex":0,"rotation":0,"texture":"#0"},"up":{"uv":[5.1171875,7.640625,5.0234375,7.421875],"tintindex":0,"rotation":0,"texture":"#0"},"down":{"uv":[9.0390625,9.1171875,8.9453125,9.3359375],"tintindex":0,"rotation":0,"texture":"#0"}},"rotation":{"origin":[8.0,4.061905,2.4101357],"angle":22.5,"axis":"x"}},{"from":[5.933333,0.40361023,-9.91972],"to":[10.066668,2.4036102,-5.2530518],"faces":{"east":{"uv":[0.8828125,4.4765625,0.9921875,4.5234375],"tintindex":0,"rotation":0,"texture":"#0"},"south":{"uv":[6.0703125,0.7578125,6.1640625,0.8046875],"tintindex":0,"rotation":0,"texture":"#0"},"north":{"uv":[4.640625,3.828125,4.734375,3.875],"tintindex":0,"rotation":0,"texture":"#0"},"west":{"uv":[0.9921875,4.4765625,1.1015625,4.5234375],"tintindex":0,"rotation":0,"texture":"#0"},"up":{"uv":[9.890625,5.8828125,9.796875,5.7734375],"tintindex":0,"rotation":0,"texture":"#0"},"down":{"uv":[7.125,9.796875,7.03125,9.90625],"tintindex":0,"rotation":0,"texture":"#0"}},"rotation":{"origin":[8.0,2.4036102,-0.91971874],"angle":22.5,"axis":"x"}},{"from":[-2.4546537,4.0666656,1.4211526],"to":[2.2120132,8.133331,6.087819],"faces":{"east":{"uv":[9.78125,1.375,9.890625,1.46875],"tintindex":0,"rotation":0,"texture":"#0"},"south":{"uv":[2.0859375,9.78125,2.1953125,9.875],"tintindex":0,"rotation":0,"texture":"#0"},"north":{"uv":[0.0,9.78125,0.109375,9.875],"tintindex":0,"rotation":0,"texture":"#0"},"west":{"uv":[3.140625,9.78125,3.25,9.875],"tintindex":0,"rotation":0,"texture":"#0"},"up":{"uv":[6.0625,9.84375,5.953125,9.734375],"tintindex":0,"rotation":0,"texture":"#0"},"down":{"uv":[7.359375,9.734375,7.25,9.84375],"tintindex":0,"rotation":0,"texture":"#0"}},"rotation":{"origin":[-0.121320724,6.1333313,6.754486],"angle":-45.0,"axis":"y"}},{"from":[11.333334,6.091034,1.8456621],"to":[13.333334,10.091034,13.178996],"faces":{"east":{"uv":[7.9921875,4.8984375,8.2578125,4.9921875],"tintindex":0,"rotation":0,"texture":"#0"},"south":{"uv":[0.3671875,4.8046875,0.4140625,4.8984375],"tintindex":0,"rotation":0,"texture":"#0"},"north":{"uv":[3.359375,4.75,3.40625,4.84375],"tintindex":0,"rotation":0,"texture":"#0"},"west":{"uv":[9.5234375,4.375,9.7890625,4.46875],"tintindex":0,"rotation":0,"texture":"#0"},"up":{"uv":[2.2734375,8.6640625,2.2265625,8.3984375],"tintindex":0,"rotation":0,"texture":"#0"},"down":{"uv":[5.734375,9.03125,5.6875,9.296875],"tintindex":0,"rotation":0,"texture":"#0"}},"rotation":{"origin":[11.333334,7.7577004,6.845662],"angle":-22.5,"axis":"x"}},{"from":[13.787987,4.0666656,1.4211526],"to":[18.454655,8.133331,6.087819],"faces":{"east":{"uv":[4.03125,9.78125,4.140625,9.875],"tintindex":0,"rotation":0,"texture":"#0"},"south":{"uv":[9.78125,7.6171875,9.890625,7.7109375],"tintindex":0,"rotation":0,"texture":"#0"},"north":{"uv":[3.921875,9.78125,4.03125,9.875],"tintindex":0,"rotation":0,"texture":"#0"},"west":{"uv":[9.78125,7.84375,9.890625,7.9375],"tintindex":0,"rotation":0,"texture":"#0"},"up":{"uv":[7.46875,9.84375,7.359375,9.734375],"tintindex":0,"rotation":0,"texture":"#0"},"down":{"uv":[9.84375,9.0,9.734375,9.109375],"tintindex":0,"rotation":0,"texture":"#0"}},"rotation":{"origin":[16.12132,6.1333313,6.754486],"angle":45.0,"axis":"y"}},{"from":[3.6509218,8.0,-6.631256],"to":[3.6509218,10.0,8.702077],"faces":{"east":{"uv":[9.65625,7.5234375,10.015625,7.5703125],"tintindex":0,"rotation":0,"texture":"#0"},"west":{"uv":[9.65625,7.5703125,10.015625,7.6171875],"tintindex":0,"rotation":0,"texture":"#0"}},"rotation":{"origin":[9.650922,16.0,-1.2979231],"angle":-22.5,"axis":"y"}},{"from":[6.0,4.0,-10.0],"to":[10.0,8.0,8.0],"faces":{"east":{"uv":[8.34375,8.0625,8.765625,8.15625],"tintindex":0,"rotation":0,"texture":"#0"},"south":{"uv":[3.0234375,9.8046875,3.1171875,9.8984375],"tintindex":0,"rotation":0,"texture":"#0"},"north":{"uv":[9.625,9.796875,9.71875,9.890625],"tintindex":0,"rotation":0,"texture":"#0"},"west":{"uv":[8.3984375,6.2890625,8.8203125,6.3828125],"tintindex":0,"rotation":0,"texture":"#0"},"up":{"uv":[8.8984375,9.8515625,8.8046875,9.4296875],"tintindex":0,"rotation":0,"texture":"#0"},"down":{"uv":[4.5234375,9.4375,4.4296875,9.859375],"tintindex":0,"rotation":0,"texture":"#0"}}},{"from":[10.0,4.0,1.333333],"to":[14.0,8.0,8.0],"faces":{"east":{"uv":[8.765625,8.0625,8.921875,8.15625],"tintindex":0,"rotation":0,"texture":"#0"},"south":{"uv":[7.671875,9.8046875,7.765625,9.8984375],"tintindex":0,"rotation":0,"texture":"#0"},"north":{"uv":[7.578125,9.8046875,7.671875,9.8984375],"tintindex":0,"rotation":0,"texture":"#0"},"west":{"uv":[7.7265625,9.4609375,7.8828125,9.5546875],"tintindex":0,"rotation":0,"texture":"#0"},"up":{"uv":[9.7734375,4.625,9.6796875,4.46875],"tintindex":0,"rotation":0,"texture":"#0"},"down":{"uv":[9.7734375,5.0546875,9.6796875,5.2109375],"tintindex":0,"rotation":0,"texture":"#0"}}},{"from":[7.7490783,4.0,-6.631256],"to":[12.415745,8.0,4.0354104],"faces":{"east":{"uv":[9.6328125,0.09375,9.8828125,0.1875],"tintindex":0,"rotation":0,"texture":"#0"},"south":{"uv":[9.7890625,2.65625,9.8984375,2.75],"tintindex":0,"rotation":0,"texture":"#0"},"north":{"uv":[9.7890625,1.2421875,9.8984375,1.3359375],"tintindex":0,"rotation":0,"texture":"#0"},"west":{"uv":[6.3359375,9.6328125,6.5859375,9.7265625],"tintindex":0,"rotation":0,"texture":"#0"},"up":{"uv":[3.0234375,9.8203125,2.9140625,9.5703125],"tintindex":0,"rotation":0,"texture":"#0"},"down":{"uv":[8.0859375,9.5703125,7.9765625,9.8203125],"tintindex":0,"rotation":0,"texture":"#0"}},"rotation":{"origin":[6.415745,10.0,-1.2979231],"angle":22.5,"axis":"y"}},{"from":[5.5999994,0.07027674,-9.586386],"to":[10.400001,2.7369432,-4.9197187],"faces":{"east":{"uv":[1.1015625,7.6875,1.203125,7.7421875],"tintindex":0,"rotation":0,"texture":"#0"},"south":{"uv":[3.2421875,7.8515625,3.34375,7.90625],"tintindex":0,"rotation":0,"texture":"#0"},"north":{"uv":[3.9609375,7.578125,4.0625,7.6328125],"tintindex":0,"rotation":0,"texture":"#0"},"west":{"uv":[7.984375,3.6171875,8.0859375,3.671875],"tintindex":0,"rotation":0,"texture":"#0"},"up":{"uv":[9.875,1.9921875,9.7734375,1.890625],"tintindex":0,"rotation":0,"texture":"#0"},"down":{"uv":[9.875,1.9921875,9.7734375,2.09375],"tintindex":0,"rotation":0,"texture":"#0"}},"rotation":{"origin":[8.0,2.4036102,-0.91971874],"angle":22.5,"axis":"x"}},{"from":[3.5842552,4.0,-6.631256],"to":[8.250922,8.0,4.0354104],"faces":{"east":{"uv":[9.6328125,6.71875,9.8828125,6.8125],"tintindex":0,"rotation":0,"texture":"#0"},"south":{"uv":[9.796875,5.6796875,9.90625,5.7734375],"tintindex":0,"rotation":0,"texture":"#0"},"north":{"uv":[9.7890625,4.375,9.8984375,4.46875],"tintindex":0,"rotation":0,"texture":"#0"},"west":{"uv":[9.6328125,6.8125,9.8828125,6.90625],"tintindex":0,"rotation":0,"texture":"#0"},"up":{"uv":[9.6875,5.96875,9.578125,5.71875],"tintindex":0,"rotation":0,"texture":"#0"},"down":{"uv":[5.078125,9.5859375,4.96875,9.8359375],"tintindex":0,"rotation":0,"texture":"#0"}},"rotation":{"origin":[9.584255,10.0,-1.2979231],"angle":-22.5,"axis":"y"}},{"from":[5.5999994,6.4483337,-11.651043],"to":[10.400001,12.448334,-8.317709],"faces":{"east":{"uv":[4.9453125,8.2890625,5.015625,8.421875],"tintindex":0,"rotation":0,"texture":"#0"},"south":{"uv":[3.0,6.578125,3.1015625,6.7109375],"tintindex":0,"rotation":0,"texture":"#0"},"north":{"uv":[6.3515625,4.8671875,6.453125,5.0],"tintindex":0,"rotation":0,"texture":"#0"},"west":{"uv":[8.8203125,6.265625,8.890625,6.3984375],"tintindex":0,"rotation":0,"texture":"#0"},"up":{"uv":[1.875,6.984375,1.7734375,6.9140625],"tintindex":0,"rotation":0,"texture":"#0"},