{"textures":{"0":"ia:59","particle":"#0"},"elements":[{"from":[0.0,0.0,1.333333],"to":[16.0,16.0,12.0],"faces":{"east":{"uv":[8.3984375,4.5859375,8.6484375,4.9609375],"tintindex":0,"rotation":0,"texture":"#0"},"south":{"uv":[0.5703125,7.28125,0.9453125,7.65625],"tintindex":0,"rotation":0,"texture":"#0"},"north":{"uv":[7.2734375,4.75,7.6484375,5.125],"tintindex":0,"rotation":0,"texture":"#0"},"west":{"uv":[0.25,8.40625,0.5,8.78125],"tintindex":0,"rotation":0,"texture":"#0"},"up":{"uv":[3.0234375,8.65625,2.6484375,8.40625],"tintindex":0,"rotation":0,"texture":"#0"},"down":{"uv":[1.8359375,8.421875,1.4609375,8.671875],"tintindex":0,"rotation":0,"texture":"#0"}}},{"from":[2.333333,2.333333,-15.666668],"to":[13.666667,13.666667,10.333334],"faces":{"east":{"uv":[6.40625,5.328125,7.0078125,5.5859375],"tintindex":0,"rotation":0,"texture":"#0"},"south":{"uv":[4.078125,9.1484375,4.3359375,9.40625],"tintindex":0,"rotation":0,"texture":"#0"},"north":{"uv":[9.1484375,0.7421875,9.40625,1.0],"tintindex":0,"rotation":0,"texture":"#0"},"west":{"uv":[6.453125,3.9921875,7.0546875,4.25],"tintindex":0,"rotation":0,"texture":"#0"},"up":{"uv":[5.4921875,7.0390625,5.234375,6.4375],"tintindex":0,"rotation":0,"texture":"#0"},"down":{"uv":[5.75,6.4375,5.4921875,7.0390625],"tintindex":0,"rotation":0,"texture":"#0"}}},{"from":[2.6666665,2.6666665,-15.333334],"to":[13.333334,13.333334,10.0],"faces":{"east":{"uv":[6.8515625,0.5,7.4453125,0.75],"tintindex":0,"rotation":0,"texture":"#0"},"south":{"uv":[9.4140625,7.203125,9.6640625,7.453125],"tintindex":0,"rotation":0,"texture":"#0"},"north":{"uv":[9.4140625,2.1875,9.6640625,2.4375],"tintindex":0,"rotation":0,"texture":"#0"},"west":{"uv":[6.859375,4.5,7.453125,4.75],"tintindex":0,"rotation":0,"texture":"#0"},"up":{"uv":[7.1015625,7.453125,6.8515625,6.859375],"tintindex":0,"rotation":0,"texture":"#0"},"down":{"uv":[2.4375,6.8671875,2.1875,7.4609375],"tintindex":0,"rotation":0,"texture":"#0"}}},{"from":[-0.33333397,-0.33333397,1.0],"to":[16.333334,16.333334,12.333334],"faces":{"east":{"uv":[6.7421875,8.046875,7.0,8.4296875],"tintindex":0,"rotation":0,"texture":"#0"},"south":{"uv":[1.046875,6.8984375,1.4296875,7.28125],"tintindex":0,"rotation":0,"texture":"#0"},"north":{"uv":[0.6640625,6.8984375,1.046875,7.28125],"tintindex":0,"rotation":0,"texture":"#0"},"west":{"uv":[8.09375,3.6171875,8.3515625,4.0],"tintindex":0,"rotation":0,"texture":"#0"},"up":{"uv":[8.46875,6.0390625,8.0859375,5.78125],"tintindex":0,"rotation":0,"texture":"#0"},"down":{"uv":[3.03125,8.1484375,2.6484375,8.40625],"tintindex":0,"rotation":0,"texture":"#0"}}}],"display":{"gui":{"rotation":[-150.0,-45.0,180.0]}},"gui_light":"front"}