{"textures":{"0":"ia:59","particle":"#0"},"elements":[{"from":[-14.0,-4.0,8.0],"to":[-6.0,9.0,8.0],"faces":{"south":{"uv":[0.46875,9.609375,0.59375,9.8125],"tintindex":0,"rotation":0,"texture":"#0"},"north":{"uv":[9.234375,1.5,9.359375,1.703125],"tintindex":0,"rotation":0,"texture":"#0"}}},{"from":[-6.0,1.0,4.0],"to":[8.0,9.0,12.0],"faces":{"east":{"uv":[3.140625,9.65625,3.265625,9.78125],"tintindex":0,"rotation":0,"texture":"#0"},"south":{"uv":[7.3515625,3.1640625,7.5703125,3.2890625],"tintindex":0,"rotation":0,"texture":"#0"},"north":{"uv":[3.140625,5.65625,3.359375,5.78125],"tintindex":0,"rotation":0,"texture":"#0"},"west":{"uv":[3.9296875,9.65625,4.0546875,9.78125],"tintindex":0,"rotation":0,"texture":"#0"},"up":{"uv":[0.5703125,7.640625,0.3515625,7.515625],"tintindex":0,"rotation":0,"texture":"#0"},"down":{"uv":[9.7421875,4.25,9.5234375,4.375],"tintindex":0,"rotation":0,"texture":"#0"}}},{"from":[-6.5,0.5,3.5],"to":[8.5,9.5,12.5],"faces":{"east":{"uv":[1.96875,5.7109375,2.1015625,5.84375],"tintindex":0,"rotation":0,"texture":"#0"},"south":{"uv":[0.0,8.6171875,0.2265625,8.75],"tintindex":0,"rotation":0,"texture":"#0"},"north":{"uv":[8.359375,7.765625,8.5859375,7.8984375],"tintindex":0,"rotation":0,"texture":"#0"},"west":{"uv":[6.4609375,7.2890625,6.59375,7.421875],"tintindex":0,"rotation":0,"texture":"#0"},"up":{"uv":[3.953125,9.625,3.7265625,9.4921875],"tintindex":0,"rotation":0,"texture":"#0"},"down":{"uv":[6.5625,9.5,6.3359375,9.6328125],"tintindex":0,"rotation":0,"texture":"#0"}}}],"display":{"gui":{"rotation":[-150.0,-45.0,180.0]}},"gui_light":"front"}