{"textures":{"0":"ia:58","particle":"#0"},"elements":[{"from":[4.333333,4.333333,-14.0],"to":[11.666667,11.666667,-2.333334],"faces":{"east":{"uv":[5.5,4.328125,6.046875,4.671875],"tintindex":0,"rotation":0,"texture":"#0"},"south":{"uv":[7.671875,7.3125,8.015625,7.65625],"tintindex":0,"rotation":0,"texture":"#0"},"north":{"uv":[7.65625,5.328125,8.0,5.671875],"tintindex":0,"rotation":0,"texture":"#0"},"west":{"uv":[5.5,4.671875,6.046875,5.015625],"tintindex":0,"rotation":0,"texture":"#0"},"up":{"uv":[5.8828125,5.9140625,5.5390625,5.3671875],"tintindex":0,"rotation":0,"texture":"#0"},"down":{"uv":[0.546875,5.578125,0.203125,6.125],"tintindex":0,"rotation":0,"texture":"#0"}}},{"from":[4.1666665,4.1666665,-14.166668],"to":[11.833334,11.833334,-2.166667],"faces":{"east":{"uv":[5.234375,1.921875,5.7890625,2.2734375],"tintindex":0,"rotation":0,"texture":"#0"},"south":{"uv":[7.578125,0.8828125,7.9296875,1.234375],"tintindex":0,"rotation":0,"texture":"#0"},"north":{"uv":[0.0,7.5703125,0.3515625,7.921875],"tintindex":0,"rotation":0,"texture":"#0"},"west":{"uv":[5.2421875,5.015625,5.796875,5.3671875],"tintindex":0,"rotation":0,"texture":"#0"},"up":{"uv":[2.8203125,5.8046875,2.46875,5.25],"tintindex":0,"rotation":0,"texture":"#0"},"down":{"uv":[4.0625,5.25,3.7109375,5.8046875],"tintindex":0,"rotation":0,"texture":"#0"}}},{"from":[3.333333,3.333333,-6.666667],"to":[12.666667,12.666667,-1.333334],"faces":{"east":{"uv":[2.8046875,7.7109375,3.0546875,8.1484375],"tintindex":0,"rotation":0,"texture":"#0"},"south":{"uv":[1.2421875,5.4375,1.6796875,5.875],"tintindex":0,"rotation":0,"texture":"#0"},"north":{"uv":[0.8046875,5.4375,1.2421875,5.875],"tintindex":0,"rotation":0,"texture":"#0"},"west":{"uv":[7.09375,7.71875,7.34375,8.15625],"tintindex":0,"rotation":0,"texture":"#0"},"up":{"uv":[5.4609375,7.9765625,5.0234375,7.7265625],"tintindex":0,"rotation":0,"texture":"#0"},"down":{"uv":[1.5390625,7.7421875,1.1015625,7.9921875],"tintindex":0,"rotation":0,"texture":"#0"}}}],"display":{"gui":{"rotation":[-150.0,-45.0,180.0]}},"gui_light":"front"}