{"textures":{"0":"ia:59","particle":"#0"},"elements":[{"from":[-12.166668,5.5,4.5],"to":[1.5,10.5,11.5],"faces":{"east":{"uv":[8.9140625,1.28125,9.234375,1.5078125],"tintindex":0,"rotation":0,"texture":"#0"},"south":{"uv":[7.0546875,3.9921875,7.6875,4.21875],"tintindex":0,"rotation":0,"texture":"#0"},"north":{"uv":[7.046875,5.8359375,7.6796875,6.0625],"tintindex":0,"rotation":0,"texture":"#0"},"west":{"uv":[8.9140625,1.5078125,9.234375,1.734375],"tintindex":0,"rotation":0,"texture":"#0"},"up":{"uv":[5.4609375,1.6015625,4.828125,1.28125],"tintindex":0,"rotation":0,"texture":"#0"},"down":{"uv":[5.4609375,1.6015625,4.828125,1.921875],"tintindex":0,"rotation":0,"texture":"#0"}}},{"from":[1.0,4.0,3.6666665],"to":[8.333333,13.0,12.333334],"faces":{"east":{"uv":[5.7890625,1.8203125,6.1953125,2.2421875],"tintindex":0,"rotation":0,"texture":"#0"},"south":{"uv":[1.4296875,6.9140625,1.7734375,7.3359375],"tintindex":0,"rotation":0,"texture":"#0"},"north":{"uv":[6.90625,2.453125,7.25,2.875],"tintindex":0,"rotation":0,"texture":"#0"},"west":{"uv":[3.5546875,5.8046875,3.9609375,6.2265625],"tintindex":0,"rotation":0,"texture":"#0"},"up":{"uv":[1.2890625,7.6875,0.9453125,7.28125],"tintindex":0,"rotation":0,"texture":"#0"},"down":{"uv":[7.625,3.2890625,7.28125,3.6953125],"tintindex":0,"rotation":0,"texture":"#0"}}},{"from":[-12.0,5.6666665,4.6666665],"to":[1.333333,10.333334,11.333334],"faces":{"east":{"uv":[2.328125,9.0625,2.640625,9.28125],"tintindex":0,"rotation":0,"texture":"#0"},"south":{"uv":[7.3125,0.0,7.9375,0.21875],"tintindex":0,"rotation":0,"texture":"#0"},"north":{"uv":[7.25,2.7265625,7.875,2.9453125],"tintindex":0,"rotation":0,"texture":"#0"},"west":{"uv":[9.0859375,5.5,9.3984375,5.71875],"tintindex":0,"rotation":0,"texture":"#0"},"up":{"uv":[4.6171875,5.25,3.9921875,4.9375],"tintindex":0,"rotation":0,"texture":"#0"},"down":{"uv":[0.828125,4.9453125,0.203125,5.2578125],"tintindex":0,"rotation":0,"texture":"#0"}}}],"display":{"gui":{"rotation":[-150.0,-45.0,180.0]}},"gui_light":"front"}