{"textures":{"0":"ia:58","particle":"#0"},"elements":[{"from":[7.6666665,7.6666665,-9.190477],"to":[8.333333,8.333333,-3.4761906],"faces":{"east":{"uv":[7.9609375,6.515625,8.8984375,6.625],"tintindex":0,"rotation":0,"texture":"#0"},"south":{"uv":[5.734375,9.71875,5.84375,9.828125],"tintindex":0,"rotation":0,"texture":"#0"},"north":{"uv":[5.625,9.71875,5.734375,9.828125],"tintindex":0,"rotation":0,"texture":"#0"},"west":{"uv":[7.96875,2.234375,8.90625,2.34375],"tintindex":0,"rotation":0,"texture":"#0"},"up":{"uv":[3.890625,8.921875,3.78125,7.984375],"tintindex":0,"rotation":0,"texture":"#0"},"down":{"uv":[4.0,7.984375,3.890625,8.921875],"tintindex":0,"rotation":0,"texture":"#0"}}},{"from":[7.6666665,7.6666665,-3.4761906],"to":[8.333333,8.333333,2.2380953],"faces":{"east":{"uv":[7.9609375,6.515625,8.8984375,6.625],"tintindex":0,"rotation":0,"texture":"#0"},"south":{"uv":[5.734375,9.71875,5.84375,9.828125],"tintindex":0,"rotation":0,"texture":"#0"},"north":{"uv":[5.625,9.71875,5.734375,9.828125],"tintindex":0,"rotation":0,"texture":"#0"},"west":{"uv":[7.96875,2.234375,8.90625,2.34375],"tintindex":0,"rotation":0,"texture":"#0"},"up":{"uv":[3.890625,8.921875,3.78125,7.984375],"tintindex":0,"rotation":0,"texture":"#0"},"down":{"uv":[4.0,7.984375,3.890625,8.921875],"tintindex":0,"rotation":0,"texture":"#0"}}},{"from":[7.6666665,7.6666665,2.2380953],"to":[8.333333,8.333333,7.952381],"faces":{"east":{"uv":[7.9609375,6.515625,8.8984375,6.625],"tintindex":0,"rotation":0,"texture":"#0"},"south":{"uv":[5.734375,9.71875,5.84375,9.828125],"tintindex":0,"rotation":0,"texture":"#0"},"north":{"uv":[5.625,9.71875,5.734375,9.828125],"tintindex":0,"rotation":0,"texture":"#0"},"west":{"uv":[7.96875,2.234375,8.90625,2.34375],"tintindex":0,"rotation":0,"texture":"#0"},"up":{"uv":[3.890625,8.921875,3.78125,7.984375],"tintindex":0,"rotation":0,"texture":"#0"},"down":{"uv":[4.0,7.984375,3.890625,8.921875],"tintindex":0,"rotation":0,"texture":"#0"}}},{"from":[7.6666665,7.6666665,-14.904762],"to":[8.333333,8.333333,-9.190477],"faces":{"east":{"uv":[7.9609375,6.515625,8.8984375,6.625],"tintindex":0,"rotation":0,"texture":"#0"},"south":{"uv":[5.734375,9.71875,5.84375,9.828125],"tintindex":0,"rotation":0,"texture":"#0"},"north":{"uv":[5.625,9.71875,5.734375,9.828125],"tintindex":0,"rotation":0,"texture":"#0"},"west":{"uv":[7.96875,2.234375,8.90625,2.34375],"tintindex":0,"rotation":0,"texture":"#0"},"up":{"uv":[3.890625,8.921875,3.78125,7.984375],"tintindex":0,"rotation":0,"texture":"#0"},"down":{"uv":[4.0,7.984375,3.890625,8.921875],"tintindex":0,"rotation":0,"texture":"#0"}}}],"display":{"gui":{"rotation":[-150.0,-45.0,180.0]}},"gui_light":"front"}