{"textures":{"0":"ia:58","particle":"#0"},"elements":[{"from":[1.333333,1.333333,-13.333334],"to":[14.666667,14.666667,8.666667],"faces":{"east":{"uv":[6.203125,0.0,6.71875,0.3125],"tintindex":0,"rotation":0,"texture":"#0"},"south":{"uv":[7.3125,8.234375,7.625,8.546875],"tintindex":0,"rotation":0,"texture":"#0"},"north":{"uv":[5.7734375,8.234375,6.0859375,8.546875],"tintindex":0,"rotation":0,"texture":"#0"},"west":{"uv":[6.203125,5.6484375,6.71875,5.9609375],"tintindex":0,"rotation":0,"texture":"#0"},"up":{"uv":[3.4140625,6.7109375,3.1015625,6.1953125],"tintindex":0,"rotation":0,"texture":"#0"},"down":{"uv":[6.5234375,5.9609375,6.2109375,6.4765625],"tintindex":0,"rotation":0,"texture":"#0"}}},{"from":[1.0,1.0,-13.666668],"to":[15.0,15.0,9.0],"faces":{"east":{"uv":[0.8671875,5.875,1.390625,6.1953125],"tintindex":0,"rotation":0,"texture":"#0"},"south":{"uv":[3.2421875,7.921875,3.5625,8.2421875],"tintindex":0,"rotation":0,"texture":"#0"},"north":{"uv":[7.921875,1.234375,8.2421875,1.5546875],"tintindex":0,"rotation":0,"texture":"#0"},"west":{"uv":[5.8828125,5.328125,6.40625,5.6484375],"tintindex":0,"rotation":0,"texture":"#0"},"up":{"uv":[6.203125,6.171875,5.8828125,5.6484375],"tintindex":0,"rotation":0,"texture":"#0"},"down":{"uv":[5.8046875,5.9140625,5.484375,6.4375],"tintindex":0,"rotation":0,"texture":"#0"}}},{"from":[-0.666667,-0.666667,0.0],"to":[16.666668,16.666668,10.666667],"faces":{"east":{"uv":[8.015625,7.25,8.265625,7.65625],"tintindex":0,"rotation":0,"texture":"#0"},"south":{"uv":[5.8046875,6.171875,6.2109375,6.578125],"tintindex":0,"rotation":0,"texture":"#0"},"north":{"uv":[2.6953125,6.171875,3.1015625,6.578125],"tintindex":0,"rotation":0,"texture":"#0"},"west":{"uv":[4.6953125,8.0234375,4.9453125,8.4296875],"tintindex":0,"rotation":0,"texture":"#0"},"up":{"uv":[8.3828125,6.3125,7.9765625,6.0625],"tintindex":0,"rotation":0,"texture":"#0"},"down":{"uv":[8.3984375,4.6484375,7.9921875,4.8984375],"tintindex":0,"rotation":0,"texture":"#0"}}}],"display":{"gui":{"rotation":[-150.0,-45.0,180.0]}},"gui_light":"front"}