{"textures":{"0":"ia:59","particle":"#0"},"elements":[{"from":[-12.0,6.0,5.6666665],"to":[-4.0,10.0,10.333334],"faces":{"east":{"uv":[0.25,9.4609375,0.46875,9.6484375],"tintindex":0,"rotation":0,"texture":"#0"},"south":{"uv":[1.265625,8.953125,1.640625,9.140625],"tintindex":0,"rotation":0,"texture":"#0"},"north":{"uv":[8.9296875,5.75,9.3046875,5.9375],"tintindex":0,"rotation":0,"texture":"#0"},"west":{"uv":[9.4609375,4.46875,9.6796875,4.65625],"tintindex":0,"rotation":0,"texture":"#0"},"up":{"uv":[9.09375,7.75,8.71875,7.53125],"tintindex":0,"rotation":0,"texture":"#0"},"down":{"uv":[9.1328125,2.8984375,8.7578125,3.1171875],"tintindex":0,"rotation":0,"texture":"#0"}}},{"from":[-4.0,5.0,4.6666665],"to":[0.6666665,11.0,11.333334],"faces":{"east":{"uv":[3.2421875,8.6171875,3.5546875,8.8984375],"tintindex":0,"rotation":0,"texture":"#0"},"south":{"uv":[9.421875,3.765625,9.640625,4.046875],"tintindex":0,"rotation":0,"texture":"#0"},"north":{"uv":[9.421875,0.25,9.640625,0.53125],"tintindex":0,"rotation":0,"texture":"#0"},"west":{"uv":[2.6484375,8.65625,2.9609375,8.9375],"tintindex":0,"rotation":0,"texture":"#0"},"up":{"uv":[9.2578125,9.3984375,9.0390625,9.0859375],"tintindex":0,"rotation":0,"texture":"#0"},"down":{"uv":[3.4609375,9.09375,3.2421875,9.40625],"tintindex":0,"rotation":0,"texture":"#0"}}},{"from":[0.6666665,4.0,3.6666665],"to":[8.0,12.0,12.333334],"faces":{"east":{"uv":[6.453125,4.640625,6.859375,5.015625],"tintindex":0,"rotation":0,"texture":"#0"},"south":{"uv":[7.453125,1.9609375,7.796875,2.3359375],"tintindex":0,"rotation":0,"texture":"#0"},"north":{"uv":[7.453125,1.9609375,7.796875,2.3359375],"tintindex":0,"rotation":0,"texture":"#0"},"west":{"uv":[6.5078125,1.6875,6.9140625,2.0625],"tintindex":0,"rotation":0,"texture":"#0"},"up":{"uv":[4.796875,7.6953125,4.453125,7.2890625],"tintindex":0,"rotation":0,"texture":"#0"},"down":{"uv":[3.0625,7.3046875,2.71875,7.7109375],"tintindex":0,"rotation":0,"texture":"#0"}}},{"from":[-12.166668,5.833333,5.5],"to":[-3.833334,10.166667,10.5],"faces":{"east":{"uv":[5.234375,6.2265625,5.4609375,6.421875],"tintindex":0,"rotation":0,"texture":"#0"},"south":{"uv":[8.890625,4.328125,9.2734375,4.5234375],"tintindex":0,"rotation":0,"texture":"#0"},"north":{"uv":[8.8125,2.671875,9.1953125,2.8671875],"tintindex":0,"rotation":0,"texture":"#0"},"west":{"uv":[2.71875,7.1015625,2.9453125,7.296875],"tintindex":0,"rotation":0,"texture":"#0"},"up":{"uv":[9.046875,8.546875,8.6640625,8.3203125],"tintindex":0,"rotation":0,"texture":"#0"},"down":{"uv":[9.0625,6.765625,8.6796875,6.9921875],"tintindex":0,"rotation":0,"texture":"#0"}}},{"from":[-4.166667,4.833333,4.5],"to":[0.833333,11.166667,11.5],"faces":{"east":{"uv":[4.6875,8.4296875,5.0078125,8.71875],"tintindex":0,"rotation":0,"texture":"#0"},"south":{"uv":[8.1328125,9.1484375,8.359375,9.4375],"tintindex":0,"rotation":0,"texture":"#0"},"north":{"uv":[4.3359375,9.1484375,4.5625,9.4375],"tintindex":0,"rotation":0,"texture":"#0"},"west":{"uv":[6.7265625,8.46875,7.046875,8.7578125],"tintindex":0,"rotation":0,"texture":"#0"},"up":{"uv":[3.8515625,9.2421875,3.625,8.921875],"tintindex":0,"rotation":0,"texture":"#0"},"down":{"uv":[4.078125,8.921875,3.8515625,9.2421875],"tintindex":0,"rotation":0,"texture":"#0"}}}],"display":{"gui":{"rotation":[-150.0,-45.0,180.0]}},"gui_light":"front"}