{"textures":{"0":"ia:59","particle":"#0"},"elements":[{"from":[0.0,0.0,1.333333],"to":[16.0,16.0,12.0],"faces":{"east":{"uv":[1.9765625,8.3984375,2.2265625,8.7734375],"tintindex":0,"rotation":0,"texture":"#0"},"south":{"uv":[4.078125,7.265625,4.453125,7.640625],"tintindex":0,"rotation":0,"texture":"#0"},"north":{"uv":[7.2578125,6.0625,7.6328125,6.4375],"tintindex":0,"rotation":0,"texture":"#0"},"west":{"uv":[2.3984375,8.3984375,2.6484375,8.7734375],"tintindex":0,"rotation":0,"texture":"#0"},"up":{"uv":[8.7578125,3.1484375,8.3828125,2.8984375],"tintindex":0,"rotation":0,"texture":"#0"},"down":{"uv":[8.7578125,6.0390625,8.3828125,6.2890625],"tintindex":0,"rotation":0,"texture":"#0"}}},{"from":[2.0,2.0,-13.333334],"to":[14.0,14.0,8.666667],"faces":{"east":{"uv":[7.0078125,5.1328125,7.5234375,5.4140625],"tintindex":0,"rotation":0,"texture":"#0"},"south":{"uv":[8.1640625,8.8671875,8.4453125,9.1484375],"tintindex":0,"rotation":0,"texture":"#0"},"north":{"uv":[8.8671875,0.7421875,9.1484375,1.0234375],"tintindex":0,"rotation":0,"texture":"#0"},"west":{"uv":[5.1171875,7.0390625,5.6328125,7.3203125],"tintindex":0,"rotation":0,"texture":"#0"},"up":{"uv":[0.28125,7.5703125,0.0,7.0546875],"tintindex":0,"rotation":0,"texture":"#0"},"down":{"uv":[2.71875,7.1015625,2.4375,7.6171875],"tintindex":0,"rotation":0,"texture":"#0"}}},{"from":[1.6666665,1.6666665,-13.666668],"to":[14.333334,14.333334,9.0],"faces":{"east":{"uv":[6.6015625,1.0703125,7.125,1.359375],"tintindex":0,"rotation":0,"texture":"#0"},"south":{"uv":[1.7734375,8.7734375,2.0625,9.0625],"tintindex":0,"rotation":0,"texture":"#0"},"north":{"uv":[8.765625,3.78125,9.0546875,4.0703125],"tintindex":0,"rotation":0,"texture":"#0"},"west":{"uv":[6.6015625,1.359375,7.125,1.6484375],"tintindex":0,"rotation":0,"texture":"#0"},"up":{"uv":[3.0,7.1015625,2.7109375,6.578125],"tintindex":0,"rotation":0,"texture":"#0"},"down":{"uv":[6.0390625,6.578125,5.75,7.1015625],"tintindex":0,"rotation":0,"texture":"#0"}}}],"display":{"gui":{"rotation":[-150.0,-45.0,180.0]}},"gui_light":"front"}