{"textures":{"0":"ia:59","particle":"#0"},"elements":[{"from":[8.4,8.4,8.4],"to":[7.6,7.6,2.2999997],"faces":{"east":{"uv":[7.96875,2.34375,8.90625,2.453125],"tintindex":0,"rotation":0,"texture":"#0"},"south":{"uv":[6.6953125,9.71875,6.8046875,9.828125],"tintindex":0,"rotation":0,"texture":"#0"},"north":{"uv":[6.5859375,9.71875,6.6953125,9.828125],"tintindex":0,"rotation":0,"texture":"#0"},"west":{"uv":[7.96875,2.453125,8.90625,2.5625],"tintindex":0,"rotation":0,"texture":"#0"},"up":{"uv":[4.109375,8.921875,4.0,7.984375],"tintindex":0,"rotation":0,"texture":"#0"},"down":{"uv":[4.21875,7.984375,4.109375,8.921875],"tintindex":0,"rotation":0,"texture":"#0"}}},{"from":[8.4,8.4,2.2999997],"to":[7.6,7.6,-3.8000002],"faces":{"east":{"uv":[7.96875,2.5625,8.90625,2.671875],"tintindex":0,"rotation":0,"texture":"#0"},"south":{"uv":[6.265625,9.7265625,6.375,9.8359375],"tintindex":0,"rotation":0,"texture":"#0"},"north":{"uv":[9.7265625,1.78125,9.8359375,1.890625],"tintindex":0,"rotation":0,"texture":"#0"},"west":{"uv":[7.96875,3.1640625,8.90625,3.2734375],"tintindex":0,"rotation":0,"texture":"#0"},"up":{"uv":[4.328125,8.921875,4.21875,7.984375],"tintindex":0,"rotation":0,"texture":"#0"},"down":{"uv":[4.4375,7.984375,4.328125,8.921875],"tintindex":0,"rotation":0,"texture":"#0"}}},{"from":[8.4,8.4,-3.8000002],"to":[7.6,7.6,-9.9],"faces":{"east":{"uv":[7.96875,3.2734375,8.90625,3.3828125],"tintindex":0,"rotation":0,"texture":"#0"},"south":{"uv":[9.734375,0.8984375,9.84375,1.0078125],"tintindex":0,"rotation":0,"texture":"#0"},"north":{"uv":[6.375,9.7265625,6.484375,9.8359375],"tintindex":0,"rotation":0,"texture":"#0"},"west":{"uv":[7.96875,3.3828125,8.90625,3.4921875],"tintindex":0,"rotation":0,"texture":"#0"},"up":{"uv":[1.1328125,8.9296875,1.0234375,7.9921875],"tintindex":0,"rotation":0,"texture":"#0"},"down":{"uv":[1.2421875,7.9921875,1.1328125,8.9296875],"tintindex":0,"rotation":0,"texture":"#0"}}},{"from":[8.4,8.4,-9.9],"to":[7.6,7.6,-16.0],"faces":{"east":{"uv":[7.9765625,1.5546875,8.9140625,1.6640625],"tintindex":0,"rotation":0,"texture":"#0"},"south":{"uv":[5.84375,9.734375,5.953125,9.84375],"tintindex":0,"rotation":0,"texture":"#0"},"north":{"uv":[9.734375,1.0078125,9.84375,1.1171875],"tintindex":0,"rotation":0,"texture":"#0"},"west":{"uv":[7.9765625,1.6640625,8.9140625,1.7734375],"tintindex":0,"rotation":0,"texture":"#0"},"up":{"uv":[1.3515625,8.9296875,1.2421875,7.9921875],"tintindex":0,"rotation":0,"texture":"#0"},"down":{"uv":[1.4609375,7.9921875,1.3515625,8.9296875],"tintindex":0,"rotation":0,"texture":"#0"}}}],"display":{"gui":{"rotation":[-150.0,-45.0,180.0]}},"gui_light":"front"}