{"textures":{"0":"ia:58","particle":"#0"},"elements":[{"from":[-11.333334,4.0,1.333333],"to":[8.0,12.0,14.666667],"faces":{"east":{"uv":[9.28125,6.25,9.59375,6.4375],"tintindex":0,"rotation":0,"texture":"#0"},"south":{"uv":[8.71875,0.3671875,9.171875,0.5546875],"tintindex":0,"rotation":0,"texture":"#0"},"north":{"uv":[3.21875,1.03125,3.671875,1.21875],"tintindex":0,"rotation":0,"texture":"#0"},"west":{"uv":[9.328125,5.96875,9.640625,6.15625],"tintindex":0,"rotation":0,"texture":"#0"},"up":{"uv":[7.578125,1.2734375,7.125,0.9609375],"tintindex":0,"rotation":0,"texture":"#0"},"down":{"uv":[7.578125,1.2734375,7.125,1.5859375],"tintindex":0,"rotation":0,"texture":"#0"}}},{"from":[-0.666667,2.0,-0.666667],"to":[8.666667,14.0,16.666668],"faces":{"east":{"uv":[7.6796875,5.78125,8.0859375,6.0625],"tintindex":0,"rotation":0,"texture":"#0"},"south":{"uv":[9.4296875,1.5,9.6484375,1.78125],"tintindex":0,"rotation":0,"texture":"#0"},"north":{"uv":[9.421875,4.7734375,9.640625,5.0546875],"tintindex":0,"rotation":0,"texture":"#0"},"west":{"uv":[0.6953125,7.6875,1.1015625,7.96875],"tintindex":0,"rotation":0,"texture":"#0"},"up":{"uv":[1.6640625,6.875,1.4453125,6.46875],"tintindex":0,"rotation":0,"texture":"#0"},"down":{"uv":[3.2421875,8.4140625,3.0234375,8.8203125],"tintindex":0,"rotation":0,"texture":"#0"}}},{"from":[-11.666668,3.6666665,1.0],"to":[8.333333,12.333334,15.0],"faces":{"east":{"uv":[9.1328125,2.8671875,9.453125,3.0625],"tintindex":0,"rotation":0,"texture":"#0"},"south":{"uv":[8.4296875,4.328125,8.890625,4.5234375],"tintindex":0,"rotation":0,"texture":"#0"},"north":{"uv":[8.3046875,7.015625,8.765625,7.2109375],"tintindex":0,"rotation":0,"texture":"#0"},"west":{"uv":[0.9453125,9.15625,1.265625,9.3515625],"tintindex":0,"rotation":0,"texture":"#0"},"up":{"uv":[3.7109375,7.1875,3.25,6.8671875],"tintindex":0,"rotation":0,"texture":"#0"},"down":{"uv":[6.5,6.8671875,6.0390625,7.1875],"tintindex":0,"rotation":0,"texture":"#0"}}}],"display":{"gui":{"rotation":[-150.0,-45.0,180.0]}},"gui_light":"front"}