{"textures":{"0":"ia:58","particle":"#0"},"elements":[{"from":[31.0,31.0,31.0],"to":[-15.0,-15.0,-15.0],"faces":{"east":{"uv":[8.9453125,9.3984375,9.1953125,9.6484375],"tintindex":0,"rotation":0,"texture":"#0"},"south":{"uv":[9.40625,0.5390625,9.65625,0.7890625],"tintindex":0,"rotation":0,"texture":"#0"},"north":{"uv":[9.3984375,6.953125,9.6484375,7.203125],"tintindex":0,"rotation":0,"texture":"#0"},"west":{"uv":[3.0234375,9.40625,3.2734375,9.65625],"tintindex":0,"rotation":0,"texture":"#0"},"up":{"uv":[4.2109375,9.65625,3.9609375,9.40625],"tintindex":0,"rotation":0,"texture":"#0"},"down":{"uv":[9.6640625,1.9375,9.4140625,2.1875],"tintindex":0,"rotation":0,"texture":"#0"}}},{"from":[-8.0,-8.0,-8.0],"to":[24.0,24.0,24.0],"faces":{"east":{"uv":[6.34375,9.25,6.59375,9.5],"tintindex":0,"rotation":0,"texture":"#0"},"south":{"uv":[4.5625,9.2578125,4.8125,9.5078125],"tintindex":0,"rotation":0,"texture":"#0"},"north":{"uv":[3.7109375,9.2421875,3.9609375,9.4921875],"tintindex":0,"rotation":0,"texture":"#0"},"west":{"uv":[9.2578125,9.0859375,9.5078125,9.3359375],"tintindex":0,"rotation":0,"texture":"#0"},"up":{"uv":[1.7734375,9.515625,1.5234375,9.265625],"tintindex":0,"rotation":0,"texture":"#0"},"down":{"uv":[2.0234375,9.265625,1.7734375,9.515625],"tintindex":0,"rotation":0,"texture":"#0"}}},{"from":[25.5,25.5,25.5],"to":[-9.5,-9.5,-9.5],"faces":{"east":{"uv":[9.265625,3.3125,9.515625,3.5625],"tintindex":0,"rotation":0,"texture":"#0"},"south":{"uv":[9.2734375,4.21875,9.5234375,4.46875],"tintindex":0,"rotation":0,"texture":"#0"},"north":{"uv":[2.0234375,9.265625,2.2734375,9.515625],"tintindex":0,"rotation":0,"texture":"#0"},"west":{"uv":[9.2734375,5.25,9.5234375,5.5],"tintindex":0,"rotation":0,"texture":"#0"},"up":{"uv":[0.25,9.53125,0.0,9.28125],"tintindex":0,"rotation":0,"texture":"#0"},"down":{"uv":[2.5234375,9.28125,2.2734375,9.53125],"tintindex":0,"rotation":0,"texture":"#0"}}},{"from":[29.0,29.0,29.0],"to":[-13.0,-13.0,-13.0],"faces":{"east":{"uv":[0.4921875,9.359375,0.7421875,9.609375],"tintindex":0,"rotation":0,"texture":"#0"},"south":{"uv":[9.3828125,0.0,9.6328125,0.25],"tintindex":0,"rotation":0,"texture":"#0"},"north":{"uv":[0.8125,9.3515625,1.0625,9.6015625],"tintindex":0,"rotation":0,"texture":"#0"},"west":{"uv":[7.2578125,9.3828125,7.5078125,9.6328125],"tintindex":0,"rotation":0,"texture":"#0"},"up":{"uv":[6.3359375,9.640625,6.0859375,9.390625],"tintindex":0,"rotation":0,"texture":"#0"},"down":{"uv":[1.3125,9.3984375,1.0625,9.6484375],"tintindex":0,"rotation":0,"texture":"#0"}}},{"from":[27.5,27.5,27.5],"to":[-11.5,-11.5,-11.5],"faces":{"east":{"uv":[5.4375,9.3125,5.6875,9.5625],"tintindex":0,"rotation":0,"texture":"#0"},"south":{"uv":[2.7734375,9.3203125,3.0234375,9.5703125],"tintindex":0,"rotation":0,"texture":"#0"},"north":{"uv":[2.5234375,9.28125,2.7734375,9.53125],"tintindex":0,"rotation":0,"texture":"#0"},"west":{"uv":[9.3203125,8.7890625,9.5703125,9.0390625],"tintindex":0,"rotation":0,"texture":"#0"},"up":{"uv":[9.578125,5.96875,9.328125,5.71875],"tintindex":0,"rotation":0,"texture":"#0"},"down":{"uv":[9.5078125,9.3359375,9.2578125,9.5859375],"tintindex":0,"rotation":0,"texture":"#0"}}}],"display":{"gui":{"rotation":[-150.0,-45.0,180.0]}},"gui_light":"front"}