{"textures":{"0":"ia:59","particle":"#0"},"elements":[{"from":[29.0,11.0,29.0],"to":[-13.0,5.0,-13.0],"faces":{"east":{"uv":[1.4765625,9.515625,2.0859375,9.5625],"tintindex":0,"rotation":0,"texture":"#0"},"south":{"uv":[9.515625,3.3125,10.125,3.359375],"tintindex":0,"rotation":0,"texture":"#0"},"north":{"uv":[9.5078125,9.484375,10.1171875,9.53125],"tintindex":0,"rotation":0,"texture":"#0"},"west":{"uv":[9.515625,3.359375,10.125,3.40625],"tintindex":0,"rotation":0,"texture":"#0"},"up":{"uv":[0.609375,3.1875,0.0,2.578125],"tintindex":0,"rotation":0,"texture":"#0"},"down":{"uv":[3.1875,0.0,2.578125,0.609375],"tintindex":0,"rotation":0,"texture":"#0"}}},{"from":[28.25,10.25,28.25],"to":[-12.25,5.75,-12.25],"faces":{"east":{"uv":[9.4609375,4.703125,10.0703125,4.75],"tintindex":0,"rotation":0,"texture":"#0"},"south":{"uv":[9.4921875,2.78125,10.1015625,2.828125],"tintindex":0,"rotation":0,"texture":"#0"},"north":{"uv":[9.4609375,4.65625,10.0703125,4.703125],"tintindex":0,"rotation":0,"texture":"#0"},"west":{"uv":[9.5078125,9.4375,10.1171875,9.484375],"tintindex":0,"rotation":0,"texture":"#0"},"up":{"uv":[3.171875,2.4375,2.5625,1.828125],"tintindex":0,"rotation":0,"texture":"#0"},"down":{"uv":[3.171875,2.4375,2.5625,3.046875],"tintindex":0,"rotation":0,"texture":"#0"}}},{"from":[29.75,11.75,29.75],"to":[-13.75,4.25,-13.75],"faces":{"east":{"uv":[9.515625,3.453125,10.125,3.5],"tintindex":0,"rotation":0,"texture":"#0"},"south":{"uv":[9.515625,3.5,10.125,3.546875],"tintindex":0,"rotation":0,"texture":"#0"},"north":{"uv":[9.515625,3.40625,10.125,3.453125],"tintindex":0,"rotation":0,"texture":"#0"},"west":{"uv":[9.5234375,4.203125,10.1328125,4.25],"tintindex":0,"rotation":0,"texture":"#0"},"up":{"uv":[3.21875,1.21875,2.609375,0.609375],"tintindex":0,"rotation":0,"texture":"#0"},"down":{"uv":[1.21875,2.9375,0.609375,3.546875],"tintindex":0,"rotation":0,"texture":"#0"}}},{"from":[-11.5,6.5,-11.5],"to":[27.5,9.5,27.5],"faces":{"east":{"uv":[9.390625,8.6796875,10.0,8.7265625],"tintindex":0,"rotation":0,"texture":"#0"},"south":{"uv":[9.4453125,3.21875,10.0546875,3.265625],"tintindex":0,"rotation":0,"texture":"#0"},"north":{"uv":[8.0,5.625,8.609375,5.671875],"tintindex":0,"rotation":0,"texture":"#0"},"west":{"uv":[9.4453125,3.265625,10.0546875,3.3125],"tintindex":0,"rotation":0,"texture":"#0"},"up":{"uv":[2.5625,3.015625,1.953125,2.40625],"tintindex":0,"rotation":0,"texture":"#0"},"down":{"uv":[3.171875,1.21875,2.5625,1.828125],"tintindex":0,"rotation":0,"texture":"#0"}}}],"display":{"gui":{"rotation":[-150.0,-45.0,180.0]}},"gui_light":"front"}