{"textures":{"0":"ia:59","particle":"#0"},"elements":[{"from":[7.6666665,7.6666665,-3.4761906],"to":[8.333333,8.333333,2.2380953],"faces":{"east":{"uv":[7.875,2.6796875,8.8125,2.7890625],"tintindex":0,"rotation":0,"texture":"#0"},"south":{"uv":[9.6953125,6.3984375,9.8046875,6.5078125],"tintindex":0,"rotation":0,"texture":"#0"},"north":{"uv":[4.859375,9.6953125,4.96875,9.8046875],"tintindex":0,"rotation":0,"texture":"#0"},"west":{"uv":[7.875,2.7890625,8.8125,2.8984375],"tintindex":0,"rotation":0,"texture":"#0"},"up":{"uv":[2.3984375,8.7734375,2.2890625,7.8359375],"tintindex":0,"rotation":0,"texture":"#0"},"down":{"uv":[3.671875,7.921875,3.5625,8.859375],"tintindex":0,"rotation":0,"texture":"#0"}}},{"from":[7.6666665,7.6666665,-9.190477],"to":[8.333333,8.333333,-3.4761906],"faces":{"east":{"uv":[7.875,2.6796875,8.8125,2.7890625],"tintindex":0,"rotation":0,"texture":"#0"},"south":{"uv":[9.6953125,6.3984375,9.8046875,6.5078125],"tintindex":0,"rotation":0,"texture":"#0"},"north":{"uv":[4.859375,9.6953125,4.96875,9.8046875],"tintindex":0,"rotation":0,"texture":"#0"},"west":{"uv":[7.875,2.7890625,8.8125,2.8984375],"tintindex":0,"rotation":0,"texture":"#0"},"up":{"uv":[2.3984375,8.7734375,2.2890625,7.8359375],"tintindex":0,"rotation":0,"texture":"#0"},"down":{"uv":[3.671875,7.921875,3.5625,8.859375],"tintindex":0,"rotation":0,"texture":"#0"}}},{"from":[7.6666665,7.6666665,2.2380953],"to":[8.333333,8.333333,7.952381],"faces":{"east":{"uv":[7.875,2.6796875,8.8125,2.7890625],"tintindex":0,"rotation":0,"texture":"#0"},"south":{"uv":[9.6953125,6.3984375,9.8046875,6.5078125],"tintindex":0,"rotation":0,"texture":"#0"},"north":{"uv":[4.859375,9.6953125,4.96875,9.8046875],"tintindex":0,"rotation":0,"texture":"#0"},"west":{"uv":[7.875,2.7890625,8.8125,2.8984375],"tintindex":0,"rotation":0,"texture":"#0"},"up":{"uv":[2.3984375,8.7734375,2.2890625,7.8359375],"tintindex":0,"rotation":0,"texture":"#0"},"down":{"uv":[3.671875,7.921875,3.5625,8.859375],"tintindex":0,"rotation":0,"texture":"#0"}}},{"from":[7.6666665,7.6666665,-14.904762],"to":[8.333333,8.333333,-9.190477],"faces":{"east":{"uv":[7.875,2.6796875,8.8125,2.7890625],"tintindex":0,"rotation":0,"texture":"#0"},"south":{"uv":[9.6953125,6.3984375,9.8046875,6.5078125],"tintindex":0,"rotation":0,"texture":"#0"},"north":{"uv":[4.859375,9.6953125,4.96875,9.8046875],"tintindex":0,"rotation":0,"texture":"#0"},"west":{"uv":[7.875,2.7890625,8.8125,2.8984375],"tintindex":0,"rotation":0,"texture":"#0"},"up":{"uv":[2.3984375,8.7734375,2.2890625,7.8359375],"tintindex":0,"rotation":0,"texture":"#0"},"down":{"uv":[3.671875,7.921875,3.5625,8.859375],"tintindex":0,"rotation":0,"texture":"#0"}}}],"display":{"gui":{"rotation":[-150.0,-45.0,180.0]}},"gui_light":"front"}