{"textures":{"0":"ia:58","particle":"#0"},"elements":[{"from":[1.0,1.0,-13.666668],"to":[15.0,15.0,9.0],"faces":{"east":{"uv":[5.84375,3.734375,6.3671875,4.0546875],"tintindex":0,"rotation":0,"texture":"#0"},"south":{"uv":[0.0,7.921875,0.3203125,8.2421875],"tintindex":0,"rotation":0,"texture":"#0"},"north":{"uv":[7.34375,7.9140625,7.6640625,8.234375],"tintindex":0,"rotation":0,"texture":"#0"},"west":{"uv":[2.4296875,5.8515625,2.953125,6.171875],"tintindex":0,"rotation":0,"texture":"#0"},"up":{"uv":[2.2890625,6.3828125,1.96875,5.859375],"tintindex":0,"rotation":0,"texture":"#0"},"down":{"uv":[0.8671875,5.875,0.546875,6.3984375],"tintindex":0,"rotation":0,"texture":"#0"}}},{"from":[-0.666667,-0.666667,0.0],"to":[16.666668,16.666668,10.666667],"faces":{"east":{"uv":[2.3984375,7.9921875,2.6484375,8.3984375],"tintindex":0,"rotation":0,"texture":"#0"},"south":{"uv":[2.2890625,6.171875,2.6953125,6.578125],"tintindex":0,"rotation":0,"texture":"#0"},"north":{"uv":[0.0,6.125,0.40625,6.53125],"tintindex":0,"rotation":0,"texture":"#0"},"west":{"uv":[0.3203125,8.0,0.5703125,8.40625],"tintindex":0,"rotation":0,"texture":"#0"},"up":{"uv":[5.234375,2.171875,4.828125,1.921875],"tintindex":0,"rotation":0,"texture":"#0"},"down":{"uv":[8.3828125,2.8984375,7.9765625,3.1484375],"tintindex":0,"rotation":0,"texture":"#0"}}},{"from":[1.333333,1.333333,-13.333334],"to":[14.666667,14.666667,8.666667],"faces":{"east":{"uv":[6.1640625,0.7578125,6.6796875,1.0703125],"tintindex":0,"rotation":0,"texture":"#0"},"south":{"uv":[7.9765625,8.1796875,8.2890625,8.4921875],"tintindex":0,"rotation":0,"texture":"#0"},"north":{"uv":[7.6640625,8.1796875,7.9765625,8.4921875],"tintindex":0,"rotation":0,"texture":"#0"},"west":{"uv":[0.8671875,6.1953125,1.3828125,6.5078125],"tintindex":0,"rotation":0,"texture":"#0"},"up":{"uv":[4.9765625,6.6953125,4.6640625,6.1796875],"tintindex":0,"rotation":0,"texture":"#0"},"down":{"uv":[6.5078125,1.6875,6.1953125,2.203125],"tintindex":0,"rotation":0,"texture":"#0"}}}],"display":{"gui":{"rotation":[-150.0,-45.0,180.0]}},"gui_light":"front"}