{"textures":{"0":"ia:58","particle":"#0"},"elements":[{"from":[2.0,2.0,-13.333334],"to":[14.0,14.0,8.666667],"faces":{"east":{"uv":[6.9375,2.0703125,7.453125,2.3515625],"tintindex":0,"rotation":0,"texture":"#0"},"south":{"uv":[5.8671875,8.84375,6.1484375,9.125],"tintindex":0,"rotation":0,"texture":"#0"},"north":{"uv":[8.7578125,8.8359375,9.0390625,9.1171875],"tintindex":0,"rotation":0,"texture":"#0"},"west":{"uv":[6.96875,3.7109375,7.484375,3.9921875],"tintindex":0,"rotation":0,"texture":"#0"},"up":{"uv":[2.0546875,7.5,1.7734375,6.984375],"tintindex":0,"rotation":0,"texture":"#0"},"down":{"uv":[0.5703125,7.0,0.2890625,7.515625],"tintindex":0,"rotation":0,"texture":"#0"}}},{"from":[0.0,0.0,1.333333],"to":[16.0,16.0,12.0],"faces":{"east":{"uv":[4.4375,8.1328125,4.6875,8.5078125],"tintindex":0,"rotation":0,"texture":"#0"},"south":{"uv":[3.703125,7.203125,4.078125,7.578125],"tintindex":0,"rotation":0,"texture":"#0"},"north":{"uv":[6.0859375,7.1875,6.4609375,7.5625],"tintindex":0,"rotation":0,"texture":"#0"},"west":{"uv":[6.1015625,8.1328125,6.3515625,8.5078125],"tintindex":0,"rotation":0,"texture":"#0"},"up":{"uv":[6.7265625,8.5546875,6.3515625,8.3046875],"tintindex":0,"rotation":0,"texture":"#0"},"down":{"uv":[8.6796875,6.765625,8.3046875,7.015625],"tintindex":0,"rotation":0,"texture":"#0"}}},{"from":[1.6666665,1.6666665,-13.666668],"to":[14.333334,14.333334,9.0],"faces":{"east":{"uv":[6.5234375,5.9609375,7.046875,6.25],"tintindex":0,"rotation":0,"texture":"#0"},"south":{"uv":[8.7578125,5.9765625,9.046875,6.265625],"tintindex":0,"rotation":0,"texture":"#0"},"north":{"uv":[5.4609375,8.7421875,5.75,9.03125],"tintindex":0,"rotation":0,"texture":"#0"},"west":{"uv":[2.1875,6.578125,2.7109375,6.8671875],"tintindex":0,"rotation":0,"texture":"#0"},"up":{"uv":[2.40625,4.6328125,2.1171875,4.109375],"tintindex":0,"rotation":0,"texture":"#0"},"down":{"uv":[0.2890625,6.53125,0.0,7.0546875],"tintindex":0,"rotation":0,"texture":"#0"}}}],"display":{"gui":{"rotation":[-150.0,-45.0,180.0]}},"gui_light":"front"}