{"textures":{"0":"ia:58","particle":"#0"},"elements":[{"from":[15.333334,5.0,4.6666665],"to":[20.0,11.0,11.333334],"faces":{"east":{"uv":[1.4609375,8.671875,1.7734375,8.953125],"tintindex":0,"rotation":0,"texture":"#0"},"south":{"uv":[4.2109375,9.4375,4.4296875,9.71875],"tintindex":0,"rotation":0,"texture":"#0"},"north":{"uv":[8.5859375,9.4296875,8.8046875,9.7109375],"tintindex":0,"rotation":0,"texture":"#0"},"west":{"uv":[8.6796875,5.2421875,8.9921875,5.5234375],"tintindex":0,"rotation":0,"texture":"#0"},"up":{"uv":[8.9453125,9.4296875,8.7265625,9.1171875],"tintindex":0,"rotation":0,"texture":"#0"},"down":{"uv":[6.0859375,9.125,5.8671875,9.4375],"tintindex":0,"rotation":0,"texture":"#0"}}},{"from":[19.833334,5.833333,5.5],"to":[28.166668,10.166667,10.5],"faces":{"east":{"uv":[9.171875,0.5390625,9.3984375,0.734375],"tintindex":0,"rotation":0,"texture":"#0"},"south":{"uv":[8.8984375,6.265625,9.28125,6.4609375],"tintindex":0,"rotation":0,"texture":"#0"},"north":{"uv":[3.2421875,8.8984375,3.625,9.09375],"tintindex":0,"rotation":0,"texture":"#0"},"west":{"uv":[9.453125,2.84375,9.6796875,3.0390625],"tintindex":0,"rotation":0,"texture":"#0"},"up":{"uv":[9.078125,5.0625,8.6953125,4.8359375],"tintindex":0,"rotation":0,"texture":"#0"},"down":{"uv":[9.0859375,5.5234375,8.703125,5.75],"tintindex":0,"rotation":0,"texture":"#0"}}},{"from":[20.0,6.0,5.6666665],"to":[28.0,10.0,10.333334],"faces":{"east":{"uv":[7.5078125,9.4609375,7.7265625,9.6484375],"tintindex":0,"rotation":0,"texture":"#0"},"south":{"uv":[8.9921875,5.0625,9.3671875,5.25],"tintindex":0,"rotation":0,"texture":"#0"},"north":{"uv":[8.9609375,8.0078125,9.3359375,8.1953125],"tintindex":0,"rotation":0,"texture":"#0"},"west":{"uv":[9.4765625,6.4375,9.6953125,6.625],"tintindex":0,"rotation":0,"texture":"#0"},"up":{"uv":[9.140625,7.2109375,8.765625,6.9921875],"tintindex":0,"rotation":0,"texture":"#0"},"down":{"uv":[0.375,8.78125,0.0,9.0],"tintindex":0,"rotation":0,"texture":"#0"}}},{"from":[15.166667,4.833333,4.5],"to":[20.166668,11.166667,11.5],"faces":{"east":{"uv":[8.484375,1.921875,8.8046875,2.2109375],"tintindex":0,"rotation":0,"texture":"#0"},"south":{"uv":[9.15625,0.0,9.3828125,0.2890625],"tintindex":0,"rotation":0,"texture":"#0"},"north":{"uv":[8.359375,9.1484375,8.5859375,9.4375],"tintindex":0,"rotation":0,"texture":"#0"},"west":{"uv":[7.625,8.4921875,7.9453125,8.78125],"tintindex":0,"rotation":0,"texture":"#0"},"up":{"uv":[2.8671875,9.2578125,2.640625,8.9375],"tintindex":0,"rotation":0,"texture":"#0"},"down":{"uv":[9.1640625,7.2109375,8.9375,7.53125],"tintindex":0,"rotation":0,"texture":"#0"}}},{"from":[8.0,4.0,3.6666665],"to":[15.333334,12.0,12.333334],"faces":{"east":{"uv":[3.8046875,6.5078125,4.2109375,6.8828125],"tintindex":0,"rotation":0,"texture":"#0"},"south":{"uv":[2.0546875,7.4609375,2.3984375,7.8359375],"tintindex":0,"rotation":0,"texture":"#0"},"north":{"uv":[2.0546875,7.4609375,2.3984375,7.8359375],"tintindex":0,"rotation":0,"texture":"#0"},"west":{"uv":[4.2109375,6.5078125,4.6171875,6.8828125],"tintindex":0,"rotation":0,"texture":"#0"},"up":{"uv":[5.4609375,7.7265625,5.1171875,7.3203125],"tintindex":0,"rotation":0,"texture":"#0"},"down":{"uv":[1.6328125,7.3359375,1.2890625,7.7421875],"tintindex":0,"rotation":0,"texture":"#0"}}}],"display":{"gui":{"rotation":[-150.0,-45.0,180.0]}},"gui_light":"front"}