{"textures":{"0":"ia:59","particle":"#0"},"elements":[{"from":[2.333333,2.333333,-15.666668],"to":[13.666667,13.666667,10.333334],"faces":{"east":{"uv":[6.3046875,2.7109375,6.90625,2.96875],"tintindex":0,"rotation":0,"texture":"#0"},"south":{"uv":[9.140625,6.953125,9.3984375,7.2109375],"tintindex":0,"rotation":0,"texture":"#0"},"north":{"uv":[1.265625,9.140625,1.5234375,9.3984375],"tintindex":0,"rotation":0,"texture":"#0"},"west":{"uv":[6.3671875,3.734375,6.96875,3.9921875],"tintindex":0,"rotation":0,"texture":"#0"},"up":{"uv":[2.1875,6.984375,1.9296875,6.3828125],"tintindex":0,"rotation":0,"texture":"#0"},"down":{"uv":[0.6640625,6.3984375,0.40625,7.0],"tintindex":0,"rotation":0,"texture":"#0"}}},{"from":[-0.33333397,-0.33333397,1.0],"to":[16.333334,16.333334,12.333334],"faces":{"east":{"uv":[1.4609375,8.0390625,1.71875,8.421875],"tintindex":0,"rotation":0,"texture":"#0"},"south":{"uv":[6.890625,4.75,7.2734375,5.1328125],"tintindex":0,"rotation":0,"texture":"#0"},"north":{"uv":[4.171875,6.8828125,4.5546875,7.265625],"tintindex":0,"rotation":0,"texture":"#0"},"west":{"uv":[1.71875,8.0390625,1.9765625,8.421875],"tintindex":0,"rotation":0,"texture":"#0"},"up":{"uv":[8.4296875,4.5859375,8.046875,4.328125],"tintindex":0,"rotation":0,"texture":"#0"},"down":{"uv":[6.7421875,8.046875,6.359375,8.3046875],"tintindex":0,"rotation":0,"texture":"#0"}}},{"from":[0.0,0.0,1.333333],"to":[16.0,16.0,12.0],"faces":{"east":{"uv":[0.0,8.2421875,0.25,8.6171875],"tintindex":0,"rotation":0,"texture":"#0"},"south":{"uv":[7.2578125,1.5859375,7.6328125,1.9609375],"tintindex":0,"rotation":0,"texture":"#0"},"north":{"uv":[7.25,2.3515625,7.625,2.7265625],"tintindex":0,"rotation":0,"texture":"#0"},"west":{"uv":[3.2421875,8.2421875,3.4921875,8.6171875],"tintindex":0,"rotation":0,"texture":"#0"},"up":{"uv":[8.6640625,8.5703125,8.2890625,8.3203125],"tintindex":0,"rotation":0,"texture":"#0"},"down":{"uv":[8.7265625,3.6171875,8.3515625,3.8671875],"tintindex":0,"rotation":0,"texture":"#0"}}},{"from":[2.6666665,2.6666665,-15.333334],"to":[13.333334,13.333334,10.0],"faces":{"east":{"uv":[6.84375,4.25,7.4375,4.5],"tintindex":0,"rotation":0,"texture":"#0"},"south":{"uv":[3.4609375,9.2421875,3.7109375,9.4921875],"tintindex":0,"rotation":0,"texture":"#0"},"north":{"uv":[9.234375,1.25,9.484375,1.5],"tintindex":0,"rotation":0,"texture":"#0"},"west":{"uv":[6.8515625,0.25,7.4453125,0.5],"tintindex":0,"rotation":0,"texture":"#0"},"up":{"uv":[5.1171875,7.421875,4.8671875,6.828125],"tintindex":0,"rotation":0,"texture":"#0"},"down":{"uv":[6.8515625,6.859375,6.6015625,7.453125],"tintindex":0,"rotation":0,"texture":"#0"}}}],"display":{"gui":{"rotation":[-150.0,-45.0,180.0]}},"gui_light":"front"}