{"textures":{"0":"ia:58","particle":"#0"},"elements":[{"from":[8.4,8.4,-3.8000002],"to":[7.6,7.6,-9.9],"faces":{"east":{"uv":[7.9296875,6.65625,8.8671875,6.765625],"tintindex":0,"rotation":0,"texture":"#0"},"south":{"uv":[3.265625,9.703125,3.375,9.8125],"tintindex":0,"rotation":0,"texture":"#0"},"north":{"uv":[1.3125,9.703125,1.421875,9.8125],"tintindex":0,"rotation":0,"texture":"#0"},"west":{"uv":[7.9375,0.0,8.875,0.109375],"tintindex":0,"rotation":0,"texture":"#0"},"up":{"uv":[5.2421875,8.9140625,5.1328125,7.9765625],"tintindex":0,"rotation":0,"texture":"#0"},"down":{"uv":[5.3515625,7.9765625,5.2421875,8.9140625],"tintindex":0,"rotation":0,"texture":"#0"}}},{"from":[8.4,8.4,8.4],"to":[7.6,7.6,2.2999997],"faces":{"east":{"uv":[7.6640625,7.921875,8.6015625,8.03125],"tintindex":0,"rotation":0,"texture":"#0"},"south":{"uv":[0.71875,9.703125,0.828125,9.8125],"tintindex":0,"rotation":0,"texture":"#0"},"north":{"uv":[9.6953125,6.5078125,9.8046875,6.6171875],"tintindex":0,"rotation":0,"texture":"#0"},"west":{"uv":[7.9296875,0.8828125,8.8671875,0.9921875],"tintindex":0,"rotation":0,"texture":"#0"},"up":{"uv":[0.8046875,8.90625,0.6953125,7.96875],"tintindex":0,"rotation":0,"texture":"#0"},"down":{"uv":[0.9140625,7.96875,0.8046875,8.90625],"tintindex":0,"rotation":0,"texture":"#0"}}},{"from":[8.4,8.4,2.2999997],"to":[7.6,7.6,-3.8000002],"faces":{"east":{"uv":[7.9296875,0.9921875,8.8671875,1.1015625],"tintindex":0,"rotation":0,"texture":"#0"},"south":{"uv":[0.828125,9.703125,0.9375,9.8125],"tintindex":0,"rotation":0,"texture":"#0"},"north":{"uv":[9.703125,0.7890625,9.8125,0.8984375],"tintindex":0,"rotation":0,"texture":"#0"},"west":{"uv":[7.9296875,1.1015625,8.8671875,1.2109375],"tintindex":0,"rotation":0,"texture":"#0"},"up":{"uv":[1.0234375,8.90625,0.9140625,7.96875],"tintindex":0,"rotation":0,"texture":"#0"},"down":{"uv":[5.1328125,7.9765625,5.0234375,8.9140625],"tintindex":0,"rotation":0,"texture":"#0"}}},{"from":[8.4,8.4,-9.9],"to":[7.6,7.6,-16.0],"faces":{"east":{"uv":[7.9375,0.109375,8.875,0.21875],"tintindex":0,"rotation":0,"texture":"#0"},"south":{"uv":[3.484375,9.7109375,3.59375,9.8203125],"tintindex":0,"rotation":0,"texture":"#0"},"north":{"uv":[3.375,9.7109375,3.484375,9.8203125],"tintindex":0,"rotation":0,"texture":"#0"},"west":{"uv":[7.9609375,6.40625,8.8984375,6.515625],"tintindex":0,"rotation":0,"texture":"#0"},"up":{"uv":[5.4609375,8.9140625,5.3515625,7.9765625],"tintindex":0,"rotation":0,"texture":"#0"},"down":{"uv":[3.78125,7.984375,3.671875,8.921875],"tintindex":0,"rotation":0,"texture":"#0"}}}],"display":{"gui":{"rotation":[-150.0,-45.0,180.0]}},"gui_light":"front"}