{"textures":{"0":"ia:59","particle":"#0"},"elements":[{"from":[7.3333335,2.0,-0.666667],"to":[16.666668,14.0,16.666668],"faces":{"east":{"uv":[7.6875,3.8984375,8.09375,4.1796875],"tintindex":0,"rotation":0,"texture":"#0"},"south":{"uv":[6.59375,9.4375,6.8125,9.71875],"tintindex":0,"rotation":0,"texture":"#0"},"north":{"uv":[5.6875,9.4375,5.90625,9.71875],"tintindex":0,"rotation":0,"texture":"#0"},"west":{"uv":[2.3984375,7.7109375,2.8046875,7.9921875],"tintindex":0,"rotation":0,"texture":"#0"},"up":{"uv":[7.265625,8.875,7.046875,8.46875],"tintindex":0,"rotation":0,"texture":"#0"},"down":{"uv":[8.1640625,8.4921875,7.9453125,8.8984375],"tintindex":0,"rotation":0,"texture":"#0"}}},{"from":[8.0,4.0,1.333333],"to":[27.333334,12.0,14.666667],"faces":{"east":{"uv":[9.3359375,8.0,9.6484375,8.1875],"tintindex":0,"rotation":0,"texture":"#0"},"south":{"uv":[8.71875,4.140625,9.171875,4.328125],"tintindex":0,"rotation":0,"texture":"#0"},"north":{"uv":[8.71875,0.5546875,9.171875,0.7421875],"tintindex":0,"rotation":0,"texture":"#0"},"west":{"uv":[9.3671875,5.0546875,9.6796875,5.2421875],"tintindex":0,"rotation":0,"texture":"#0"},"up":{"uv":[3.703125,7.5,3.25,7.1875],"tintindex":0,"rotation":0,"texture":"#0"},"down":{"uv":[6.0859375,7.1875,5.6328125,7.5],"tintindex":0,"rotation":0,"texture":"#0"}}},{"from":[7.6666665,3.6666665,1.0],"to":[27.666668,12.333334,15.0],"faces":{"east":{"uv":[9.15625,6.4609375,9.4765625,6.65625],"tintindex":0,"rotation":0,"texture":"#0"},"south":{"uv":[5.4609375,8.546875,5.921875,8.7421875],"tintindex":0,"rotation":0,"texture":"#0"},"north":{"uv":[8.46875,5.78125,8.9296875,5.9765625],"tintindex":0,"rotation":0,"texture":"#0"},"west":{"uv":[0.4921875,9.1640625,0.8125,9.359375],"tintindex":0,"rotation":0,"texture":"#0"},"up":{"uv":[4.171875,7.203125,3.7109375,6.8828125],"tintindex":0,"rotation":0,"texture":"#0"},"down":{"uv":[7.3515625,2.96875,6.890625,3.2890625],"tintindex":0,"rotation":0,"texture":"#0"}}}],"display":{"gui":{"rotation":[-150.0,-45.0,180.0]}},"gui_light":"front"}