{"textures":{"0":"ia:58","particle":"#0"},"elements":[{"from":[14.666667,5.6666665,4.6666665],"to":[28.0,10.333334,11.333334],"faces":{"east":{"uv":[9.09375,7.53125,9.40625,7.75],"tintindex":0,"rotation":0,"texture":"#0"},"south":{"uv":[7.3515625,2.9453125,7.9765625,3.1640625],"tintindex":0,"rotation":0,"texture":"#0"},"north":{"uv":[7.3359375,6.4375,7.9609375,6.65625],"tintindex":0,"rotation":0,"texture":"#0"},"west":{"uv":[2.8671875,9.1015625,3.1796875,9.3203125],"tintindex":0,"rotation":0,"texture":"#0"},"up":{"uv":[5.2421875,5.328125,4.6171875,5.015625],"tintindex":0,"rotation":0,"texture":"#0"},"down":{"uv":[1.453125,5.125,0.828125,5.4375],"tintindex":0,"rotation":0,"texture":"#0"}}},{"from":[14.5,5.5,4.5],"to":[28.166668,10.5,11.5],"faces":{"east":{"uv":[4.078125,8.921875,4.3984375,9.1484375],"tintindex":0,"rotation":0,"texture":"#0"},"south":{"uv":[7.1015625,7.0859375,7.734375,7.3125],"tintindex":0,"rotation":0,"texture":"#0"},"north":{"uv":[7.1015625,6.859375,7.734375,7.0859375],"tintindex":0,"rotation":0,"texture":"#0"},"west":{"uv":[0.9453125,8.9296875,1.265625,9.15625],"tintindex":0,"rotation":0,"texture":"#0"},"up":{"uv":[3.9921875,5.2265625,3.359375,4.90625],"tintindex":0,"rotation":0,"texture":"#0"},"down":{"uv":[5.5703125,0.8125,4.9375,1.1328125],"tintindex":0,"rotation":0,"texture":"#0"}}},{"from":[7.6666665,4.0,3.6666665],"to":[15.0,13.0,12.333334],"faces":{"east":{"uv":[5.078125,5.8046875,5.484375,6.2265625],"tintindex":0,"rotation":0,"texture":"#0"},"south":{"uv":[6.9375,3.2890625,7.28125,3.7109375],"tintindex":0,"rotation":0,"texture":"#0"},"north":{"uv":[6.9140625,1.6484375,7.2578125,2.0703125],"tintindex":0,"rotation":0,"texture":"#0"},"west":{"uv":[5.84375,3.15625,6.25,3.578125],"tintindex":0,"rotation":0,"texture":"#0"},"up":{"uv":[7.65625,5.8203125,7.3125,5.4140625],"tintindex":0,"rotation":0,"texture":"#0"},"down":{"uv":[7.4453125,7.3125,7.1015625,7.71875],"tintindex":0,"rotation":0,"texture":"#0"}}}],"display":{"gui":{"rotation":[-150.0,-45.0,180.0]}},"gui_light":"front"}