{"textures":{"0":"ia:59","particle":"#0"},"elements":[{"from":[4.333333,4.333333,-14.0],"to":[11.666667,11.666667,-2.333334],"faces":{"east":{"uv":[5.4609375,1.1328125,6.0078125,1.4765625],"tintindex":0,"rotation":0,"texture":"#0"},"south":{"uv":[0.3515625,7.65625,0.6953125,8.0],"tintindex":0,"rotation":0,"texture":"#0"},"north":{"uv":[7.6484375,4.6484375,7.9921875,4.9921875],"tintindex":0,"rotation":0,"texture":"#0"},"west":{"uv":[5.4609375,1.4765625,6.0078125,1.8203125],"tintindex":0,"rotation":0,"texture":"#0"},"up":{"uv":[5.84375,3.78125,5.5,3.234375],"tintindex":0,"rotation":0,"texture":"#0"},"down":{"uv":[5.84375,3.78125,5.5,4.328125],"tintindex":0,"rotation":0,"texture":"#0"}}},{"from":[4.1666665,4.1666665,-14.166668],"to":[11.833334,11.833334,-2.166667],"faces":{"east":{"uv":[5.1484375,2.53125,5.703125,2.8828125],"tintindex":0,"rotation":0,"texture":"#0"},"south":{"uv":[5.8125,7.5625,6.1640625,7.9140625],"tintindex":0,"rotation":0,"texture":"#0"},"north":{"uv":[5.4609375,7.5,5.8125,7.8515625],"tintindex":0,"rotation":0,"texture":"#0"},"west":{"uv":[5.1484375,2.8828125,5.703125,3.234375],"tintindex":0,"rotation":0,"texture":"#0"},"up":{"uv":[5.5,3.7890625,5.1484375,3.234375],"tintindex":0,"rotation":0,"texture":"#0"},"down":{"uv":[3.7109375,5.2265625,3.359375,5.78125],"tintindex":0,"rotation":0,"texture":"#0"}}},{"from":[3.333333,3.333333,-6.666667],"to":[12.666667,12.666667,-1.333334],"faces":{"east":{"uv":[1.0,1.3125,1.25,1.75],"tintindex":0,"rotation":0,"texture":"#0"},"south":{"uv":[5.1015625,5.3671875,5.5390625,5.8046875],"tintindex":0,"rotation":0,"texture":"#0"},"north":{"uv":[4.6640625,5.328125,5.1015625,5.765625],"tintindex":0,"rotation":0,"texture":"#0"},"west":{"uv":[4.4453125,7.6953125,4.6953125,8.1328125],"tintindex":0,"rotation":0,"texture":"#0"},"up":{"uv":[5.078125,2.78125,4.640625,2.53125],"tintindex":0,"rotation":0,"texture":"#0"},"down":{"uv":[5.671875,2.2734375,5.234375,2.5234375],"tintindex":0,"rotation":0,"texture":"#0"}}}],"display":{"gui":{"rotation":[-150.0,-45.0,180.0]}},"gui_light":"front"}