{"textures":{"0":"ia:59","particle":"#0"},"elements":[{"from":[8.0,1.0,4.0],"to":[22.0,9.0,12.0],"faces":{"east":{"uv":[4.0546875,9.65625,4.1796875,9.78125],"tintindex":0,"rotation":0,"texture":"#0"},"south":{"uv":[9.5234375,5.3671875,9.7421875,5.4921875],"tintindex":0,"rotation":0,"texture":"#0"},"north":{"uv":[9.5234375,5.2421875,9.7421875,5.3671875],"tintindex":0,"rotation":0,"texture":"#0"},"west":{"uv":[9.65625,7.6171875,9.78125,7.7421875],"tintindex":0,"rotation":0,"texture":"#0"},"up":{"uv":[0.21875,9.65625,0.0,9.53125],"tintindex":0,"rotation":0,"texture":"#0"},"down":{"uv":[2.3046875,9.53125,2.0859375,9.65625],"tintindex":0,"rotation":0,"texture":"#0"}}},{"from":[7.5,0.5,3.5],"to":[22.5,9.5,12.5],"faces":{"east":{"uv":[1.6328125,7.3359375,1.765625,7.46875],"tintindex":0,"rotation":0,"texture":"#0"},"south":{"uv":[9.5078125,9.0390625,9.734375,9.171875],"tintindex":0,"rotation":0,"texture":"#0"},"north":{"uv":[4.5234375,9.5078125,4.75,9.640625],"tintindex":0,"rotation":0,"texture":"#0"},"west":{"uv":[8.65625,1.7734375,8.7890625,1.90625],"tintindex":0,"rotation":0,"texture":"#0"},"up":{"uv":[9.734375,9.3046875,9.5078125,9.171875],"tintindex":0,"rotation":0,"texture":"#0"},"down":{"uv":[9.734375,9.3046875,9.5078125,9.4375],"tintindex":0,"rotation":0,"texture":"#0"}}},{"from":[22.0,-4.0,8.0],"to":[30.0,9.0,8.0],"faces":{"south":{"uv":[9.609375,0.9453125,9.734375,1.1484375],"tintindex":0,"rotation":0,"texture":"#0"},"north":{"uv":[0.59375,9.609375,0.71875,9.8125],"tintindex":0,"rotation":0,"texture":"#0"}}}],"display":{"gui":{"rotation":[-150.0,-45.0,180.0]}},"gui_light":"front"}