{"textures":{"0":"ia:59","particle":"#0"},"elements":[{"from":[7.5,7.5,4.5],"to":[22.5,14.5,11.5],"faces":{"east":{"uv":[9.7421875,2.484375,9.84375,2.5859375],"tintindex":0,"rotation":0,"texture":"#0"},"south":{"uv":[9.640625,3.765625,9.8671875,3.8671875],"tintindex":0,"rotation":0,"texture":"#0"},"north":{"uv":[2.3046875,9.640625,2.53125,9.7421875],"tintindex":0,"rotation":0,"texture":"#0"},"west":{"uv":[9.7421875,3.109375,9.84375,3.2109375],"tintindex":0,"rotation":0,"texture":"#0"},"up":{"uv":[9.8671875,3.96875,9.640625,3.8671875],"tintindex":0,"rotation":0,"texture":"#0"},"down":{"uv":[4.75,9.640625,4.5234375,9.7421875],"tintindex":0,"rotation":0,"texture":"#0"}}},{"from":[8.0,8.0,5.0],"to":[22.0,14.0,11.0],"faces":{"east":{"uv":[8.0859375,9.796875,8.1796875,9.890625],"tintindex":0,"rotation":0,"texture":"#0"},"south":{"uv":[9.6484375,1.59375,9.8671875,1.6875],"tintindex":0,"rotation":0,"texture":"#0"},"north":{"uv":[9.6484375,1.5,9.8671875,1.59375],"tintindex":0,"rotation":0,"texture":"#0"},"west":{"uv":[8.1796875,9.796875,8.2734375,9.890625],"tintindex":0,"rotation":0,"texture":"#0"},"up":{"uv":[9.8671875,1.78125,9.6484375,1.6875],"tintindex":0,"rotation":0,"texture":"#0"},"down":{"uv":[9.8671875,5.4921875,9.6484375,5.5859375],"tintindex":0,"rotation":0,"texture":"#0"}}}],"display":{"gui":{"rotation":[-150.0,-45.0,180.0]}},"gui_light":"front"}