{"textures":{"0":"ia:58","particle":"#0"},"elements":[{"from":[2.6666665,6.091034,1.8456621],"to":[4.6666665,10.091034,13.178996],"faces":{"east":{"uv":[4.46875,1.28125,4.734375,1.375],"tintindex":0,"rotation":0,"texture":"#0"},"south":{"uv":[0.4140625,4.3828125,0.4609375,4.4765625],"tintindex":0,"rotation":0,"texture":"#0"},"north":{"uv":[3.4765625,2.90625,3.5234375,3.0],"tintindex":0,"rotation":0,"texture":"#0"},"west":{"uv":[6.90625,2.875,7.171875,2.96875],"tintindex":0,"rotation":0,"texture":"#0"},"up":{"uv":[6.203125,6.84375,6.15625,6.578125],"tintindex":0,"rotation":0,"texture":"#0"},"down":{"uv":[4.6015625,6.8828125,4.5546875,7.1484375],"tintindex":0,"rotation":0,"texture":"#0"}},"rotation":{"origin":[4.6666665,7.7577004,6.845662],"angle":-22.5,"axis":"x"}},{"from":[11.333334,6.091034,1.8456621],"to":[13.333334,10.091034,13.178996],"faces":{"east":{"uv":[0.609375,2.84375,0.875,2.9375],"tintindex":0,"rotation":0,"texture":"#0"},"south":{"uv":[0.609375,2.328125,0.65625,2.421875],"tintindex":0,"rotation":0,"texture":"#0"},"north":{"uv":[0.609375,2.234375,0.65625,2.328125],"tintindex":0,"rotation":0,"texture":"#0"},"west":{"uv":[4.234375,2.78125,4.5,2.875],"tintindex":0,"rotation":0,"texture":"#0"},"up":{"uv":[1.296875,1.578125,1.25,1.3125],"tintindex":0,"rotation":0,"texture":"#0"},"down":{"uv":[0.65625,1.96875,0.609375,2.234375],"tintindex":0,"rotation":0,"texture":"#0"}},"rotation":{"origin":[11.333334,7.7577004,6.845662],"angle":-22.5,"axis":"x"}},{"from":[3.5842552,4.0,-6.631256],"to":[8.250922,8.0,4.0354104],"faces":{"east":{"uv":[9.609375,1.1484375,9.859375,1.2421875],"tintindex":0,"rotation":0,"texture":"#0"},"south":{"uv":[9.7734375,7.1875,9.8828125,7.28125],"tintindex":0,"rotation":0,"texture":"#0"},"north":{"uv":[9.7734375,5.0546875,9.8828125,5.1484375],"tintindex":0,"rotation":0,"texture":"#0"},"west":{"uv":[3.4296875,9.6171875,3.6796875,9.7109375],"tintindex":0,"rotation":0,"texture":"#0"},"up":{"uv":[7.140625,9.796875,7.03125,9.546875],"tintindex":0,"rotation":0,"texture":"#0"},"down":{"uv":[7.25,9.546875,7.140625,9.796875],"tintindex":0,"rotation":0,"texture":"#0"}},"rotation":{"origin":[9.584255,10.0,-1.2979231],"angle":-22.5,"axis":"y"}},{"from":[5.933333,0.40361023,-9.91972],"to":[10.066668,2.4036102,-5.2530518],"faces":{"east":{"uv":[1.0,1.75,1.109375,1.796875],"tintindex":0,"rotation":0,"texture":"#0"},"south":{"uv":[4.546875,3.828125,4.640625,3.875],"tintindex":0,"rotation":0,"texture":"#0"},"north":{"uv":[1.21875,1.75,1.3125,1.796875],"tintindex":0,"rotation":0,"texture":"#0"},"west":{"uv":[1.109375,1.75,1.21875,1.796875],"tintindex":0,"rotation":0,"texture":"#0"},"up":{"uv":[1.6328125,7.8515625,1.5390625,7.7421875],"tintindex":0,"rotation":0,"texture":"#0"},"down":{"uv":[8.9921875,9.7734375,8.8984375,9.8828125],"tintindex":0,"rotation":0,"texture":"#0"}},"rotation":{"origin":[8.0,2.4036102,-0.91971874],"angle":22.5,"axis":"x"}},{"from":[6.0,2.061905,-2.2565308],"to":[10.0,6.061905,7.0768027],"faces":{"east":{"uv":[9.6484375,5.5859375,9.8671875,5.6796875],"tintindex":0,"rotation":0,"texture":"#0"},"south":{"uv":[9.796875,8.3828125,9.890625,8.4765625],"tintindex":0,"rotation":0,"texture":"#0"},"north":{"uv":[8.3671875,9.796875,8.4609375,9.890625],"tintindex":0,"rotation":0,"texture":"#0"},"west":{"uv":[9.6484375,6.90625,9.8671875,7.0],"tintindex":0,"rotation":0,"texture":"#0"},"up":{"uv":[0.609375,3.40625,0.515625,3.1875],"tintindex":0,"rotation":0,"texture":"#0"},"down":{"uv":[0.6640625,7.0,0.5703125,7.21875],"tintindex":0,"rotation":0,"texture":"#0"}},"rotation":{"origin":[8.0,4.061905,2.4101357],"angle":22.5,"axis":"x"}},{"from":[7.7490783,4.0,-6.631256],"to":[12.415745,8.0,4.0354104],"faces":{"east":{"uv":[3.6796875,9.625,3.9296875,9.71875],"tintindex":0,"rotation":0,"texture":"#0"},"south":{"uv":[7.46875,9.7734375,7.578125,9.8671875],"tintindex":0,"rotation":0,"texture":"#0"},"north":{"uv":[9.7734375,7.28125,9.8828125,7.375],"tintindex":0,"rotation":0,"texture":"#0"},"west":{"uv":[9.6328125,0.0,9.8828125,0.09375],"tintindex":0,"rotation":0,"texture":"#0"},"up":{"uv":[2.0859375,9.8125,1.9765625,9.5625],"tintindex":0,"rotation":0,"texture":"#0"},"down":{"uv":[2.9140625,9.5703125,2.8046875,9.8203125],"tintindex":0,"rotation":0,"texture":"#0"}},"rotation":{"origin":[6.415745,10.0,-1.2979231],"angle":22.5,"axis":"y"}},{"from":[-2.4546537,4.0666656,1.4211526],"to":[2.2120132,8.133331,6.087819],"faces":{"east":{"uv":[9.7734375,2.828125,9.8828125,2.921875],"tintindex":0,"rotation":0,"texture":"#0"},"south":{"uv":[9.7734375,4.46875,9.8828125,4.5625],"tintindex":0,"rotation":0,"texture":"#0"},"north":{"uv":[9.7734375,2.1875,9.8828125,2.28125],"tintindex":0,"rotation":0,"texture":"#0"},"west":{"uv":[9.7734375,4.5625,9.8828125,4.65625],"tintindex":0,"rotation":0,"texture":"#0"},"up":{"uv":[3.703125,9.828125,3.59375,9.71875],"tintindex":0,"rotation":0,"texture":"#0"},"down":{"uv":[3.8125,9.71875,3.703125,9.828125],"tintindex":0,"rotation":0,"texture":"#0"}},"rotation":{"origin":[-0.121320724,6.1333313,6.754486],"angle":-45.0,"axis":"y"}},{"from":[3.2509217,3.6666665,-6.96459],"to":[8.584255,8.333333,4.368744],"faces":{"east":{"uv":[5.4609375,1.8203125,5.71875,1.921875],"tintindex":0,"rotation":0,"texture":"#0"},"south":{"uv":[9.6640625,7.8984375,9.78125,8.0],"tintindex":0,"rotation":0,"texture":"#0"},"north":{"uv":[1.9765625,8.296875,2.09375,8.3984375],"tintindex":0,"rotation":0,"texture":"#0"},"west":{"uv":[6.9375,2.3515625,7.1953125,2.453125],"tintindex":0,"rotation":0,"texture":"#0"},"up":{"uv":[3.5234375,3.8671875,3.40625,3.609375],"tintindex":0,"rotation":0,"texture":"#0"},"down":{"uv":[2.40625,5.859375,2.2890625,6.1171875],"tintindex":0,"rotation":0,"texture":"#0"}},"rotation":{"origin":[9.584255,10.0,-1.2979231],"angle":-22.5,"axis":"y"}},{"from":[13.787987,4.0666656,1.4211526],"to":[18.454655,8.133331,6.087819],"faces":{"east":{"uv":[8.1953125,6.765625,8.3046875,6.859375],"tintindex":0,"rotation":0,"texture":"#0"},"south":{"uv":[8.2578125,4.8984375,8.3671875,4.9921875],"tintindex":0,"rotation":0,"texture":"#0"},"north":{"uv":[0.875,2.84375,0.984375,2.9375],"tintindex":0,"rotation":0,"texture":"#0"},"west":{"uv":[9.7734375,2.09375,9.8828125,2.1875],"tintindex":0,"rotation":0,"texture":"#0"},"up":{"uv":[8.6328125,9.8203125,8.5234375,9.7109375],"tintindex":0,"rotation":0,"texture":"#0"},"down":{"uv":[8.7421875,9.7109375,8.6328125,9.8203125],"tintindex":0,"rotation":0,"texture":"#0"}},"rotation":{"origin":[16.12132,6.1333313,6.754486],"angle":45.0,"axis":"y"}},{"from":[5.933333,6.7816668,-11.317709],"to":[10.066668,12.115001,-8.651043],"faces":{"east":{"uv":[4.5546875,7.1484375,4.6171875,7.2734375],"tintindex":0,"rotation":0,"texture":"#0"},"south":{"uv":[1.125,9.7421875,1.21875,9.8671875],"tintindex":0,"rotation":0,"texture":"#0"},"north":{"uv":[1.03125,9.7421875,1.125,9.8671875],"tintindex":0,"rotation":0,"texture":"#0"},"west":{"uv":[7.5625,8.546875,7.625,8.671875],"tintindex":0,"rotation":0,"texture":"#0"},"up":{"uv":[6.703125,5.6484375,6.609375,5.5859375],"tintindex":0,"rotation":0,"texture":"#0"},"down":{"uv":[6.8125,0.25,6.71875,0.3125],"tintindex":0,"rotation":0,"texture":"#0"}},"rotation":{"origin":[8.0,8.781667,-16.317709],"angle":22.5,"axis":"x"}},{"from":[12.349078,8.0,-6.631256],"to":[12.349078,10.0,8.702077],"faces":{"east":{"uv":[8.1171875,5.2421875,8.4765625,5.2890625],"tintindex":0,"rotation":0,"texture":"#0"},"west":{"uv":[9.59375,6.3515625,9.953125,6.3984375],"tintindex":0,"rotation":0,"texture":"#0"}},"rotation":{"origin":[6.3490777,16.0,-1.2979231],"angle":22.5,"axis":"y"}},{"from":[5.6666665,1.7285714,-2.5898647],"to":[10.333334,6.395238,7.4101357],"faces":{"east":{"uv":[9.640625,4.75,9.8671875,4.8515625],"tintindex":0,"rotation":0,"texture":"#0"},"south":{"uv":[9.7421875,5.3125,9.84375,5.4140625],"tintindex":0,"rotation":0,"texture":"#0"},"north":{"uv":[9.7421875,5.2109375,9.84375,5.3125],"tintindex":0,"rotation":0,"texture":"#0"},"west":{"uv":[9.640625,4.8515625,9.8671875,4.953125],"tintindex":0,