{"textures":{"0":"ia:58","particle":"#0"},"elements":[{"from":[3.6666665,3.6666665,6.333333],"to":[12.333334,12.333334,31.0],"faces":{"east":{"uv":[7.734375,6.859375,8.3046875,7.0546875],"tintindex":0,"rotation":0,"texture":"#0"},"south":{"uv":[6.515625,8.5546875,6.7109375,8.75],"tintindex":0,"rotation":0,"texture":"#0"},"north":{"uv":[5.84375,4.0546875,6.0390625,4.25],"tintindex":0,"rotation":0,"texture":"#0"},"west":{"uv":[7.734375,7.0546875,8.3046875,7.25],"tintindex":0,"rotation":0,"texture":"#0"},"up":{"uv":[7.09375,8.0234375,6.8984375,7.453125],"tintindex":0,"rotation":0,"texture":"#0"},"down":{"uv":[6.359375,7.5625,6.1640625,8.1328125],"tintindex":0,"rotation":0,"texture":"#0"}}},{"from":[4.0,4.0,6.6666665],"to":[12.0,12.0,30.666668],"faces":{"east":{"uv":[6.3046875,2.96875,6.8671875,3.15625],"tintindex":0,"rotation":0,"texture":"#0"},"south":{"uv":[7.046875,6.0625,7.234375,6.25],"tintindex":0,"rotation":0,"texture":"#0"},"north":{"uv":[1.03125,3.8515625,1.21875,4.0390625],"tintindex":0,"rotation":0,"texture":"#0"},"west":{"uv":[1.5390625,7.8515625,2.1015625,8.0390625],"tintindex":0,"rotation":0,"texture":"#0"},"up":{"uv":[2.2890625,8.3984375,2.1015625,7.8359375],"tintindex":0,"rotation":0,"texture":"#0"},"down":{"uv":[3.2421875,7.8515625,3.0546875,8.4140625],"tintindex":0,"rotation":0,"texture":"#0"}}}],"display":{"gui":{"rotation":[-150.0,-45.0,180.0]}},"gui_light":"front"}