{"textures":{"0":"ia:58","particle":"#0"},"elements":[{"from":[3.6666665,3.6666665,17.666668],"to":[12.333334,12.333334,30.333334],"faces":{"east":{"uv":[4.234375,1.375,4.828125,1.78125],"tintindex":0,"rotation":0,"texture":"#0"},"south":{"uv":[6.046875,4.4609375,6.453125,4.8671875],"tintindex":0,"rotation":0,"texture":"#0"},"north":{"uv":[6.046875,4.0546875,6.453125,4.4609375],"tintindex":0,"rotation":0,"texture":"#0"},"west":{"uv":[4.234375,1.78125,4.828125,2.1875],"tintindex":0,"rotation":0,"texture":"#0"},"up":{"uv":[4.640625,2.78125,4.234375,2.1875],"tintindex":0,"rotation":0,"texture":"#0"},"down":{"uv":[4.8125,3.875,4.40625,4.46875],"tintindex":0,"rotation":0,"texture":"#0"}}},{"from":[3.5,3.5,17.5],"to":[12.5,12.5,30.5],"faces":{"east":{"uv":[0.5,4.0625,1.1015625,4.4765625],"tintindex":0,"rotation":0,"texture":"#0"},"south":{"uv":[3.140625,5.78125,3.5546875,6.1953125],"tintindex":0,"rotation":0,"texture":"#0"},"north":{"uv":[4.6640625,5.765625,5.078125,6.1796875],"tintindex":0,"rotation":0,"texture":"#0"},"west":{"uv":[1.1015625,4.109375,1.703125,4.5234375],"tintindex":0,"rotation":0,"texture":"#0"},"up":{"uv":[2.1171875,4.7109375,1.703125,4.109375],"tintindex":0,"rotation":0,"texture":"#0"},"down":{"uv":[0.4140625,4.203125,0.0,4.8046875],"tintindex":0,"rotation":0,"texture":"#0"}}}],"display":{"gui":{"rotation":[-150.0,-45.0,180.0]}},"gui_light":"front"}