{"textures":{"0":"ia:59","particle":"#0"},"elements":[{"from":[2.333333,2.333333,5.6666665],"to":[13.666667,13.666667,31.666668],"faces":{"east":{"uv":[4.0546875,6.25,4.65625,6.5078125],"tintindex":0,"rotation":0,"texture":"#0"},"south":{"uv":[6.0859375,9.1328125,6.34375,9.390625],"tintindex":0,"rotation":0,"texture":"#0"},"north":{"uv":[7.2578125,9.125,7.515625,9.3828125],"tintindex":0,"rotation":0,"texture":"#0"},"west":{"uv":[6.296875,2.453125,6.8984375,2.7109375],"tintindex":0,"rotation":0,"texture":"#0"},"up":{"uv":[5.234375,6.828125,4.9765625,6.2265625],"tintindex":0,"rotation":0,"texture":"#0"},"down":{"uv":[1.9296875,6.3125,1.671875,6.9140625],"tintindex":0,"rotation":0,"texture":"#0"}}},{"from":[2.6666665,2.6666665,6.0],"to":[13.333334,13.333334,31.333334],"faces":{"east":{"uv":[6.71875,0.0,7.3125,0.25],"tintindex":0,"rotation":0,"texture":"#0"},"south":{"uv":[9.1640625,2.1875,9.4140625,2.4375],"tintindex":0,"rotation":0,"texture":"#0"},"north":{"uv":[9.1640625,1.9375,9.4140625,2.1875],"tintindex":0,"rotation":0,"texture":"#0"},"west":{"uv":[6.71875,5.5859375,7.3125,5.8359375],"tintindex":0,"rotation":0,"texture":"#0"},"up":{"uv":[4.8671875,7.2890625,4.6171875,6.6953125],"tintindex":0,"rotation":0,"texture":"#0"},"down":{"uv":[3.25,6.7109375,3.0,7.3046875],"tintindex":0,"rotation":0,"texture":"#0"}}}],"display":{"gui":{"rotation":[-150.0,-45.0,180.0]}},"gui_light":"front"}