{"textures":{"0":"ia:58","particle":"#0"},"elements":[{"from":[17.5,17.5,17.5],"to":[-1.5,-1.5,-1.5],"faces":{"east":{"uv":[7.265625,8.546875,7.5625,8.84375],"tintindex":0,"rotation":0,"texture":"#0"},"south":{"uv":[6.21875,8.5546875,6.515625,8.8515625],"tintindex":0,"rotation":0,"texture":"#0"},"north":{"uv":[5.921875,8.546875,6.21875,8.84375],"tintindex":0,"rotation":0,"texture":"#0"},"west":{"uv":[8.1640625,8.5703125,8.4609375,8.8671875],"tintindex":0,"rotation":0,"texture":"#0"},"up":{"uv":[8.7578125,8.8671875,8.4609375,8.5703125],"tintindex":0,"rotation":0,"texture":"#0"},"down":{"uv":[8.8984375,7.765625,8.6015625,8.0625],"tintindex":0,"rotation":0,"texture":"#0"}}},{"from":[20.5,20.5,20.5],"to":[-4.5,-4.5,-4.5],"faces":{"east":{"uv":[6.453125,4.25,6.84375,4.640625],"tintindex":0,"rotation":0,"texture":"#0"},"south":{"uv":[3.4140625,6.4765625,3.8046875,6.8671875],"tintindex":0,"rotation":0,"texture":"#0"},"north":{"uv":[0.609375,2.453125,1.0,2.84375],"tintindex":0,"rotation":0,"texture":"#0"},"west":{"uv":[6.2109375,6.4765625,6.6015625,6.8671875],"tintindex":0,"rotation":0,"texture":"#0"},"up":{"uv":[1.0546875,6.8984375,0.6640625,6.5078125],"tintindex":0,"rotation":0,"texture":"#0"},"down":{"uv":[1.4453125,6.5078125,1.0546875,6.8984375],"tintindex":0,"rotation":0,"texture":"#0"}}},{"from":[0.0,0.0,0.0],"to":[16.0,16.0,16.0],"faces":{"east":{"uv":[9.1875,7.75,9.4375,8.0],"tintindex":0,"rotation":0,"texture":"#0"},"south":{"uv":[9.1953125,2.4375,9.4453125,2.6875],"tintindex":0,"rotation":0,"texture":"#0"},"north":{"uv":[9.171875,3.96875,9.421875,4.21875],"tintindex":0,"rotation":0,"texture":"#0"},"west":{"uv":[9.1953125,3.0625,9.4453125,3.3125],"tintindex":0,"rotation":0,"texture":"#0"},"up":{"uv":[9.453125,1.25,9.203125,1.0],"tintindex":0,"rotation":0,"texture":"#0"},"down":{"uv":[9.4609375,4.5234375,9.2109375,4.7734375],"tintindex":0,"rotation":0,"texture":"#0"}}},{"from":[19.0,19.0,19.0],"to":[-3.0,-3.0,-3.0],"faces":{"east":{"uv":[7.625,3.1640625,7.96875,3.5078125],"tintindex":0,"rotation":0,"texture":"#0"},"south":{"uv":[7.6328125,1.578125,7.9765625,1.921875],"tintindex":0,"rotation":0,"texture":"#0"},"north":{"uv":[7.625,2.3359375,7.96875,2.6796875],"tintindex":0,"rotation":0,"texture":"#0"},"west":{"uv":[7.6328125,6.0625,7.9765625,6.40625],"tintindex":0,"rotation":0,"texture":"#0"},"up":{"uv":[4.1015625,7.984375,3.7578125,7.640625],"tintindex":0,"rotation":0,"texture":"#0"},"down":{"uv":[4.4453125,7.640625,4.1015625,7.984375],"tintindex":0,"rotation":0,"texture":"#0"}}}],"display":{"gui":{"rotation":[-150.0,-45.0,180.0]}},"gui_light":"front"}