{"textures":{"0":"ia:58","particle":"#0"},"elements":[{"from":[4.0,4.0,25.0],"to":[12.0,12.0,32.0],"faces":{"east":{"uv":[6.8125,9.4375,7.03125,9.6875],"tintindex":0,"rotation":0,"texture":"#0"},"south":{"uv":[9.171875,0.2890625,9.421875,0.5390625],"tintindex":0,"rotation":0,"texture":"#0"},"north":{"uv":[9.1640625,7.2109375,9.4140625,7.4609375],"tintindex":0,"rotation":0,"texture":"#0"},"west":{"uv":[9.4375,7.5234375,9.65625,7.7734375],"tintindex":0,"rotation":0,"texture":"#0"},"up":{"uv":[2.6875,7.0859375,2.4375,6.8671875],"tintindex":0,"rotation":0,"texture":"#0"},"down":{"uv":[9.6484375,5.5,9.3984375,5.71875],"tintindex":0,"rotation":0,"texture":"#0"}}},{"from":[5.5,5.5,7.0],"to":[10.5,10.5,25.0],"faces":{"east":{"uv":[8.6484375,4.5234375,9.2109375,4.6796875],"tintindex":0,"rotation":0,"texture":"#0"},"south":{"uv":[3.0625,7.3046875,3.21875,7.4609375],"tintindex":0,"rotation":0,"texture":"#0"},"north":{"uv":[3.25,6.7109375,3.40625,6.8671875],"tintindex":0,"rotation":0,"texture":"#0"},"west":{"uv":[8.6484375,4.6796875,9.2109375,4.8359375],"tintindex":0,"rotation":0,"texture":"#0"},"up":{"uv":[0.65625,8.96875,0.5,8.40625],"tintindex":0,"rotation":0,"texture":"#0"},"down":{"uv":[4.59375,8.5078125,4.4375,9.0703125],"tintindex":0,"rotation":0,"texture":"#0"}}}],"display":{"gui":{"rotation":[-150.0,-45.0,180.0]}},"gui_light":"front"}