{"textures":{"0":"ia:59","particle":"#0"},"elements":[{"from":[0.6666665,0.6666665,6.0],"to":[15.333334,15.333334,31.333334],"faces":{"east":{"uv":[4.546875,3.484375,5.140625,3.828125],"tintindex":0,"rotation":0,"texture":"#0"},"south":{"uv":[3.4140625,7.578125,3.7578125,7.921875],"tintindex":0,"rotation":0,"texture":"#0"},"north":{"uv":[7.578125,1.234375,7.921875,1.578125],"tintindex":0,"rotation":0,"texture":"#0"},"west":{"uv":[4.640625,2.1875,5.234375,2.53125],"tintindex":0,"rotation":0,"texture":"#0"},"up":{"uv":[2.8125,5.25,2.46875,4.65625],"tintindex":0,"rotation":0,"texture":"#0"},"down":{"uv":[3.15625,4.65625,2.8125,5.25],"tintindex":0,"rotation":0,"texture":"#0"}}},{"from":[0.33333302,0.33333302,5.6666665],"to":[15.666667,15.666667,31.666668],"faces":{"east":{"uv":[4.546875,2.78125,5.1484375,3.1328125],"tintindex":0,"rotation":0,"texture":"#0"},"south":{"uv":[3.0625,7.5,3.4140625,7.8515625],"tintindex":0,"rotation":0,"texture":"#0"},"north":{"uv":[1.6328125,7.5,1.984375,7.8515625],"tintindex":0,"rotation":0,"texture":"#0"},"west":{"uv":[4.546875,3.1328125,5.1484375,3.484375],"tintindex":0,"rotation":0,"texture":"#0"},"up":{"uv":[1.703125,5.125,1.3515625,4.5234375],"tintindex":0,"rotation":0,"texture":"#0"},"down":{"uv":[2.46875,4.65625,2.1171875,5.2578125],"tintindex":0,"rotation":0,"texture":"#0"}}}],"display":{"gui":{"rotation":[-150.0,-45.0,180.0]}},"gui_light":"front"}