{"textures":{"0":"ia:59","particle":"#0"},"elements":[{"from":[3.0,3.0,5.6666665],"to":[13.0,13.0,31.666668],"faces":{"east":{"uv":[7.4375,4.21875,8.0390625,4.4453125],"tintindex":0,"rotation":0,"texture":"#0"},"south":{"uv":[9.4375,7.7734375,9.6640625,8.0],"tintindex":0,"rotation":0,"texture":"#0"},"north":{"uv":[9.40625,6.71875,9.6328125,6.9453125],"tintindex":0,"rotation":0,"texture":"#0"},"west":{"uv":[7.4453125,0.21875,8.046875,0.4453125],"tintindex":0,"rotation":0,"texture":"#0"},"up":{"uv":[5.0234375,8.0234375,4.796875,7.421875],"tintindex":0,"rotation":0,"texture":"#0"},"down":{"uv":[7.671875,7.3125,7.4453125,7.9140625],"tintindex":0,"rotation":0,"texture":"#0"}}},{"from":[3.333333,3.333333,6.0],"to":[12.666667,12.666667,31.333334],"faces":{"east":{"uv":[7.4453125,0.4453125,8.0390625,0.6640625],"tintindex":0,"rotation":0,"texture":"#0"},"south":{"uv":[8.3515625,9.4375,8.5703125,9.65625],"tintindex":0,"rotation":0,"texture":"#0"},"north":{"uv":[8.1328125,9.4375,8.3515625,9.65625],"tintindex":0,"rotation":0,"texture":"#0"},"west":{"uv":[7.4453125,0.6640625,8.0390625,0.8828125],"tintindex":0,"rotation":0,"texture":"#0"},"up":{"uv":[6.6796875,8.046875,6.4609375,7.453125],"tintindex":0,"rotation":0,"texture":"#0"},"down":{"uv":[6.8984375,7.453125,6.6796875,8.046875],"tintindex":0,"rotation":0,"texture":"#0"}}}],"display":{"gui":{"rotation":[-150.0,-45.0,180.0]}},"gui_light":"front"}