{"textures":{"0":"ia:58","particle":"#0"},"elements":[{"from":[1.0,1.0,5.6666665],"to":[15.0,15.0,31.666668],"faces":{"east":{"uv":[0.203125,5.2578125,0.8046875,5.578125],"tintindex":0,"rotation":0,"texture":"#0"},"south":{"uv":[5.78125,7.9140625,6.1015625,8.234375],"tintindex":0,"rotation":0,"texture":"#0"},"north":{"uv":[5.4609375,7.8515625,5.78125,8.171875],"tintindex":0,"rotation":0,"texture":"#0"},"west":{"uv":[4.0625,5.328125,4.6640625,5.6484375],"tintindex":0,"rotation":0,"texture":"#0"},"up":{"uv":[3.140625,5.8515625,2.8203125,5.25],"tintindex":0,"rotation":0,"texture":"#0"},"down":{"uv":[2.4296875,5.2578125,2.109375,5.859375],"tintindex":0,"rotation":0,"texture":"#0"}}},{"from":[1.333333,1.333333,6.0],"to":[14.666667,14.666667,31.333334],"faces":{"east":{"uv":[5.5703125,0.8125,6.1640625,1.125],"tintindex":0,"rotation":0,"texture":"#0"},"south":{"uv":[5.4609375,8.171875,5.7734375,8.484375],"tintindex":0,"rotation":0,"texture":"#0"},"north":{"uv":[7.0,8.15625,7.3125,8.46875],"tintindex":0,"rotation":0,"texture":"#0"},"west":{"uv":[5.609375,0.0,6.203125,0.3125],"tintindex":0,"rotation":0,"texture":"#0"},"up":{"uv":[4.375,6.2421875,4.0625,5.6484375],"tintindex":0,"rotation":0,"texture":"#0"},"down":{"uv":[6.015625,2.2734375,5.703125,2.8671875],"tintindex":0,"rotation":0,"texture":"#0"}}}],"display":{"gui":{"rotation":[-150.0,-45.0,180.0]}},"gui_light":"front"}