{"textures":{"0":"ia:59","particle":"#0"},"elements":[{"from":[2.0,2.0,6.0],"to":[14.0,14.0,31.333334],"faces":{"east":{"uv":[6.0078125,1.125,6.6015625,1.40625],"tintindex":0,"rotation":0,"texture":"#0"},"south":{"uv":[2.9609375,8.8203125,3.2421875,9.1015625],"tintindex":0,"rotation":0,"texture":"#0"},"north":{"uv":[8.8046875,1.7734375,9.0859375,2.0546875],"tintindex":0,"rotation":0,"texture":"#0"},"west":{"uv":[6.0078125,1.40625,6.6015625,1.6875],"tintindex":0,"rotation":0,"texture":"#0"},"up":{"uv":[1.671875,6.46875,1.390625,5.875],"tintindex":0,"rotation":0,"texture":"#0"},"down":{"uv":[6.296875,2.2421875,6.015625,2.8359375],"tintindex":0,"rotation":0,"texture":"#0"}}},{"from":[1.6666665,1.6666665,5.6666665],"to":[14.333334,14.333334,31.666668],"faces":{"east":{"uv":[5.609375,0.3125,6.2109375,0.6015625],"tintindex":0,"rotation":0,"texture":"#0"},"south":{"uv":[8.7265625,3.4921875,9.015625,3.78125],"tintindex":0,"rotation":0,"texture":"#0"},"north":{"uv":[4.59375,8.71875,4.8828125,9.0078125],"tintindex":0,"rotation":0,"texture":"#0"},"west":{"uv":[5.703125,2.8671875,6.3046875,3.15625],"tintindex":0,"rotation":0,"texture":"#0"},"up":{"uv":[4.6640625,6.25,4.375,5.6484375],"tintindex":0,"rotation":0,"texture":"#0"},"down":{"uv":[1.96875,5.7109375,1.6796875,6.3125],"tintindex":0,"rotation":0,"texture":"#0"}}}],"display":{"gui":{"rotation":[-150.0,-45.0,180.0]}},"gui_light":"front"}