{"textures":{"0":"ia:51","particle":"#0"},"elements":[{"from":[3.0,7.286705,-1.4723005],"to":[3.0,10.286705,1.5276995],"faces":{"east":{"uv":[7.375,11.5,7.0,11.875],"tintindex":0,"rotation":0,"texture":"#0"},"west":{"uv":[7.0,11.5,7.375,11.875],"tintindex":0,"rotation":0,"texture":"#0"}},"rotation":{"origin":[3.0,8.786705,0.02769947],"angle":-22.5,"axis":"x"}},{"from":[2.975,3.7017899,-0.19232273],"to":[13.025,8.70179,8.807677],"faces":{"east":{"uv":[9.375,1.125,10.5,1.75],"tintindex":0,"rotation":0,"texture":"#0"},"south":{"uv":[3.375,9.0,4.625,9.625],"tintindex":0,"rotation":0,"texture":"#0"},"north":{"uv":[2.0,9.0,3.25,9.625],"tintindex":0,"rotation":0,"texture":"#0"},"west":{"uv":[9.375,4.625,10.5,5.25],"tintindex":0,"rotation":0,"texture":"#0"},"up":{"uv":[7.875,3.875,6.625,2.75],"tintindex":0,"rotation":0,"texture":"#0"},"down":{"uv":[8.0,1.125,6.75,2.25],"tintindex":0,"rotation":0,"texture":"#0"}},"rotation":{"origin":[8.0,6.20179,4.3076773],"angle":-22.5,"axis":"x"}},{"from":[3.0,6.7247963,-1.3630762],"to":[13.0,9.724796,-1.3630762],"faces":{"south":{"uv":[11.375,2.375,10.125,2.75],"tintindex":0,"rotation":0,"texture":"#0"},"north":{"uv":[10.125,2.375,11.375,2.75],"tintindex":0,"rotation":0,"texture":"#0"}},"rotation":{"origin":[8.0,8.224796,-1.3630762],"angle":-22.5,"axis":"x"}},{"from":[13.0,7.286705,-1.4723005],"to":[13.0,10.286705,1.5276995],"faces":{"east":{"uv":[7.375,11.5,7.0,11.875],"tintindex":0,"rotation":0,"texture":"#0"},"west":{"uv":[7.0,11.5,7.375,11.875],"tintindex":0,"rotation":0,"texture":"#0"}},"rotation":{"origin":[13.0,8.786705,0.02769947],"angle":-22.5,"axis":"x"}}],"display":{"gui":{"rotation":[-150.0,-45.0,180.0]}},"gui_light":"front"}