{"textures":{"0":"ia:51","particle":"#0"},"elements":[{"from":[6.4749994,6.714193,5.774766],"to":[9.474999,9.714192,9.774766],"faces":{"east":{"uv":[11.875,3.75,11.375,4.125],"tintindex":0,"rotation":0,"texture":"#0"},"south":{"uv":[3.375,11.875,3.0,12.25],"tintindex":0,"rotation":0,"texture":"#0"},"north":{"uv":[12.25,2.875,11.875,3.25],"tintindex":0,"rotation":0,"texture":"#0"},"west":{"uv":[5.625,6.375,5.125,6.75],"tintindex":0,"rotation":0,"texture":"#0"},"up":{"uv":[6.875,8.875,7.25,8.375],"tintindex":0,"rotation":0,"texture":"#0"},"down":{"uv":[10.125,11.375,10.5,11.875],"tintindex":0,"rotation":0,"texture":"#0"}}},{"from":[8.025,6.2858076,2.725234],"to":[8.025,9.285808,5.725234],"faces":{"east":{"uv":[11.875,5.75,12.25,6.125],"tintindex":0,"rotation":180,"texture":"#0"},"west":{"uv":[12.25,5.75,11.875,6.125],"tintindex":0,"rotation":180,"texture":"#0"}}}],"display":{"gui":{"rotation":[-150.0,-45.0,180.0]}},"gui_light":"front"}