{"textures":{"0":"ia:34","particle":"#0"},"elements":[{"from":[-2.8159094,-6.3741493,-2.6375504],"to":[8.184091,9.625851,10.36245],"faces":{"east":{"uv":[2.625,8.1875,3.4375,9.1875],"tintindex":0,"rotation":0,"texture":"#0"},"south":{"uv":[8.9375,2.6875,9.625,3.6875],"tintindex":0,"rotation":0,"texture":"#0"},"north":{"uv":[8.9375,1.625,9.625,2.625],"tintindex":0,"rotation":0,"texture":"#0"},"west":{"uv":[4.9375,8.5625,5.75,9.5625],"tintindex":0,"rotation":0,"texture":"#0"},"up":{"uv":[9.125,10.5,8.4375,9.6875],"tintindex":0,"rotation":0,"texture":"#0"},"down":{"uv":[3.625,9.75,2.9375,10.5625],"tintindex":0,"rotation":0,"texture":"#0"}},"rotation":{"origin":[2.1840906,-0.8741493,5.3624487],"angle":22.5,"axis":"x"}},{"from":[-2.7909098,-0.060274124,5.8118315],"to":[-2.7909098,15.939724,18.81183],"faces":{"east":{"uv":[9.5,7.8125,8.6875,8.8125],"tintindex":0,"rotation":0,"texture":"#0"},"west":{"uv":[8.6875,7.8125,9.5,8.8125],"tintindex":0,"rotation":0,"texture":"#0"}}}],"display":{"gui":{"rotation":[-150.0,-45.0,180.0]}},"gui_light":"front"}