{"textures":{"0":"ia:34","particle":"#0"},"elements":[{"from":[3.0222225,-3.775178,11.456731],"to":[13.0222225,10.224821,20.456732],"faces":{"east":{"uv":[10.4375,9.75,9.875,10.625],"tintindex":0,"rotation":0,"texture":"#0"},"south":{"uv":[7.75,9.75,7.125,10.625],"tintindex":0,"rotation":0,"texture":"#0"},"north":{"uv":[7.75,9.75,7.125,10.625],"tintindex":0,"rotation":0,"texture":"#0"},"west":{"uv":[10.4375,9.75,9.875,10.625],"tintindex":0,"rotation":0,"texture":"#0"},"up":{"uv":[8.9375,4.3125,9.5625,3.75],"tintindex":0,"rotation":0,"texture":"#0"},"down":{"uv":[10.4375,5.8125,11.0625,6.375],"tintindex":0,"rotation":0,"texture":"#0"}},"rotation":{"origin":[7.7597218,-0.28827763,14.382952],"angle":-45.0,"axis":"x"}}],"display":{"gui":{"rotation":[-150.0,-45.0,180.0]}},"gui_light":"front"}