{"textures":{"0":"ia:34","particle":"#0"},"elements":[{"from":[3.0,4.683631,0.17172527],"to":[13.0,7.683631,11.171725],"faces":{"east":{"uv":[10.25,8.375,9.5625,8.5625],"tintindex":0,"rotation":0,"texture":"#0"},"south":{"uv":[7.4375,10.6875,6.8125,10.875],"tintindex":0,"rotation":0,"texture":"#0"},"north":{"uv":[7.4375,10.6875,6.8125,10.875],"tintindex":0,"rotation":0,"texture":"#0"},"west":{"uv":[10.25,8.375,9.5625,8.5625],"tintindex":0,"rotation":0,"texture":"#0"},"up":{"uv":[10.4375,7.0625,11.0,6.4375],"tintindex":0,"rotation":0,"texture":"#0"},"down":{"uv":[10.5,1.5625,11.0625,2.1875],"tintindex":0,"rotation":0,"texture":"#0"}},"rotation":{"origin":[7.5,2.183631,6.1717253],"angle":22.5,"axis":"x"}},{"from":[3.0,-0.56636906,0.17172527],"to":[13.0,2.433631,11.171725],"faces":{"east":{"uv":[10.25,8.375,9.5625,8.5625],"tintindex":0,"rotation":0,"texture":"#0"},"south":{"uv":[7.4375,10.6875,6.8125,10.875],"tintindex":0,"rotation":0,"texture":"#0"},"north":{"uv":[7.4375,10.6875,6.8125,10.875],"tintindex":0,"rotation":0,"texture":"#0"},"west":{"uv":[10.25,8.375,9.5625,8.5625],"tintindex":0,"rotation":0,"texture":"#0"},"up":{"uv":[10.4375,7.0625,11.0,6.4375],"tintindex":0,"rotation":0,"texture":"#0"},"down":{"uv":[10.5,1.5625,11.0625,2.1875],"tintindex":0,"rotation":0,"texture":"#0"}},"rotation":{"origin":[7.5,2.183631,6.1717253],"angle":22.5,"axis":"x"}},{"from":[4.0,-4.816369,1.1717253],"to":[12.0,9.183631,10.171725],"faces":{"east":{"uv":[2.125,9.8125,1.5625,10.6875],"tintindex":0,"rotation":0,"texture":"#0"},"south":{"uv":[4.9375,10.3125,4.4375,11.1875],"tintindex":0,"rotation":0,"texture":"#0"},"north":{"uv":[4.9375,10.3125,4.4375,11.1875],"tintindex":0,"rotation":0,"texture":"#0"},"west":{"uv":[2.125,9.8125,1.5625,10.6875],"tintindex":0,"rotation":0,"texture":"#0"},"up":{"uv":[10.5,10.3125,11.0,9.75],"tintindex":0,"rotation":0,"texture":"#0"},"down":{"uv":[10.5,10.375,11.0,10.9375],"tintindex":0,"rotation":0,"texture":"#0"}},"rotation":{"origin":[8.0,2.183631,6.1717253],"angle":22.5,"axis":"x"}},{"from":[3.5,0.18363094,0.6717253],"to":[12.5,7.183631,10.671725],"faces":{"east":{"uv":[10.1875,8.375,9.5625,8.8125],"tintindex":0,"rotation":0,"texture":"#0"},"south":{"uv":[7.375,10.6875,6.8125,11.125],"tintindex":0,"rotation":0,"texture":"#0"},"north":{"uv":[7.375,10.6875,6.8125,11.125],"tintindex":0,"rotation":0,"texture":"#0"},"west":{"uv":[10.1875,8.375,9.5625,8.8125],"tintindex":0,"rotation":0,"texture":"#0"},"up":{"uv":[10.4375,7.0625,11.0,6.4375],"tintindex":0,"rotation":0,"texture":"#0"},"down":{"uv":[10.5,1.5625,11.0625,2.1875],"tintindex":0,"rotation":0,"texture":"#0"}},"rotation":{"origin":[7.5,2.183631,6.1717253],"angle":22.5,"axis":"x"}}],"display":{"gui":{"rotation":[-150.0,-45.0,180.0]}},"gui_light":"front"}