{"textures":{"0":"ia:46","particle":"#0"},"elements":[{"from":[4.3204145,8.01714,8.779265],"to":[7.9870815,8.01714,27.445934],"faces":{"up":{"uv":[6.875,7.0,5.5,0.0],"tintindex":0,"rotation":0,"texture":"#0"},"down":{"uv":[8.25,0.0,6.875,7.0],"tintindex":0,"rotation":0,"texture":"#0"}}},{"from":[4.9870815,8.01714,7.779265],"to":[7.9870815,8.01714,8.779265],"faces":{"up":{"uv":[13.375,6.75,12.25,6.375],"tintindex":0,"rotation":0,"texture":"#0"},"down":{"uv":[13.375,6.75,12.25,7.125],"tintindex":0,"rotation":0,"texture":"#0"}}}],"display":{"gui":{"rotation":[-150.0,-45.0,180.0]}},"gui_light":"front"}