{"textures":{"0":"ia:46","particle":"#0"},"elements":[{"from":[8.012918,8.01714,7.779265],"to":[11.012918,8.01714,8.779265],"faces":{"up":{"uv":[13.375,7.5,12.25,7.125],"tintindex":0,"rotation":0,"texture":"#0"},"down":{"uv":[13.5,8.25,12.375,8.625],"tintindex":0,"rotation":0,"texture":"#0"}}},{"from":[8.012918,8.01714,8.779265],"to":[11.679585,8.01714,27.445934],"faces":{"up":{"uv":[1.375,14.0,0.0,7.0],"tintindex":0,"rotation":0,"texture":"#0"},"down":{"uv":[2.75,7.0,1.375,14.0],"tintindex":0,"rotation":0,"texture":"#0"}}}],"display":{"gui":{"rotation":[-150.0,-45.0,180.0]}},"gui_light":"front"}