{"textures":{"0":"ia:46","particle":"#0"},"elements":[{"from":[5.5,16.6559,12.108322],"to":[9.5,16.6559,22.108322],"faces":{"up":{"uv":[11.375,11.875,10.875,10.625],"tintindex":0,"rotation":0,"texture":"#0"},"down":{"uv":[11.5,1.125,11.0,2.375],"tintindex":0,"rotation":0,"texture":"#0"}},"rotation":{"origin":[8.0,14.888634,12.840555],"angle":-22.5,"axis":"x"}},{"from":[5.5,5.6212234,11.072435],"to":[9.5,15.621223,11.072435],"faces":{"south":{"uv":[10.875,9.375,11.375,10.625],"tintindex":0,"rotation":0,"texture":"#0"},"north":{"uv":[8.5,10.875,9.0,12.125],"tintindex":0,"rotation":0,"texture":"#0"}},"rotation":{"origin":[8.0,14.888634,12.840555],"angle":22.5,"axis":"x"}}],"display":{"gui":{"rotation":[-150.0,-45.0,180.0]}},"gui_light":"front"}