{"textures":{"0":"ia:46","particle":"#0"},"elements":[{"from":[6.5,16.6559,12.108322],"to":[10.5,16.6559,22.108322],"faces":{"up":{"uv":[3.75,12.375,3.25,11.125],"tintindex":0,"rotation":0,"texture":"#0"},"down":{"uv":[11.625,3.625,11.125,4.875],"tintindex":0,"rotation":0,"texture":"#0"}},"rotation":{"origin":[8.0,14.888634,12.840555],"angle":-22.5,"axis":"x"}},{"from":[6.5,5.6212234,11.072435],"to":[10.5,15.621223,11.072435],"faces":{"south":{"uv":[2.75,11.125,3.25,12.375],"tintindex":0,"rotation":0,"texture":"#0"},"north":{"uv":[11.0,2.375,11.5,3.625],"tintindex":0,"rotation":0,"texture":"#0"}},"rotation":{"origin":[8.0,14.888634,12.840555],"angle":22.5,"axis":"x"}}],"display":{"gui":{"rotation":[-150.0,-45.0,180.0]}},"gui_light":"front"}