{"textures":{"0":"ia:46","particle":"#0"},"elements":[{"from":[5.251,6.3117537,-3.4640756],"to":[7.249,8.309753,-0.46607548],"faces":{"east":{"uv":[14.0,8.625,14.375,8.875],"tintindex":0,"rotation":0,"texture":"#0"},"south":{"uv":[14.25,13.5,14.5,13.75],"tintindex":0,"rotation":0,"texture":"#0"},"north":{"uv":[14.25,13.25,14.5,13.5],"tintindex":0,"rotation":0,"texture":"#0"},"west":{"uv":[14.0,8.875,14.375,9.125],"tintindex":0,"rotation":0,"texture":"#0"},"up":{"uv":[11.25,8.125,11.0,7.75],"tintindex":0,"rotation":0,"texture":"#0"},"down":{"uv":[13.125,0.0,12.875,0.375],"tintindex":0,"rotation":0,"texture":"#0"}},"rotation":{"origin":[6.25,7.310754,-2.4650755],"angle":-22.5,"axis":"x"}},{"from":[9.251,5.5463867,-4.561835],"to":[10.249,7.544387,-2.5638347],"faces":{"east":{"uv":[0.75,14.375,1.0,14.625],"tintindex":0,"rotation":0,"texture":"#0"},"south":{"uv":[12.625,2.75,12.75,3.0],"tintindex":0,"rotation":0,"texture":"#0"},"north":{"uv":[6.625,12.375,6.75,12.625],"tintindex":0,"rotation":0,"texture":"#0"},"west":{"uv":[1.0,14.375,1.25,14.625],"tintindex":0,"rotation":0,"texture":"#0"},"up":{"uv":[9.875,13.25,9.75,13.0],"tintindex":0,"rotation":0,"texture":"#0"},"down":{"uv":[13.25,2.5,13.125,2.75],"tintindex":0,"rotation":0,"texture":"#0"}},"rotation":{"origin":[7.75,6.545387,-4.3128347],"angle":-45.0,"axis":"x"}},{"from":[5.751,5.5463867,-4.561835],"to":[6.749,7.544387,-2.5638347],"faces":{"east":{"uv":[1.25,14.375,1.5,14.625],"tintindex":0,"rotation":0,"texture":"#0"},"south":{"uv":[13.375,7.25,13.5,7.5],"tintindex":0,"rotation":0,"texture":"#0"},"north":{"uv":[13.25,11.75,13.375,12.0],"tintindex":0,"rotation":0,"texture":"#0"},"west":{"uv":[14.375,1.25,14.625,1.5],"tintindex":0,"rotation":0,"texture":"#0"},"up":{"uv":[13.75,7.25,13.625,7.0],"tintindex":0,"rotation":0,"texture":"#0"},"down":{"uv":[13.5,13.75,13.375,14.0],"tintindex":0,"rotation":0,"texture":"#0"}},"rotation":{"origin":[8.25,6.545387,-4.3128347],"angle":-45.0,"axis":"x"}},{"from":[5.25,7.0,-1.0],"to":[7.25,9.0,4.0],"faces":{"east":{"uv":[13.625,9.875,14.25,10.125],"tintindex":0,"rotation":0,"texture":"#0"},"south":{"uv":[9.0,12.375,9.25,12.625],"tintindex":0,"rotation":0,"texture":"#0"},"north":{"uv":[11.75,7.5,12.0,7.75],"tintindex":0,"rotation":0,"texture":"#0"},"west":{"uv":[13.75,13.75,14.375,14.0],"tintindex":0,"rotation":0,"texture":"#0"},"up":{"uv":[13.375,14.375,13.125,13.75],"tintindex":0,"rotation":0,"texture":"#0"},"down":{"uv":[14.125,0.0,13.875,0.625],"tintindex":0,"rotation":0,"texture":"#0"}}},{"from":[8.751,6.3117537,-3.4640756],"to":[10.749,8.309753,-0.46607548],"faces":{"east":{"uv":[14.0,10.125,14.375,10.375],"tintindex":0,"rotation":0,"texture":"#0"},"south":{"uv":[14.25,14.0,14.5,14.25],"tintindex":0,"rotation":0,"texture":"#0"},"north":{"uv":[13.875,14.25,14.125,14.5],"tintindex":0,"rotation":0,"texture":"#0"},"west":{"uv":[14.0,11.0,14.375,11.25],"tintindex":0,"rotation":0,"texture":"#0"},"up":{"uv":[6.125,14.375,5.875,14.0],"tintindex":0,"rotation":0,"texture":"#0"},"down":{"uv":[14.25,12.25,14.0,12.625],"tintindex":0,"rotation":0,"texture":"#0"}},"rotation":{"origin":[5.75,7.310754,-2.4650755],"angle":-22.5,"axis":"x"}},{"from":[6.0,7.0,4.0],"to":[10.0,9.0,7.0],"faces":{"east":{"uv":[11.875,0.5,12.25,0.75],"tintindex":0,"rotation":0,"texture":"#0"},"south":{"uv":[4.375,14.0,4.875,14.25],"tintindex":0,"rotation":0,"texture":"#0"},"north":{"uv":[3.875,14.0,4.375,14.25],"tintindex":0,"rotation":0,"texture":"#0"},"west":{"uv":[12.0,8.25,12.375,8.5],"tintindex":0,"rotation":0,"texture":"#0"},"up":{"uv":[3.625,14.0,3.125,13.625],"tintindex":0,"rotation":0,"texture":"#0"},"down":{"uv":[4.125,13.625,3.625,14.0],"tintindex":0,"rotation":0,"texture":"#0"}}},{"from":[8.75,7.0,-1.0],"to":[10.75,9.0,4.0],"faces":{"east":{"uv":[13.875,0.625,14.5,0.875],"tintindex":0,"rotation":0,"texture":"#0"},"south":{"uv":[14.25,13.0,14.5,13.25],"tintindex":0,"rotation":0,"texture":"#0"},"north":{"uv":[13.0,9.875,13.25,10.125],"tintindex":0,"rotation":0,"texture":"#0"},"west":{"uv":[13.875,4.25,14.5,4.5],"tintindex":0,"rotation":0,"texture":"#0"},"up":{"uv":[6.875,14.5,6.625,13.875],"tintindex":0,"rotation":0,"texture":"#0"},"down":{"uv":[8.875,13.875,8.625,14.5],"tintindex":0,"rotation":0,"texture":"#0"}}}],"display":{"gui":{"rotation":[-150.0,-45.0,180.0]}},"gui_light":"front"}