{"textures":{"0":"ia:46","particle":"#0"},"elements":[{"from":[7.714989,2.8256397,8.25],"to":[8.714989,5.8256397,9.25],"faces":{"east":{"uv":[9.625,13.875,9.75,14.25],"tintindex":0,"rotation":0,"texture":"#0"},"south":{"uv":[6.875,14.375,7.0,14.75],"tintindex":0,"rotation":0,"texture":"#0"},"north":{"uv":[12.75,13.375,12.875,13.75],"tintindex":0,"rotation":0,"texture":"#0"},"west":{"uv":[7.0,14.375,7.125,14.75],"tintindex":0,"rotation":0,"texture":"#0"},"up":{"uv":[12.375,13.375,12.25,13.25],"tintindex":0,"rotation":0,"texture":"#0"},"down":{"uv":[13.5,4.875,13.375,5.0],"tintindex":0,"rotation":0,"texture":"#0"}},"rotation":{"origin":[8.214989,4.3256397,9.0],"angle":45.0,"axis":"z"}},{"from":[6.8007755,5.0327473,6.5],"to":[8.800776,8.032747,9.5],"faces":{"east":{"uv":[14.0,1.375,14.375,1.75],"tintindex":0,"rotation":0,"texture":"#0"},"south":{"uv":[14.25,0.875,14.5,1.25],"tintindex":0,"rotation":0,"texture":"#0"},"north":{"uv":[12.5,14.125,12.75,14.5],"tintindex":0,"rotation":0,"texture":"#0"},"west":{"uv":[1.625,14.0,2.0,14.375],"tintindex":0,"rotation":0,"texture":"#0"},"up":{"uv":[3.0,14.625,2.75,14.25],"tintindex":0,"rotation":0,"texture":"#0"},"down":{"uv":[4.125,14.25,3.875,14.625],"tintindex":0,"rotation":0,"texture":"#0"}}},{"from":[6.8007755,2.0327473,6.75],"to":[7.8007755,5.0327473,7.75],"faces":{"east":{"uv":[11.25,9.0,11.375,9.375],"tintindex":0,"rotation":0,"texture":"#0"},"south":{"uv":[12.375,8.625,12.5,9.0],"tintindex":0,"rotation":0,"texture":"#0"},"north":{"uv":[10.75,9.375,10.875,9.75],"tintindex":0,"rotation":0,"texture":"#0"},"west":{"uv":[9.375,13.375,9.5,13.75],"tintindex":0,"rotation":0,"texture":"#0"},"up":{"uv":[11.125,3.75,11.0,3.625],"tintindex":0,"rotation":0,"texture":"#0"},"down":{"uv":[11.375,11.875,11.25,12.0],"tintindex":0,"rotation":0,"texture":"#0"}}},{"from":[7.8007755,4.0327473,5.5],"to":[8.800776,7.0327473,6.5],"faces":{"east":{"uv":[7.25,14.375,7.375,14.75],"tintindex":0,"rotation":0,"texture":"#0"},"south":{"uv":[7.375,14.375,7.5,14.75],"tintindex":0,"rotation":0,"texture":"#0"},"north":{"uv":[7.125,14.375,7.25,14.75],"tintindex":0,"rotation":0,"texture":"#0"},"west":{"uv":[7.5,14.375,7.625,14.75],"tintindex":0,"rotation":0,"texture":"#0"},"up":{"uv":[9.5,13.875,9.375,13.75],"tintindex":0,"rotation":0,"texture":"#0"},"down":{"uv":[12.875,13.75,12.75,13.875],"tintindex":0,"rotation":0,"texture":"#0"}},"rotation":{"origin":[8.300776,6.5327473,6.0],"angle":22.5,"axis":"z"}}],"display":{"gui":{"rotation":[-150.0,-45.0,180.0]}},"gui_light":"front"}