{"textures":{"0":"ia:46","particle":"#0"},"elements":[{"from":[8.199224,2.0327473,6.75],"to":[9.199224,5.0327473,7.75],"faces":{"east":{"uv":[7.75,14.375,7.875,14.75],"tintindex":0,"rotation":0,"texture":"#0"},"south":{"uv":[7.875,14.375,8.0,14.75],"tintindex":0,"rotation":0,"texture":"#0"},"north":{"uv":[7.625,14.375,7.75,14.75],"tintindex":0,"rotation":0,"texture":"#0"},"west":{"uv":[8.0,14.375,8.125,14.75],"tintindex":0,"rotation":0,"texture":"#0"},"up":{"uv":[14.375,1.375,14.25,1.25],"tintindex":0,"rotation":0,"texture":"#0"},"down":{"uv":[14.625,1.125,14.5,1.25],"tintindex":0,"rotation":0,"texture":"#0"}}},{"from":[7.1992245,4.0327473,5.5],"to":[8.199224,7.0327473,6.5],"faces":{"east":{"uv":[8.25,14.375,8.375,14.75],"tintindex":0,"rotation":0,"texture":"#0"},"south":{"uv":[14.375,8.25,14.5,8.625],"tintindex":0,"rotation":0,"texture":"#0"},"north":{"uv":[8.125,14.375,8.25,14.75],"tintindex":0,"rotation":0,"texture":"#0"},"west":{"uv":[8.375,14.375,8.5,14.75],"tintindex":0,"rotation":0,"texture":"#0"},"up":{"uv":[14.625,5.625,14.5,5.5],"tintindex":0,"rotation":0,"texture":"#0"},"down":{"uv":[14.625,7.5,14.5,7.625],"tintindex":0,"rotation":0,"texture":"#0"}},"rotation":{"origin":[7.6992245,6.5327473,6.0],"angle":-22.5,"axis":"z"}},{"from":[7.1992245,5.0327473,6.5],"to":[9.199224,8.032747,9.5],"faces":{"east":{"uv":[14.0,2.5,14.375,2.875],"tintindex":0,"rotation":0,"texture":"#0"},"south":{"uv":[14.25,5.25,14.5,5.625],"tintindex":0,"rotation":0,"texture":"#0"},"north":{"uv":[5.25,14.25,5.5,14.625],"tintindex":0,"rotation":0,"texture":"#0"},"west":{"uv":[14.0,2.875,14.375,3.25],"tintindex":0,"rotation":0,"texture":"#0"},"up":{"uv":[5.75,14.625,5.5,14.25],"tintindex":0,"rotation":0,"texture":"#0"},"down":{"uv":[14.5,7.0,14.25,7.375],"tintindex":0,"rotation":0,"texture":"#0"}}},{"from":[7.285011,2.8256397,8.25],"to":[8.285011,5.8256397,9.25],"faces":{"east":{"uv":[14.375,8.625,14.5,9.0],"tintindex":0,"rotation":0,"texture":"#0"},"south":{"uv":[14.375,9.0,14.5,9.375],"tintindex":0,"rotation":0,"texture":"#0"},"north":{"uv":[8.5,14.375,8.625,14.75],"tintindex":0,"rotation":0,"texture":"#0"},"west":{"uv":[9.125,14.375,9.25,14.75],"tintindex":0,"rotation":0,"texture":"#0"},"up":{"uv":[14.625,7.75,14.5,7.625],"tintindex":0,"rotation":0,"texture":"#0"},"down":{"uv":[14.625,7.75,14.5,7.875],"tintindex":0,"rotation":0,"texture":"#0"}},"rotation":{"origin":[7.785011,4.3256397,9.0],"angle":-45.0,"axis":"z"}}],"display":{"gui":{"rotation":[-150.0,-45.0,180.0]}},"gui_light":"front"}