{"textures":{"0":"ia:24","particle":"#0"},"elements":[{"from":[2.6339111,9.513115,7.01875],"to":[12.633911,11.513115,8.99375],"faces":{"east":{"uv":[7.375,2.75,7.625,3.0],"tintindex":0,"rotation":0,"texture":"#0"},"south":{"uv":[4.875,0.0,6.125,0.25],"tintindex":0,"rotation":0,"texture":"#0"},"north":{"uv":[6.125,0.0,4.875,0.25],"tintindex":0,"rotation":0,"texture":"#0"},"west":{"uv":[7.375,3.5,7.625,3.75],"tintindex":0,"rotation":0,"texture":"#0"},"up":{"uv":[6.125,0.625,4.875,0.375],"tintindex":0,"rotation":0,"texture":"#0"},"down":{"uv":[6.25,1.375,5.0,1.625],"tintindex":0,"rotation":0,"texture":"#0"}},"rotation":{"origin":[15.815529,0.56694317,10.217546],"angle":22.5,"axis":"z"}},{"from":[-3.0004635,-4.62504,7.99375],"to":[7.9995356,7.37496,7.99375],"faces":{"south":{"uv":[1.375,0.0,0.0,1.5],"tintindex":0,"rotation":0,"texture":"#0"},"north":{"uv":[0.0,0.0,1.375,1.5],"tintindex":0,"rotation":0,"texture":"#0"}}}],"display":{"gui":{"rotation":[-150.0,-45.0,180.0]}},"gui_light":"front"}