{"textures":{"0":"ia:50","particle":"#0"},"elements":[{"from":[8.000464,-4.62504,7.99375],"to":[19.000463,7.37496,7.99375],"faces":{"south":{"uv":[0.0,0.0,1.375,1.5],"tintindex":0,"rotation":0,"texture":"#0"},"north":{"uv":[1.375,0.0,0.0,1.5],"tintindex":0,"rotation":0,"texture":"#0"}}},{"from":[3.3660889,9.513115,7.01875],"to":[13.366089,11.513115,8.99375],"faces":{"east":{"uv":[7.625,3.5,7.375,3.75],"tintindex":0,"rotation":0,"texture":"#0"},"south":{"uv":[6.125,0.0,4.875,0.25],"tintindex":0,"rotation":0,"texture":"#0"},"north":{"uv":[4.875,0.0,6.125,0.25],"tintindex":0,"rotation":0,"texture":"#0"},"west":{"uv":[7.625,2.75,7.375,3.0],"tintindex":0,"rotation":0,"texture":"#0"},"up":{"uv":[4.875,0.625,6.125,0.375],"tintindex":0,"rotation":0,"texture":"#0"},"down":{"uv":[5.0,1.375,6.25,1.625],"tintindex":0,"rotation":0,"texture":"#0"}},"rotation":{"origin":[0.18447113,0.56694317,10.217546],"angle":-22.5,"axis":"z"}}],"display":{"gui":{"rotation":[-150.0,-45.0,180.0]}},"gui_light":"front"}