{"textures":{"0":"modelengine:entity/blaze_king","2":"modelengine:entity/arm_fire_a","particle":"#2"},"elements":[{"from":[-2.669712,-0.8201046,8.536364],"to":[8.330288,25.179893,8.536364],"faces":{"south":{"uv":[5.5,0.0,11.0,13.0],"tintindex":0,"rotation":0,"texture":"#2"},"north":{"uv":[11.0,0.0,5.5,13.0],"tintindex":0,"rotation":0,"texture":"#2"}}},{"from":[4.8672943,-1.5198135,5.0613637],"to":[11.867294,8.480186,12.011364],"faces":{"east":{"uv":[2.0,4.5625,2.4375,5.1875],"tintindex":0,"rotation":0,"texture":"#0"},"south":{"uv":[2.5,4.5625,2.9375,5.1875],"tintindex":0,"rotation":0,"texture":"#0"},"north":{"uv":[3.0,4.0625,3.4375,4.6875],"tintindex":0,"rotation":0,"texture":"#0"},"west":{"uv":[3.5,4.5625,3.9375,5.1875],"tintindex":0,"rotation":0,"texture":"#0"},"up":{"uv":[5.5,5.4375,5.0625,5.0],"tintindex":0,"rotation":0,"texture":"#0"},"down":{"uv":[5.5625,0.0,5.125,0.4375],"tintindex":0,"rotation":0,"texture":"#0"}}},{"from":[3.8672943,1.4801865,4.0363636],"to":[12.867294,6.4801865,13.036364],"faces":{"east":{"uv":[1.0625,5.1875,1.625,5.5],"tintindex":0,"rotation":0,"texture":"#0"},"south":{"uv":[1.0625,5.1875,1.625,5.5],"tintindex":0,"rotation":0,"texture":"#0"},"north":{"uv":[1.0625,5.1875,1.625,5.5],"tintindex":0,"rotation":0,"texture":"#0"},"west":{"uv":[1.0625,5.1875,1.625,5.5],"tintindex":0,"rotation":0,"texture":"#0"},"up":{"uv":[1.3125,5.0,0.75,4.4375],"tintindex":0,"rotation":0,"texture":"#0"},"down":{"uv":[1.3125,5.0,0.75,4.4375],"tintindex":0,"rotation":0,"texture":"#0"}}}],"display":{"gui":{"rotation":[-150.0,-45.0,180.0]}},"gui_light":"front"}