{"textures":{"0":"modelengine:entity/blaze_king","particle":"#0"},"elements":[{"from":[6.391779,2.0336747,9.7625],"to":[8.391779,6.033675,10.7625],"faces":{"east":{"uv":[5.8125,6.875,5.75,7.125],"tintindex":0,"rotation":0,"texture":"#0"},"south":{"uv":[6.75,0.0,6.875,0.25],"tintindex":0,"rotation":0,"texture":"#0"},"north":{"uv":[6.875,0.0,6.75,0.25],"tintindex":0,"rotation":0,"texture":"#0"},"west":{"uv":[6.9375,4.6875,6.875,4.9375],"tintindex":0,"rotation":0,"texture":"#0"},"up":{"uv":[0.5625,5.0,0.6875,4.9375],"tintindex":0,"rotation":0,"texture":"#0"},"down":{"uv":[7.0625,6.6875,7.1875,6.75],"tintindex":0,"rotation":0,"texture":"#0"}},"rotation":{"origin":[7.391779,4.033675,10.2625],"angle":-45.0,"axis":"z"}},{"from":[7.108219,4.466325,4.7375],"to":[10.108219,8.466325,6.7375],"faces":{"east":{"uv":[5.75,0.9375,5.625,1.1875],"tintindex":0,"rotation":0,"texture":"#0"},"south":{"uv":[6.4375,1.625,6.625,1.875],"tintindex":0,"rotation":0,"texture":"#0"},"north":{"uv":[6.625,1.625,6.4375,1.875],"tintindex":0,"rotation":0,"texture":"#0"},"west":{"uv":[0.6875,4.625,0.5625,4.875],"tintindex":0,"rotation":0,"texture":"#0"},"up":{"uv":[6.5,6.9375,6.6875,6.8125],"tintindex":0,"rotation":0,"texture":"#0"},"down":{"uv":[6.8125,6.5,7.0,6.625],"tintindex":0,"rotation":0,"texture":"#0"}},"rotation":{"origin":[8.608219,6.466325,5.7375],"angle":22.5,"axis":"z"}},{"from":[6.391779,2.0336747,4.7625],"to":[8.391779,6.033675,5.7625],"faces":{"east":{"uv":[5.8125,6.875,5.75,7.125],"tintindex":0,"rotation":0,"texture":"#0"},"south":{"uv":[6.75,0.0,6.875,0.25],"tintindex":0,"rotation":0,"texture":"#0"},"north":{"uv":[6.875,0.0,6.75,0.25],"tintindex":0,"rotation":0,"texture":"#0"},"west":{"uv":[6.9375,4.6875,6.875,4.9375],"tintindex":0,"rotation":0,"texture":"#0"},"up":{"uv":[0.5625,5.0,0.6875,4.9375],"tintindex":0,"rotation":0,"texture":"#0"},"down":{"uv":[7.0625,6.6875,7.1875,6.75],"tintindex":0,"rotation":0,"texture":"#0"}},"rotation":{"origin":[7.391779,4.033675,5.2625],"angle":-45.0,"axis":"z"}},{"from":[6.391779,2.0336747,7.2625],"to":[8.391779,6.033675,8.2625],"faces":{"east":{"uv":[5.8125,6.875,5.75,7.125],"tintindex":0,"rotation":0,"texture":"#0"},"south":{"uv":[6.75,0.0,6.875,0.25],"tintindex":0,"rotation":0,"texture":"#0"},"north":{"uv":[6.875,0.0,6.75,0.25],"tintindex":0,"rotation":0,"texture":"#0"},"west":{"uv":[6.9375,4.6875,6.875,4.9375],"tintindex":0,"rotation":0,"texture":"#0"},"up":{"uv":[0.5625,5.0,0.6875,4.9375],"tintindex":0,"rotation":0,"texture":"#0"},"down":{"uv":[7.0625,6.6875,7.1875,6.75],"tintindex":0,"rotation":0,"texture":"#0"}},"rotation":{"origin":[7.391779,4.033675,7.7625],"angle":-45.0,"axis":"z"}},{"from":[7.108219,4.466325,7.2375],"to":[10.108219,8.466325,9.2375],"faces":{"east":{"uv":[5.75,0.9375,5.625,1.1875],"tintindex":0,"rotation":0,"texture":"#0"},"south":{"uv":[6.4375,1.625,6.625,1.875],"tintindex":0,"rotation":0,"texture":"#0"},"north":{"uv":[6.625,1.625,6.4375,1.875],"tintindex":0,"rotation":0,"texture":"#0"},"west":{"uv":[0.6875,4.625,0.5625,4.875],"tintindex":0,"rotation":0,"texture":"#0"},"up":{"uv":[6.5,6.9375,6.6875,6.8125],"tintindex":0,"rotation":0,"texture":"#0"},"down":{"uv":[6.8125,6.5,7.0,6.625],"tintindex":0,"rotation":0,"texture":"#0"}},"rotation":{"origin":[8.608219,6.466325,8.2375],"angle":22.5,"axis":"z"}},{"from":[7.108219,4.466325,9.7375],"to":[10.108219,8.466325,11.7375],"faces":{"east":{"uv":[5.75,0.9375,5.625,1.1875],"tintindex":0,"rotation":0,"texture":"#0"},"south":{"uv":[6.4375,1.625,6.625,1.875],"tintindex":0,"rotation":0,"texture":"#0"},"north":{"uv":[6.625,1.625,6.4375,1.875],"tintindex":0,"rotation":0,"texture":"#0"},"west":{"uv":[0.6875,4.625,0.5625,4.875],"tintindex":0,"rotation":0,"texture":"#0"},"up":{"uv":[6.5,6.9375,6.6875,6.8125],"tintindex":0,"rotation":0,"texture":"#0"},"down":{"uv":[6.8125,6.5,7.0,6.625],"tintindex":0,"rotation":0,"texture":"#0"}},"rotation":{"origin":[8.608219,6.466325,10.7375],"angle":22.5,"axis":"z"}}],"display":{"gui":{"rotation":[-150.0,-45.0,180.0]}},"gui_light":"front"}