{"textures":{"0":"modelengine:entity/blaze_king","particle":"#0"},"elements":[{"from":[12.871825,3.5567036,3.8105264],"to":[14.871825,7.5567036,12.810526],"faces":{"east":{"uv":[6.3125,5.9375,5.75,6.1875],"tintindex":0,"rotation":0,"texture":"#0"},"south":{"uv":[4.75,6.8125,4.875,7.0625],"tintindex":0,"rotation":0,"texture":"#0"},"north":{"uv":[4.875,6.8125,4.75,7.0625],"tintindex":0,"rotation":0,"texture":"#0"},"west":{"uv":[6.5,4.0,5.9375,4.25],"tintindex":0,"rotation":0,"texture":"#0"},"up":{"uv":[2.8125,6.8125,2.9375,6.25],"tintindex":0,"rotation":0,"texture":"#0"},"down":{"uv":[3.0,6.25,3.125,6.8125],"tintindex":0,"rotation":0,"texture":"#0"}},"rotation":{"origin":[13.871825,5.5567036,8.310526],"angle":22.5,"axis":"z"}},{"from":[3.534543,8.307016,3.8105264],"to":[5.534543,11.307016,12.810526],"faces":{"east":{"uv":[6.5625,3.0,6.0,3.1875],"tintindex":0,"rotation":0,"texture":"#0"},"south":{"uv":[3.625,6.875,3.5,7.0625],"tintindex":0,"rotation":0,"texture":"#0"},"north":{"uv":[7.0,3.4375,6.875,3.625],"tintindex":0,"rotation":0,"texture":"#0"},"west":{"uv":[5.0625,1.25,4.5,1.4375],"tintindex":0,"rotation":0,"texture":"#0"},"up":{"uv":[5.9375,6.8125,6.0625,6.25],"tintindex":0,"rotation":0,"texture":"#0"},"down":{"uv":[6.125,6.25,6.25,6.8125],"tintindex":0,"rotation":0,"texture":"#0"}},"rotation":{"origin":[4.534543,9.807016,8.310526],"angle":22.5,"axis":"z"}},{"from":[11.406749,2.8674564,3.8105264],"to":[13.406749,4.8674564,12.810526],"faces":{"east":{"uv":[6.8125,5.3125,6.25,5.4375],"tintindex":0,"rotation":0,"texture":"#0"},"south":{"uv":[7.0,4.8125,7.125,4.9375],"tintindex":0,"rotation":0,"texture":"#0"},"north":{"uv":[7.125,4.8125,7.0,4.9375],"tintindex":0,"rotation":0,"texture":"#0"},"west":{"uv":[6.5625,5.75,6.0,5.875],"tintindex":0,"rotation":0,"texture":"#0"},"up":{"uv":[3.1875,6.8125,3.3125,6.25],"tintindex":0,"rotation":0,"texture":"#0"},"down":{"uv":[5.75,6.25,5.875,6.8125],"tintindex":0,"rotation":0,"texture":"#0"}},"rotation":{"origin":[12.406749,3.8674564,8.310526],"angle":22.5,"axis":"z"}},{"from":[10.673049,11.1369,6.8105264],"to":[14.673049,17.136898,9.810526],"faces":{"east":{"uv":[3.875,6.1875,3.6875,6.5625],"tintindex":0,"rotation":0,"texture":"#0"},"south":{"uv":[6.0,3.25,6.25,3.625],"tintindex":0,"rotation":0,"texture":"#0"},"north":{"uv":[6.25,3.25,6.0,3.625],"tintindex":0,"rotation":0,"texture":"#0"},"west":{"uv":[3.625,6.1875,3.4375,6.5625],"tintindex":0,"rotation":0,"texture":"#0"},"up":{"uv":[6.25,5.6875,6.5,5.5],"tintindex":0,"rotation":0,"texture":"#0"},"down":{"uv":[6.5625,3.5625,6.8125,3.75],"tintindex":0,"rotation":0,"texture":"#0"}},"rotation":{"origin":[12.673049,14.136898,8.310526],"angle":22.5,"axis":"z"}},{"from":[6.7555637,1.1411915,4.8105264],"to":[13.755563,9.1411915,11.810526],"faces":{"east":{"uv":[5.5,3.375,5.0625,3.875],"tintindex":0,"rotation":0,"texture":"#0"},"south":{"uv":[3.0,4.75,3.4375,5.25],"tintindex":0,"rotation":0,"texture":"#0"},"north":{"uv":[3.4375,4.75,3.0,5.25],"tintindex":0,"rotation":0,"texture":"#0"},"west":{"uv":[5.0,5.0,4.5625,5.5],"tintindex":0,"rotation":0,"texture":"#0"},"up":{"uv":[5.125,0.9375,5.5625,0.5],"tintindex":0,"rotation":0,"texture":"#0"},"down":{"uv":[5.125,1.0,5.5625,1.4375],"tintindex":0,"rotation":0,"texture":"#0"}},"rotation":{"origin":[10.255564,5.1411915,8.310526],"angle":22.5,"axis":"z"}},{"from":[6.881014,16.069866,7.3105264],"to":[12.881013,18.069866,9.310526],"faces":{"east":{"uv":[7.125,4.625,7.0,4.75],"tintindex":0,"rotation":0,"texture":"#0"},"south":{"uv":[3.75,1.5,4.125,1.625],"tintindex":0,"rotation":0,"texture":"#0"},"north":{"uv":[4.125,1.5,3.75,1.625],"tintindex":0,"rotation":0,"texture":"#0"},"west":{"uv":[7.0,5.3125,6.875,5.4375],"tintindex":0,"rotation":0,"texture":"#0"},"up":{"uv":[6.4375,2.375,6.8125,2.25],"tintindex":0,"rotation":0,"texture":"#0"},"down":{"uv":[6.5625,3.8125,6.9375,3.9375],"tintindex":0,"rotation":0,"texture":"#0"}},"rotation":{"origin":[9.881014,17.069866,8.310526],"angle":-22.5,"axis":"z"}},{"from":[4.6075134,5.9128284,3.8105264],"to":[13.607512,9.912828,12.810526],"faces":{"east":{"uv":[6.5,3.6875,5.9375,3.9375],"tintindex":0,"rotation":0,"texture":"#0"},"south":{"uv":[5.875,0.0,6.4375,0.25],"tintindex":0,"rotation":0,"texture":"#0"},"north":{"uv":[6.4375,0.0,5.875,0.25],"tintindex":0,"rotation":0,"texture":"#0"},"west":{"uv":[6.4375,0.3125,5.875,0.5625],"tintindex":0,"rotation":0,"texture":"#0"},"up":{"uv":[4.5,1.1875,5.0625,0.625],"tintindex":0,"rotation":0,"texture":"#0"},"down":{"uv":[1.375,4.5625,1.9375,5.125],"tintindex":0,"rotation":0,"texture":"#0"}},"rotation":{"origin":[9.107513,7.9128284,8.310526],"angle":22.5,"axis":"z"}},{"from":[10.510874,7.6543694,5.8105264],"to":[16.510872,12.654369,10.810526],"faces":{"east":{"uv":[5.5,2.625,5.1875,2.9375],"tintindex":0,"rotation":0,"texture":"#0"},"south":{"uv":[6.0,0.9375,6.375,1.25],"tintindex":0,"rotation":0,"texture":"#0"},"north":{"uv":[6.375,0.9375,6.0,1.25],"tintindex":0,"rotation":0,"texture":"#0"},"west":{"uv":[1.0625,3.875,0.75,4.1875],"tintindex":0,"rotation":0,"texture":"#0"},"up":{"uv":[6.0,2.0,6.375,1.6875],"tintindex":0,"rotation":0,"texture":"#0"},"down":{"uv":[6.0,2.0625,6.375,2.375],"tintindex":0,"rotation":0,"texture":"#0"}},"rotation":{"origin":[13.510873,10.154369,8.310526],"angle":45.0,"axis":"z"}}],"display":{"gui":{"rotation":[-150.0,-45.0,180.0]}},"gui_light":"front"}