{"textures":{"0":"ia:89","particle":"#0"},"elements":[{"from":[2.0,-11.869732,-2.9316025],"to":[14.0,25.13027,12.368401],"faces":{"east":{"uv":[12.25,3.34375,12.0,2.75],"tintindex":0,"rotation":0,"texture":"#0"},"north":{"uv":[9.625,12.71875,9.4375,12.125],"tintindex":0,"rotation":0,"texture":"#0"},"west":{"uv":[12.25,2.71875,12.0,2.125],"tintindex":0,"rotation":0,"texture":"#0"},"down":{"uv":[12.5625,0.5,12.75,0.75],"tintindex":0,"rotation":0,"texture":"#0"}},"rotation":{"origin":[8.0,8.0,8.0],"angle":0.0,"axis":"x"}},{"from":[1.9679979,-12.022351,4.423984],"to":[14.032002,28.041649,18.687984],"faces":{"east":{"uv":[12.21875,6.25,12.0,5.625],"tintindex":0,"rotation":0,"texture":"#0"},"south":{"uv":[6.0,12.6875,5.8125,12.0625],"tintindex":0,"rotation":0,"texture":"#0"},"west":{"uv":[12.21875,5.625,12.0,5.0],"tintindex":0,"rotation":0,"texture":"#0"},"up":{"uv":[12.5625,3.59375,12.75,3.375],"tintindex":0,"rotation":0,"texture":"#0"},"down":{"uv":[2.6875,12.5625,2.875,12.78125],"tintindex":0,"rotation":0,"texture":"#0"}},"rotation":{"origin":[8.0,8.0,8.0],"angle":-22.5,"axis":"x"}}],"display":{"gui":{"rotation":[-150.0,-45.0,180.0]}},"gui_light":"front"}