{"textures":{"0":"ia:89","particle":"#0"},"elements":[{"from":[-1.2208443,-1.976944,5.0],"to":[20.979156,7.223057,11.0],"faces":{"south":{"uv":[6.9375,12.09375,7.625,11.8125],"tintindex":0,"rotation":0,"texture":"#0"},"north":{"uv":[11.625,11.96875,12.3125,11.6875],"tintindex":0,"rotation":0,"texture":"#0"},"west":{"uv":[12.4375,10.21875,12.625,9.9375],"tintindex":0,"rotation":0,"texture":"#0"},"down":{"uv":[12.0,9.0,12.1875,8.3125],"tintindex":0,"rotation":270,"texture":"#0"}},"rotation":{"origin":[8.9791565,3.023056,8.0],"angle":45.0,"axis":"z"}},{"from":[-4.8595676,1.224905,4.9839993],"to":[19.172432,11.256905,11.015997],"faces":{"east":{"uv":[4.375,12.75,4.5625,12.4375],"tintindex":0,"rotation":0,"texture":"#0"},"south":{"uv":[0.0,11.875,0.75,11.5625],"tintindex":0,"rotation":0,"texture":"#0"},"north":{"uv":[6.9375,11.8125,7.6875,11.5],"tintindex":0,"rotation":0,"texture":"#0"},"west":{"uv":[4.1875,12.75,4.375,12.4375],"tintindex":0,"rotation":0,"texture":"#0"}},"rotation":{"origin":[3.1564312,9.240906,9.0],"angle":22.5,"axis":"z"}},{"from":[-5.0176334,7.2698364,5.0],"to":[17.182365,16.469837,11.0],"faces":{"east":{"uv":[12.4375,10.53125,12.625,10.25],"tintindex":0,"rotation":0,"texture":"#0"},"south":{"uv":[11.9375,11.28125,12.625,11.0],"tintindex":0,"rotation":0,"texture":"#0"},"north":{"uv":[0.0,12.15625,0.6875,11.875],"tintindex":0,"rotation":0,"texture":"#0"},"up":{"uv":[12.0,9.0,12.1875,9.6875],"tintindex":0,"rotation":90,"texture":"#0"}},"rotation":{"origin":[5.1823664,12.269836,8.0],"angle":45.0,"axis":"z"}}],"display":{"gui":{"rotation":[-150.0,-45.0,180.0]}},"gui_light":"front"}