{"textures":{"0":"ia:89","particle":"#0"},"elements":[{"from":[1.9760022,-6.2358356,-5.009784],"to":[14.023997,13.312165,3.038219],"faces":{"east":{"uv":[5.8125,12.75,5.6875,12.4375],"tintindex":0,"rotation":0,"texture":"#0"},"south":{"uv":[5.125,12.75,4.9375,12.4375],"tintindex":0,"rotation":0,"texture":"#0"},"north":{"uv":[4.9375,12.75,4.75,12.4375],"tintindex":0,"rotation":0,"texture":"#0"},"west":{"uv":[0.5,12.75,0.375,12.4375],"tintindex":0,"rotation":0,"texture":"#0"},"up":{"uv":[12.25,3.375,12.4375,3.25],"tintindex":0,"rotation":0,"texture":"#0"},"down":{"uv":[12.1875,10.875,12.375,11.0],"tintindex":0,"rotation":0,"texture":"#0"}}},{"from":[2.0,7.8705177,-0.18821716],"to":[14.0,27.370516,5.6117783],"faces":{"east":{"uv":[0.09375,12.9375,0.0,12.625],"tintindex":0,"rotation":0,"texture":"#0"},"south":{"uv":[5.5,12.75,5.3125,12.4375],"tintindex":0,"rotation":0,"texture":"#0"},"north":{"uv":[5.3125,12.75,5.125,12.4375],"tintindex":0,"rotation":0,"texture":"#0"},"west":{"uv":[2.96875,12.875,2.875,12.5625],"tintindex":0,"rotation":0,"texture":"#0"},"up":{"uv":[12.4375,6.15625,12.625,6.0625],"tintindex":0,"rotation":0,"texture":"#0"},"down":{"uv":[12.375,10.875,12.5625,10.96875],"tintindex":0,"rotation":0,"texture":"#0"}},"rotation":{"origin":[8.0,16.370516,3.9117813],"angle":45.0,"axis":"x"}},{"from":[2.0,-13.176674,11.828827],"to":[14.0,20.023327,25.628822],"faces":{"east":{"uv":[2.09375,12.65625,1.875,12.125],"tintindex":0,"rotation":0,"texture":"#0"},"south":{"uv":[12.4375,3.21875,12.25,2.6875],"tintindex":0,"rotation":0,"texture":"#0"},"north":{"uv":[12.4375,2.65625,12.25,2.125],"tintindex":0,"rotation":0,"texture":"#0"},"west":{"uv":[6.21875,12.59375,6.0,12.0625],"tintindex":0,"rotation":0,"texture":"#0"},"up":{"uv":[12.5625,4.59375,12.75,4.375],"tintindex":0,"rotation":0,"texture":"#0"},"down":{"uv":[12.5625,3.625,12.75,3.84375],"tintindex":0,"rotation":0,"texture":"#0"}}},{"from":[1.9679979,-11.096421,1.1778215],"to":[14.032002,24.967577,19.441822],"faces":{"east":{"uv":[12.28125,2.125,12.0,1.5625],"tintindex":0,"rotation":0,"texture":"#0"},"south":{"uv":[12.375,9.25,12.1875,8.6875],"tintindex":0,"rotation":0,"texture":"#0"},"north":{"uv":[12.375,8.6875,12.1875,8.125],"tintindex":0,"rotation":0,"texture":"#0"},"west":{"uv":[12.28125,1.5625,12.0,1.0],"tintindex":0,"rotation":0,"texture":"#0"},"up":{"uv":[12.4375,12.53125,12.625,12.25],"tintindex":0,"rotation":0,"texture":"#0"},"down":{"uv":[12.4375,11.9375,12.625,12.21875],"tintindex":0,"rotation":0,"texture":"#0"}},"rotation":{"origin":[8.0,6.9355774,10.309822],"angle":22.5,"axis":"x"}}],"display":{"gui":{"rotation":[-150.0,-45.0,180.0]}},"gui_light":"front"}