{"textures":{"0":"ia:89","particle":"#0"},"elements":[{"from":[2.832734,5.958744,5.0],"to":[17.882734,12.208744,11.0],"faces":{"east":{"uv":[12.5625,5.5625,12.75,5.375],"tintindex":0,"rotation":0,"texture":"#0"},"south":{"uv":[12.3125,11.9375,12.78125,11.75],"tintindex":0,"rotation":0,"texture":"#0"},"north":{"uv":[12.3125,11.75,12.78125,11.5625],"tintindex":0,"rotation":0,"texture":"#0"},"up":{"uv":[1.25,12.375,1.4375,12.84375],"tintindex":0,"rotation":90,"texture":"#0"}},"rotation":{"origin":[12.832734,10.208744,8.0],"angle":-22.5,"axis":"z"}},{"from":[0.12082672,0.5697708,5.0],"to":[6.3708267,15.619772,11.0],"faces":{"south":{"uv":[2.3125,12.84375,2.5,12.375],"tintindex":0,"rotation":0,"texture":"#0"},"north":{"uv":[1.625,12.84375,1.8125,12.375],"tintindex":0,"rotation":0,"texture":"#0"},"west":{"uv":[1.4375,12.84375,1.625,12.375],"tintindex":0,"rotation":0,"texture":"#0"},"down":{"uv":[12.5625,7.9375,12.75,7.75],"tintindex":0,"rotation":270,"texture":"#0"}},"rotation":{"origin":[10.120827,13.619772,8.0],"angle":22.5,"axis":"z"}},{"from":[2.686451,-6.917944,4.984001],"to":[8.718451,9.414057,11.016001],"faces":{"south":{"uv":[12.25,10.625,12.4375,10.125],"tintindex":0,"rotation":0,"texture":"#0"},"north":{"uv":[12.25,10.125,12.4375,9.625],"tintindex":0,"rotation":0,"texture":"#0"},"up":{"uv":[7.75,12.5625,7.9375,12.75],"tintindex":0,"rotation":90,"texture":"#0"},"down":{"uv":[12.5625,7.75,12.75,7.5625],"tintindex":0,"rotation":270,"texture":"#0"}},"rotation":{"origin":[-1.2975483,7.398056,8.0],"angle":45.0,"axis":"z"}}],"display":{"gui":{"rotation":[-150.0,-45.0,180.0]}},"gui_light":"front"}