{"textures":{"0":"ia:89","particle":"#0"},"elements":[{"from":[1.9760022,2.6878324,12.9617815],"to":[14.023997,22.235828,21.009785],"faces":{"east":{"uv":[5.6875,12.4375,5.8125,12.75],"tintindex":0,"rotation":0,"texture":"#0"},"south":{"uv":[4.75,12.4375,4.9375,12.75],"tintindex":0,"rotation":0,"texture":"#0"},"north":{"uv":[4.9375,12.4375,5.125,12.75],"tintindex":0,"rotation":0,"texture":"#0"},"west":{"uv":[0.375,12.4375,0.5,12.75],"tintindex":0,"rotation":0,"texture":"#0"},"up":{"uv":[12.1875,10.875,12.375,11.0],"tintindex":0,"rotation":0,"texture":"#0"},"down":{"uv":[12.25,3.375,12.4375,3.25],"tintindex":0,"rotation":0,"texture":"#0"}}},{"from":[2.0,-11.370522,10.388222],"to":[14.0,8.129478,16.188217],"faces":{"east":{"uv":[0.0,12.625,0.09375,12.9375],"tintindex":0,"rotation":0,"texture":"#0"},"south":{"uv":[5.125,12.4375,5.3125,12.75],"tintindex":0,"rotation":0,"texture":"#0"},"north":{"uv":[5.3125,12.4375,5.5,12.75],"tintindex":0,"rotation":0,"texture":"#0"},"west":{"uv":[2.875,12.5625,2.96875,12.875],"tintindex":0,"rotation":0,"texture":"#0"},"up":{"uv":[12.375,10.875,12.5625,10.96875],"tintindex":0,"rotation":0,"texture":"#0"},"down":{"uv":[12.4375,6.15625,12.625,6.0625],"tintindex":0,"rotation":0,"texture":"#0"}},"rotation":{"origin":[8.0,-0.37052155,12.088219],"angle":45.0,"axis":"x"}},{"from":[2.0,-4.0233307,-9.628822],"to":[14.0,29.176666,4.171173],"faces":{"east":{"uv":[1.875,12.125,2.09375,12.65625],"tintindex":0,"rotation":0,"texture":"#0"},"south":{"uv":[12.25,2.125,12.4375,2.65625],"tintindex":0,"rotation":0,"texture":"#0"},"north":{"uv":[12.25,2.6875,12.4375,3.21875],"tintindex":0,"rotation":0,"texture":"#0"},"west":{"uv":[6.0,12.0625,6.21875,12.59375],"tintindex":0,"rotation":0,"texture":"#0"},"up":{"uv":[12.5625,3.625,12.75,3.84375],"tintindex":0,"rotation":0,"texture":"#0"},"down":{"uv":[12.5625,4.59375,12.75,4.375],"tintindex":0,"rotation":0,"texture":"#0"}}},{"from":[1.9679979,-8.96758,-3.4418225],"to":[14.032002,27.096424,14.822179],"faces":{"east":{"uv":[12.0,1.5625,12.28125,2.125],"tintindex":0,"rotation":0,"texture":"#0"},"south":{"uv":[12.1875,8.125,12.375,8.6875],"tintindex":0,"rotation":0,"texture":"#0"},"north":{"uv":[12.1875,8.6875,12.375,9.25],"tintindex":0,"rotation":0,"texture":"#0"},"west":{"uv":[12.0,1.0,12.28125,1.5625],"tintindex":0,"rotation":0,"texture":"#0"},"up":{"uv":[12.4375,11.9375,12.625,12.21875],"tintindex":0,"rotation":0,"texture":"#0"},"down":{"uv":[12.4375,12.53125,12.625,12.25],"tintindex":0,"rotation":0,"texture":"#0"}},"rotation":{"origin":[8.0,9.064423,5.690178],"angle":22.5,"axis":"x"}}],"display":{"gui":{"rotation":[-150.0,-45.0,180.0]}},"gui_light":"front"}