{"textures":{"0":"ia:90","particle":"#0"},"elements":[{"from":[4.9839993,-8.536272,13.392573],"to":[11.016001,6.9957285,21.424574],"faces":{"east":{"uv":[12.0,10.1875,12.25,10.6875],"tintindex":0,"rotation":0,"texture":"#0"},"south":{"uv":[12.25,5.6875,12.4375,6.1875],"tintindex":0,"rotation":0,"texture":"#0"},"west":{"uv":[12.0,9.6875,12.25,10.1875],"tintindex":0,"rotation":0,"texture":"#0"},"up":{"uv":[12.5,1.0,12.6875,1.25],"tintindex":0,"rotation":0,"texture":"#0"},"down":{"uv":[12.5,1.5,12.6875,1.25],"tintindex":0,"rotation":0,"texture":"#0"}},"rotation":{"origin":[8.0,5.4797287,17.408573],"angle":22.5,"axis":"x"}},{"from":[5.0,-5.0,3.0],"to":[11.0,13.0,14.0],"faces":{"east":{"uv":[1.75,11.5625,2.09375,12.125],"tintindex":0,"rotation":0,"texture":"#0"},"south":{"uv":[0.6875,12.1875,0.875,12.75],"tintindex":0,"rotation":0,"texture":"#0"},"north":{"uv":[0.875,12.1875,1.0625,12.75],"tintindex":0,"rotation":0,"texture":"#0"},"west":{"uv":[1.375,11.5625,1.71875,12.125],"tintindex":0,"rotation":0,"texture":"#0"},"up":{"uv":[10.9375,12.375,11.125,12.71875],"tintindex":0,"rotation":0,"texture":"#0"}},"rotation":{"origin":[8.0,8.0,8.0],"angle":-22.5,"axis":"x"}}],"display":{"gui":{"rotation":[-150.0,-45.0,180.0]}},"gui_light":"front"}