{"textures":{"0":"ia:90","particle":"#0"},"elements":[{"from":[4.9839993,-3.7660046,-1.0195618],"to":[11.016001,19.765993,17.012438],"faces":{"east":{"uv":[5.25,12.125,5.8125,11.375],"tintindex":0,"rotation":0,"texture":"#0"},"west":{"uv":[11.125,0.75,11.6875,0.0],"tintindex":0,"rotation":0,"texture":"#0"},"up":{"uv":[12.1875,6.25,12.375,6.8125],"tintindex":0,"rotation":0,"texture":"#0"},"down":{"uv":[6.25,12.75,6.4375,12.1875],"tintindex":0,"rotation":0,"texture":"#0"}}},{"from":[5.0,-1.2002678,-6.185177],"to":[11.0,20.499733,2.814824],"faces":{"east":{"uv":[11.625,11.6875,11.90625,11.0],"tintindex":0,"rotation":0,"texture":"#0"},"north":{"uv":[12.0,7.625,12.1875,6.9375],"tintindex":0,"rotation":0,"texture":"#0"},"west":{"uv":[2.125,12.25,2.40625,11.5625],"tintindex":0,"rotation":0,"texture":"#0"},"up":{"uv":[7.1875,12.4375,7.375,12.71875],"tintindex":0,"rotation":0,"texture":"#0"}},"rotation":{"origin":[8.0,10.549736,2.814824],"angle":-22.5,"axis":"x"}},{"from":[5.0,-2.8461723,12.501781],"to":[11.0,18.853828,21.501781],"faces":{"east":{"uv":[11.6875,1.375,11.96875,0.6875],"tintindex":0,"rotation":0,"texture":"#0"},"south":{"uv":[12.0,8.3125,12.1875,7.625],"tintindex":0,"rotation":0,"texture":"#0"},"west":{"uv":[11.6875,0.6875,11.96875,0.0],"tintindex":0,"rotation":0,"texture":"#0"},"down":{"uv":[12.4375,9.90625,12.625,9.625],"tintindex":0,"rotation":0,"texture":"#0"}},"rotation":{"origin":[8.0,8.00383,17.001781],"angle":-22.5,"axis":"x"}}],"display":{"gui":{"rotation":[-150.0,-45.0,180.0]}},"gui_light":"front"}