{"textures":{"0":"ia:90","particle":"#0"},"elements":[{"from":[5.0,-4.499735,13.185176],"to":[11.0,17.200264,22.185177],"faces":{"east":{"uv":[2.125,11.5625,2.40625,12.25],"tintindex":0,"rotation":0,"texture":"#0"},"south":{"uv":[12.0,6.9375,12.1875,7.625],"tintindex":0,"rotation":0,"texture":"#0"},"west":{"uv":[11.625,11.0,11.90625,11.6875],"tintindex":0,"rotation":0,"texture":"#0"},"down":{"uv":[7.375,12.4375,7.1875,12.71875],"tintindex":0,"rotation":0,"texture":"#0"}},"rotation":{"origin":[8.0,5.450264,13.185176],"angle":-22.5,"axis":"x"}},{"from":[5.0,-2.8538303,-5.5017815],"to":[11.0,18.846169,3.498219],"faces":{"east":{"uv":[11.6875,0.0,11.96875,0.6875],"tintindex":0,"rotation":0,"texture":"#0"},"north":{"uv":[12.0,7.625,12.1875,8.3125],"tintindex":0,"rotation":0,"texture":"#0"},"west":{"uv":[11.6875,0.6875,11.96875,1.375],"tintindex":0,"rotation":0,"texture":"#0"},"up":{"uv":[12.625,9.90625,12.4375,9.625],"tintindex":0,"rotation":0,"texture":"#0"}},"rotation":{"origin":[8.0,7.996168,-1.0017815],"angle":-22.5,"axis":"x"}},{"from":[4.9839993,-3.7659988,-1.0124378],"to":[11.016001,19.765999,17.019562],"faces":{"east":{"uv":[11.125,0.0,11.6875,0.75],"tintindex":0,"rotation":0,"texture":"#0"},"west":{"uv":[5.25,11.375,5.8125,12.125],"tintindex":0,"rotation":0,"texture":"#0"},"up":{"uv":[6.4375,12.75,6.25,12.1875],"tintindex":0,"rotation":0,"texture":"#0"},"down":{"uv":[12.375,6.25,12.1875,6.8125],"tintindex":0,"rotation":0,"texture":"#0"}}}],"display":{"gui":{"rotation":[-150.0,-45.0,180.0]}},"gui_light":"front"}