{"textures":{"0":"ia:89","particle":"#0"},"elements":[{"from":[3.0000005,-5.0,5.0],"to":[14.0,13.0,11.0],"faces":{"east":{"uv":[0.6875,12.1875,0.875,12.75],"tintindex":0,"rotation":0,"texture":"#0"},"south":{"uv":[1.375,11.5625,1.71875,12.125],"tintindex":0,"rotation":0,"texture":"#0"},"north":{"uv":[1.75,11.5625,2.09375,12.125],"tintindex":0,"rotation":0,"texture":"#0"},"west":{"uv":[0.875,12.1875,1.0625,12.75],"tintindex":0,"rotation":0,"texture":"#0"},"up":{"uv":[11.125,12.71875,10.9375,12.375],"tintindex":0,"rotation":90,"texture":"#0"}},"rotation":{"origin":[8.0,8.0,8.0],"angle":22.5,"axis":"z"}},{"from":[13.392574,-8.536272,4.9839993],"to":[21.424574,6.9957285,11.016001],"faces":{"east":{"uv":[12.25,5.6875,12.4375,6.1875],"tintindex":0,"rotation":0,"texture":"#0"},"south":{"uv":[12.0,9.6875,12.25,10.1875],"tintindex":0,"rotation":0,"texture":"#0"},"north":{"uv":[12.0,10.1875,12.25,10.6875],"tintindex":0,"rotation":0,"texture":"#0"},"up":{"uv":[12.6875,1.25,12.5,1.0],"tintindex":0,"rotation":90,"texture":"#0"},"down":{"uv":[12.6875,1.25,12.5,1.5],"tintindex":0,"rotation":270,"texture":"#0"}},"rotation":{"origin":[17.408573,5.4797287,8.0],"angle":-22.5,"axis":"z"}}],"display":{"gui":{"rotation":[-150.0,-45.0,180.0]}},"gui_light":"front"}