{"textures":{"0":"ia:89","particle":"#0"},"elements":[{"from":[5.0,10.664705,3.1282387],"to":[11.0,16.664705,18.128239],"faces":{"east":{"uv":[12.375,6.1875,12.84375,6.375],"tintindex":0,"rotation":0,"texture":"#0"},"west":{"uv":[2.5,12.375,2.96875,12.5625],"tintindex":0,"rotation":0,"texture":"#0"},"up":{"uv":[7.5625,12.375,7.75,12.84375],"tintindex":0,"rotation":0,"texture":"#0"}},"rotation":{"origin":[8.0,8.051643,8.6226425],"angle":45.0,"axis":"x"}},{"from":[5.0,2.5656958,-2.40971],"to":[11.0,12.565696,7.59029],"faces":{"east":{"uv":[12.25,5.375,12.5625,5.6875],"tintindex":0,"rotation":0,"texture":"#0"},"north":{"uv":[4.5625,12.4375,4.75,12.75],"tintindex":0,"rotation":0,"texture":"#0"},"west":{"uv":[12.25,5.0625,12.5625,5.375],"tintindex":0,"rotation":0,"texture":"#0"}},"rotation":{"origin":[8.0,8.051643,8.6226425],"angle":-22.5,"axis":"x"}},{"from":[4.9839993,12.549696,-2.4257069],"to":[11.016001,16.431694,14.506292],"faces":{"east":{"uv":[6.9375,9.5,7.46875,9.625],"tintindex":0,"rotation":0,"texture":"#0"},"north":{"uv":[12.0,10.875,12.1875,11.0],"tintindex":0,"rotation":0,"texture":"#0"},"west":{"uv":[6.375,9.5,6.90625,9.625],"tintindex":0,"rotation":0,"texture":"#0"},"up":{"uv":[2.125,12.25,2.3125,12.78125],"tintindex":0,"rotation":0,"texture":"#0"}},"rotation":{"origin":[8.0,8.051643,8.6226425],"angle":-22.5,"axis":"x"}},{"from":[4.988001,-3.6405582,4.6887417],"to":[11.011999,12.383442,20.712744],"faces":{"east":{"uv":[11.125,0.75,11.625,1.25],"tintindex":0,"rotation":0,"texture":"#0"},"south":{"uv":[12.25,12.0,12.4375,12.5],"tintindex":0,"rotation":0,"texture":"#0"},"west":{"uv":[3.1875,10.1875,3.6875,10.6875],"tintindex":0,"rotation":0,"texture":"#0"},"down":{"uv":[12.3125,1.5,12.5,1.0],"tintindex":0,"rotation":0,"texture":"#0"}},"rotation":{"origin":[8.0,8.051643,8.6226425],"angle":22.5,"axis":"x"}}],"display":{"gui":{"rotation":[-150.0,-45.0,180.0]}},"gui_light":"front"}