{"textures":{"0":"ia:90","particle":"#0"},"elements":[{"from":[-9.012001,-3.012001,4.988001],"to":[17.012001,10.061998,11.012003],"faces":{"south":{"uv":[2.3125,1.875,3.125,2.28125],"tintindex":0,"rotation":0,"texture":"#0"},"north":{"uv":[6.0625,1.375,6.875,1.78125],"tintindex":0,"rotation":0,"texture":"#0"},"west":{"uv":[12.375,8.1875,12.5625,8.59375],"tintindex":0,"rotation":0,"texture":"#0"},"down":{"uv":[2.625,11.5625,2.4375,12.375],"tintindex":0,"rotation":270,"texture":"#0"}},"rotation":{"origin":[8.0,8.0,8.0],"angle":-45.0,"axis":"z"}},{"from":[10.094219,-10.439611,4.984003],"to":[28.126219,11.592386,11.016001],"faces":{"east":{"uv":[12.0,6.25,12.1875,6.9375],"tintindex":0,"rotation":0,"texture":"#0"},"south":{"uv":[5.8125,11.375,6.375,12.0625],"tintindex":0,"rotation":0,"texture":"#0"},"north":{"uv":[6.375,11.5,6.9375,12.1875],"tintindex":0,"rotation":0,"texture":"#0"},"up":{"uv":[10.3125,12.6875,10.125,12.125],"tintindex":0,"rotation":90,"texture":"#0"},"down":{"uv":[0.6875,12.1875,0.5,12.75],"tintindex":0,"rotation":270,"texture":"#0"}},"rotation":{"origin":[19.11022,0.5763874,8.0],"angle":-22.5,"axis":"z"}},{"from":[-4.460226,11.845264,5.0],"to":[14.539775,19.845264,11.0],"faces":{"south":{"uv":[3.125,1.875,3.71875,2.125],"tintindex":0,"rotation":0,"texture":"#0"},"north":{"uv":[11.9375,11.3125,12.53125,11.5625],"tintindex":0,"rotation":0,"texture":"#0"},"up":{"uv":[7.5625,12.71875,7.375,12.125],"tintindex":0,"rotation":90,"texture":"#0"}},"rotation":{"origin":[0.5397744,15.845264,8.0],"angle":-22.5,"axis":"z"}}],"display":{"gui":{"rotation":[-150.0,-45.0,180.0]}},"gui_light":"front"}