{"textures":{"0":"ia:90","particle":"#0"},"elements":[{"from":[1.9679979,-12.041654,4.423984],"to":[14.032002,28.02235,18.687984],"faces":{"east":{"uv":[12.0,5.0,12.21875,5.625],"tintindex":0,"rotation":0,"texture":"#0"},"south":{"uv":[5.8125,12.0625,6.0,12.6875],"tintindex":0,"rotation":0,"texture":"#0"},"west":{"uv":[12.0,5.625,12.21875,6.25],"tintindex":0,"rotation":0,"texture":"#0"},"up":{"uv":[2.875,12.78125,2.6875,12.5625],"tintindex":0,"rotation":0,"texture":"#0"},"down":{"uv":[12.75,3.375,12.5625,3.59375],"tintindex":0,"rotation":0,"texture":"#0"}},"rotation":{"origin":[8.0,8.0,8.0],"angle":22.5,"axis":"x"}},{"from":[2.0,-9.130272,-2.9316025],"to":[14.0,27.869728,12.368401],"faces":{"east":{"uv":[12.0,2.125,12.25,2.71875],"tintindex":0,"rotation":0,"texture":"#0"},"north":{"uv":[9.4375,12.125,9.625,12.71875],"tintindex":0,"rotation":0,"texture":"#0"},"west":{"uv":[12.0,2.75,12.25,3.34375],"tintindex":0,"rotation":0,"texture":"#0"},"up":{"uv":[12.75,0.75,12.5625,0.5],"tintindex":0,"rotation":0,"texture":"#0"}},"rotation":{"origin":[8.0,8.0,8.0],"angle":0.0,"axis":"x"}}],"display":{"gui":{"rotation":[-150.0,-45.0,180.0]}},"gui_light":"front"}