{"textures":{"0":"ia:89","particle":"#0"},"elements":[{"from":[-5.5017815,-2.8538284,5.0],"to":[3.4982195,18.84617,11.0],"faces":{"south":{"uv":[11.96875,0.0,11.6875,0.6875],"tintindex":0,"rotation":0,"texture":"#0"},"north":{"uv":[11.96875,0.6875,11.6875,1.375],"tintindex":0,"rotation":0,"texture":"#0"},"west":{"uv":[12.1875,7.625,12.0,8.3125],"tintindex":0,"rotation":0,"texture":"#0"},"up":{"uv":[12.4375,9.90625,12.625,9.625],"tintindex":0,"rotation":270,"texture":"#0"}},"rotation":{"origin":[-1.0017805,7.99617,8.0],"angle":22.5,"axis":"z"}},{"from":[-1.0124378,-3.765997,4.9839993],"to":[17.019562,19.766,11.016001],"faces":{"south":{"uv":[11.6875,0.0,11.125,0.75],"tintindex":0,"rotation":0,"texture":"#0"},"north":{"uv":[5.8125,11.375,5.25,12.125],"tintindex":0,"rotation":0,"texture":"#0"},"up":{"uv":[6.25,12.75,6.4375,12.1875],"tintindex":0,"rotation":270,"texture":"#0"},"down":{"uv":[12.1875,6.25,12.375,6.8125],"tintindex":0,"rotation":90,"texture":"#0"}}},{"from":[13.185177,-4.499733,5.0],"to":[22.185177,17.200266,11.0],"faces":{"east":{"uv":[12.1875,6.9375,12.0,7.625],"tintindex":0,"rotation":0,"texture":"#0"},"south":{"uv":[2.40625,11.5625,2.125,12.25],"tintindex":0,"rotation":0,"texture":"#0"},"north":{"uv":[11.90625,11.0,11.625,11.6875],"tintindex":0,"rotation":0,"texture":"#0"},"down":{"uv":[7.1875,12.4375,7.375,12.71875],"tintindex":0,"rotation":90,"texture":"#0"}},"rotation":{"origin":[13.185177,5.450268,8.0],"angle":22.5,"axis":"z"}}],"display":{"gui":{"rotation":[-150.0,-45.0,180.0]}},"gui_light":"front"}