{"textures":{"0":"ia:89","particle":"#0"},"elements":[{"from":[2.0,1.4500122,-7.799999],"to":[14.0,14.550003,11.799999],"faces":{"east":{"uv":[10.625,12.59375,10.3125,12.375],"tintindex":0,"rotation":0,"texture":"#0"},"north":{"uv":[12.75,5.09375,12.5625,4.875],"tintindex":0,"rotation":0,"texture":"#0"},"west":{"uv":[10.9375,12.59375,10.625,12.375],"tintindex":0,"rotation":0,"texture":"#0"},"up":{"uv":[5.6875,12.4375,5.5,12.75],"tintindex":0,"rotation":0,"texture":"#0"}},"rotation":{"origin":[8.0,8.0,8.0],"angle":-22.5,"axis":"x"}},{"from":[1.9679979,-2.451634,-4.817845],"to":[14.031999,9.812367,16.446156],"faces":{"east":{"uv":[0.34375,12.625,0.0,12.4375],"tintindex":0,"rotation":0,"texture":"#0"},"north":{"uv":[8.75,12.75,8.5625,12.5625],"tintindex":0,"rotation":0,"texture":"#0"},"west":{"uv":[12.78125,2.1875,12.4375,2.0],"tintindex":0,"rotation":0,"texture":"#0"},"down":{"uv":[12.625,2.53125,12.4375,2.1875],"tintindex":0,"rotation":0,"texture":"#0"}},"rotation":{"origin":[8.0,3.6803741,12.314156],"angle":-45.0,"axis":"x"}},{"from":[2.0,2.266159,9.026646],"to":[14.0,15.466156,19.526646],"faces":{"east":{"uv":[11.28125,12.78125,11.125,12.5625],"tintindex":0,"rotation":0,"texture":"#0"},"south":{"uv":[12.75,5.34375,12.5625,5.125],"tintindex":0,"rotation":0,"texture":"#0"},"west":{"uv":[11.46875,12.78125,11.3125,12.5625],"tintindex":0,"rotation":0,"texture":"#0"},"up":{"uv":[0.3125,12.625,0.125,12.78125],"tintindex":0,"rotation":0,"texture":"#0"}}}],"display":{"gui":{"rotation":[-150.0,-45.0,180.0]}},"gui_light":"front"}