{"textures":{"0":"ia:90","particle":"#0"},"elements":[{"from":[1.9679979,-2.0319982,-9.132001],"to":[14.032002,10.232001,25.132],"faces":{"east":{"uv":[12.1875,9.4375,12.71875,9.625],"tintindex":0,"rotation":0,"texture":"#0"},"south":{"uv":[8.375,12.5625,8.5625,12.75],"tintindex":0,"rotation":0,"texture":"#0"},"north":{"uv":[12.5625,8.375,12.75,8.5625],"tintindex":0,"rotation":0,"texture":"#0"},"west":{"uv":[12.1875,9.25,12.71875,9.4375],"tintindex":0,"rotation":0,"texture":"#0"},"up":{"uv":[12.25,3.875,12.4375,4.40625],"tintindex":0,"rotation":0,"texture":"#0"}},"rotation":{"origin":[8.0,8.0,8.0],"angle":-22.5,"axis":"x"}},{"from":[2.0,-7.7826805,-3.9715042],"to":[14.0,5.317318,27.628494],"faces":{"east":{"uv":[0.0,12.1875,0.5,12.40625],"tintindex":0,"rotation":0,"texture":"#0"},"south":{"uv":[12.5625,4.625,12.75,4.84375],"tintindex":0,"rotation":0,"texture":"#0"},"west":{"uv":[9.625,12.125,10.125,12.34375],"tintindex":0,"rotation":0,"texture":"#0"},"down":{"uv":[12.375,1.0,12.5625,0.5],"tintindex":0,"rotation":0,"texture":"#0"}}}],"display":{"gui":{"rotation":[-150.0,-45.0,180.0]}},"gui_light":"front"}