{"textures":{"0":"ia:89","particle":"#0"},"elements":[{"from":[4.988001,-3.012001,-9.012001],"to":[11.011999,10.061998,17.012001],"faces":{"east":{"uv":[6.0625,1.375,6.875,1.78125],"tintindex":0,"rotation":0,"texture":"#0"},"north":{"uv":[12.375,8.1875,12.5625,8.59375],"tintindex":0,"rotation":0,"texture":"#0"},"west":{"uv":[2.3125,1.875,3.125,2.28125],"tintindex":0,"rotation":0,"texture":"#0"},"down":{"uv":[2.4375,12.375,2.625,11.5625],"tintindex":0,"rotation":0,"texture":"#0"}},"rotation":{"origin":[8.0,8.0,8.0],"angle":45.0,"axis":"x"}},{"from":[4.9839993,-10.439611,10.094219],"to":[11.016001,11.592386,28.12622],"faces":{"east":{"uv":[6.375,11.5,6.9375,12.1875],"tintindex":0,"rotation":0,"texture":"#0"},"south":{"uv":[12.0,6.25,12.1875,6.9375],"tintindex":0,"rotation":0,"texture":"#0"},"west":{"uv":[5.8125,11.375,6.375,12.0625],"tintindex":0,"rotation":0,"texture":"#0"},"up":{"uv":[10.125,12.125,10.3125,12.6875],"tintindex":0,"rotation":0,"texture":"#0"},"down":{"uv":[0.5,12.75,0.6875,12.1875],"tintindex":0,"rotation":0,"texture":"#0"}},"rotation":{"origin":[8.0,0.5763874,19.11022],"angle":22.5,"axis":"x"}},{"from":[5.0,11.845264,-4.460225],"to":[11.0,19.845264,14.539775],"faces":{"east":{"uv":[11.9375,11.3125,12.53125,11.5625],"tintindex":0,"rotation":0,"texture":"#0"},"west":{"uv":[3.125,1.875,3.71875,2.125],"tintindex":0,"rotation":0,"texture":"#0"},"up":{"uv":[7.375,12.125,7.5625,12.71875],"tintindex":0,"rotation":0,"texture":"#0"}},"rotation":{"origin":[8.0,15.845264,0.5397749],"angle":22.5,"axis":"x"}}],"display":{"gui":{"rotation":[-150.0,-45.0,180.0]}},"gui_light":"front"}