{"textures":{"0":"ia:90","particle":"#0"},"elements":[{"from":[2.0,10.682686,-3.9715042],"to":[14.0,23.782684,27.628494],"faces":{"east":{"uv":[10.125,12.34375,9.625,12.125],"tintindex":0,"rotation":0,"texture":"#0"},"south":{"uv":[12.75,4.84375,12.5625,4.625],"tintindex":0,"rotation":0,"texture":"#0"},"west":{"uv":[0.5,12.40625,0.0,12.1875],"tintindex":0,"rotation":0,"texture":"#0"},"up":{"uv":[12.5625,0.5,12.375,1.0],"tintindex":0,"rotation":0,"texture":"#0"}}},{"from":[1.9679979,5.768001,-9.132001],"to":[14.032002,18.032001,25.132],"faces":{"east":{"uv":[12.71875,9.4375,12.1875,9.25],"tintindex":0,"rotation":0,"texture":"#0"},"south":{"uv":[8.5625,12.75,8.375,12.5625],"tintindex":0,"rotation":0,"texture":"#0"},"north":{"uv":[12.75,8.5625,12.5625,8.375],"tintindex":0,"rotation":0,"texture":"#0"},"west":{"uv":[12.71875,9.625,12.1875,9.4375],"tintindex":0,"rotation":0,"texture":"#0"},"down":{"uv":[12.4375,4.40625,12.25,3.875],"tintindex":0,"rotation":0,"texture":"#0"}},"rotation":{"origin":[8.0,8.0,8.0],"angle":22.5,"axis":"x"}}],"display":{"gui":{"rotation":[-150.0,-45.0,180.0]}},"gui_light":"front"}