{"textures":{"0":"ia:90","particle":"#0"},"elements":[{"from":[0.7757721,2.4455304,5.0],"to":[19.075771,10.04553,11.0],"faces":{"south":{"uv":[12.0,3.625,12.5625,3.875],"tintindex":0,"rotation":0,"texture":"#0"},"north":{"uv":[12.0,3.375,12.5625,3.625],"tintindex":0,"rotation":0,"texture":"#0"},"west":{"uv":[12.5,1.5,12.6875,1.75],"tintindex":0,"rotation":0,"texture":"#0"},"down":{"uv":[1.0625,12.75,1.25,12.1875],"tintindex":0,"rotation":270,"texture":"#0"}},"rotation":{"origin":[12.075772,9.44553,8.0],"angle":-45.0,"axis":"z"}},{"from":[13.746191,3.3445473,5.0],"to":[21.246191,21.644547,11.0],"faces":{"east":{"uv":[6.4375,12.1875,6.625,12.75],"tintindex":0,"rotation":0,"texture":"#0"},"south":{"uv":[12.0,4.4375,12.25,5.0],"tintindex":0,"rotation":0,"texture":"#0"},"north":{"uv":[12.0,3.875,12.25,4.4375],"tintindex":0,"rotation":0,"texture":"#0"},"up":{"uv":[12.5,1.75,12.6875,2.0],"tintindex":0,"rotation":90,"texture":"#0"},"down":{"uv":[12.25,12.75,12.4375,12.5],"tintindex":0,"rotation":270,"texture":"#0"}},"rotation":{"origin":[17.496191,12.494547,8.0],"angle":45.0,"axis":"z"}},{"from":[6.915593,1.2915678,4.984003],"to":[16.947594,21.123568,11.016001],"faces":{"south":{"uv":[1.0625,11.5625,1.375,12.1875],"tintindex":0,"rotation":0,"texture":"#0"},"north":{"uv":[0.75,11.5625,1.0625,12.1875],"tintindex":0,"rotation":0,"texture":"#0"},"up":{"uv":[3.0,12.4375,3.1875,12.75],"tintindex":0,"rotation":90,"texture":"#0"},"down":{"uv":[3.1875,12.75,3.375,12.4375],"tintindex":0,"rotation":270,"texture":"#0"}},"rotation":{"origin":[13.931593,13.357568,8.0],"angle":22.5,"axis":"z"}}],"display":{"gui":{"rotation":[-150.0,-45.0,180.0]}},"gui_light":"front"}