{"textures":{"0":"ia:89","particle":"#0"},"elements":[{"from":[4.9839993,6.585947,2.686452],"to":[11.016001,22.917944,8.718452],"faces":{"east":{"uv":[12.25,9.625,12.4375,10.125],"tintindex":0,"rotation":0,"texture":"#0"},"west":{"uv":[12.25,10.125,12.4375,10.625],"tintindex":0,"rotation":0,"texture":"#0"},"up":{"uv":[12.75,7.75,12.5625,7.5625],"tintindex":0,"rotation":0,"texture":"#0"},"down":{"uv":[7.9375,12.5625,7.75,12.75],"tintindex":0,"rotation":0,"texture":"#0"}},"rotation":{"origin":[8.0,8.601948,-1.2975492],"angle":45.0,"axis":"x"}},{"from":[5.0,0.38022995,0.120827675],"to":[11.0,15.430229,6.3708267],"faces":{"east":{"uv":[1.625,12.375,1.8125,12.84375],"tintindex":0,"rotation":0,"texture":"#0"},"north":{"uv":[1.4375,12.375,1.625,12.84375],"tintindex":0,"rotation":0,"texture":"#0"},"west":{"uv":[2.3125,12.375,2.5,12.84375],"tintindex":0,"rotation":0,"texture":"#0"},"up":{"uv":[12.75,7.9375,12.5625,7.75],"tintindex":0,"rotation":0,"texture":"#0"}},"rotation":{"origin":[8.0,2.38023,10.120827],"angle":22.5,"axis":"x"}},{"from":[5.0,3.7912598,2.832734],"to":[11.0,10.04126,17.882734],"faces":{"east":{"uv":[12.3125,11.5625,12.78125,11.75],"tintindex":0,"rotation":0,"texture":"#0"},"south":{"uv":[12.5625,5.375,12.75,5.5625],"tintindex":0,"rotation":0,"texture":"#0"},"west":{"uv":[12.3125,11.75,12.78125,11.9375],"tintindex":0,"rotation":0,"texture":"#0"},"down":{"uv":[1.4375,12.375,1.25,12.84375],"tintindex":0,"rotation":0,"texture":"#0"}},"rotation":{"origin":[8.0,5.79126,12.832734],"angle":-22.5,"axis":"x"}}],"display":{"gui":{"rotation":[-150.0,-45.0,180.0]}},"gui_light":"front"}