{"textures":{"0":"ia:89","particle":"#0"},"elements":[{"from":[0.12082672,0.38022614,5.0],"to":[6.3708267,15.430229,11.0],"faces":{"south":{"uv":[1.8125,12.375,1.625,12.84375],"tintindex":0,"rotation":0,"texture":"#0"},"north":{"uv":[2.5,12.375,2.3125,12.84375],"tintindex":0,"rotation":0,"texture":"#0"},"west":{"uv":[1.625,12.375,1.4375,12.84375],"tintindex":0,"rotation":0,"texture":"#0"},"up":{"uv":[12.5625,7.9375,12.75,7.75],"tintindex":0,"rotation":270,"texture":"#0"}},"rotation":{"origin":[10.120827,2.3802261,8.0],"angle":-22.5,"axis":"z"}},{"from":[2.832734,3.7912521,5.0],"to":[17.882734,10.041252,11.0],"faces":{"east":{"uv":[12.75,5.375,12.5625,5.5625],"tintindex":0,"rotation":0,"texture":"#0"},"south":{"uv":[12.78125,11.5625,12.3125,11.75],"tintindex":0,"rotation":0,"texture":"#0"},"north":{"uv":[12.78125,11.75,12.3125,11.9375],"tintindex":0,"rotation":0,"texture":"#0"},"down":{"uv":[1.25,12.375,1.4375,12.84375],"tintindex":0,"rotation":90,"texture":"#0"}},"rotation":{"origin":[12.832734,5.791252,8.0],"angle":22.5,"axis":"z"}},{"from":[2.686451,6.585943,4.9839993],"to":[8.718451,22.91794,11.015999],"faces":{"south":{"uv":[12.4375,9.625,12.25,10.125],"tintindex":0,"rotation":0,"texture":"#0"},"north":{"uv":[12.4375,10.125,12.25,10.625],"tintindex":0,"rotation":0,"texture":"#0"},"up":{"uv":[12.5625,7.75,12.75,7.5625],"tintindex":0,"rotation":270,"texture":"#0"},"down":{"uv":[7.75,12.5625,7.9375,12.75],"tintindex":0,"rotation":90,"texture":"#0"}},"rotation":{"origin":[-1.2975483,8.601944,8.0],"angle":-45.0,"axis":"z"}}],"display":{"gui":{"rotation":[-150.0,-45.0,180.0]}},"gui_light":"front"}