{"textures":{"0":"ia:89","particle":"#0"},"elements":[{"from":[5.0,3.3445473,-5.246191],"to":[11.0,21.644547,2.253809],"faces":{"east":{"uv":[12.0,4.4375,12.25,5.0],"tintindex":0,"rotation":0,"texture":"#0"},"north":{"uv":[6.4375,12.1875,6.625,12.75],"tintindex":0,"rotation":0,"texture":"#0"},"west":{"uv":[12.0,3.875,12.25,4.4375],"tintindex":0,"rotation":0,"texture":"#0"},"up":{"uv":[12.5,1.75,12.6875,2.0],"tintindex":0,"rotation":0,"texture":"#0"},"down":{"uv":[12.25,12.75,12.4375,12.5],"tintindex":0,"rotation":0,"texture":"#0"}},"rotation":{"origin":[8.0,12.494547,-1.496191],"angle":45.0,"axis":"x"}},{"from":[5.0,2.4455304,-3.0757723],"to":[11.0,10.04553,15.224228],"faces":{"east":{"uv":[12.0,3.625,12.5625,3.875],"tintindex":0,"rotation":0,"texture":"#0"},"south":{"uv":[12.5,1.5,12.6875,1.75],"tintindex":0,"rotation":0,"texture":"#0"},"west":{"uv":[12.0,3.375,12.5625,3.625],"tintindex":0,"rotation":0,"texture":"#0"},"down":{"uv":[1.0625,12.75,1.25,12.1875],"tintindex":0,"rotation":0,"texture":"#0"}},"rotation":{"origin":[8.0,9.44553,3.9242277],"angle":-45.0,"axis":"x"}},{"from":[4.9839993,1.2915678,-0.9475937],"to":[11.016001,21.123568,9.084406],"faces":{"east":{"uv":[1.0625,11.5625,1.375,12.1875],"tintindex":0,"rotation":0,"texture":"#0"},"west":{"uv":[0.75,11.5625,1.0625,12.1875],"tintindex":0,"rotation":0,"texture":"#0"},"up":{"uv":[3.0,12.4375,3.1875,12.75],"tintindex":0,"rotation":0,"texture":"#0"},"down":{"uv":[3.1875,12.75,3.375,12.4375],"tintindex":0,"rotation":0,"texture":"#0"}},"rotation":{"origin":[8.0,13.357568,2.068407],"angle":22.5,"axis":"x"}}],"display":{"gui":{"rotation":[-150.0,-45.0,180.0]}},"gui_light":"front"}