{"textures":{"0":"ia:89","particle":"#0"},"elements":[{"from":[5.0,0.5697689,9.629173],"to":[11.0,15.619769,15.879172],"faces":{"east":{"uv":[2.3125,12.84375,2.5,12.375],"tintindex":0,"rotation":0,"texture":"#0"},"south":{"uv":[1.4375,12.84375,1.625,12.375],"tintindex":0,"rotation":0,"texture":"#0"},"west":{"uv":[1.625,12.84375,1.8125,12.375],"tintindex":0,"rotation":0,"texture":"#0"},"down":{"uv":[12.5625,7.9375,12.75,7.75],"tintindex":0,"rotation":0,"texture":"#0"}},"rotation":{"origin":[8.0,13.619769,5.8791733],"angle":22.5,"axis":"x"}},{"from":[5.0,5.958742,-1.8827343],"to":[11.0,12.208741,13.167266],"faces":{"east":{"uv":[12.3125,11.9375,12.78125,11.75],"tintindex":0,"rotation":0,"texture":"#0"},"north":{"uv":[12.5625,5.5625,12.75,5.375],"tintindex":0,"rotation":0,"texture":"#0"},"west":{"uv":[12.3125,11.75,12.78125,11.5625],"tintindex":0,"rotation":0,"texture":"#0"},"up":{"uv":[1.25,12.375,1.4375,12.84375],"tintindex":0,"rotation":0,"texture":"#0"}},"rotation":{"origin":[8.0,10.208742,3.167266],"angle":-22.5,"axis":"x"}},{"from":[4.9839993,-6.917946,7.2815485],"to":[11.016001,9.414053,13.313548],"faces":{"east":{"uv":[12.25,10.625,12.4375,10.125],"tintindex":0,"rotation":0,"texture":"#0"},"west":{"uv":[12.25,10.125,12.4375,9.625],"tintindex":0,"rotation":0,"texture":"#0"},"up":{"uv":[7.75,12.5625,7.9375,12.75],"tintindex":0,"rotation":0,"texture":"#0"},"down":{"uv":[12.5625,7.75,12.75,7.5625],"tintindex":0,"rotation":0,"texture":"#0"}},"rotation":{"origin":[8.0,7.398054,17.29755],"angle":45.0,"axis":"x"}}],"display":{"gui":{"rotation":[-150.0,-45.0,180.0]}},"gui_light":"front"}