{"textures":{"0":"ia:89","particle":"#0"},"elements":[{"from":[5.0,-0.4698372,-5.0176344],"to":[11.0,8.73016,17.182365],"faces":{"east":{"uv":[0.0,11.875,0.6875,12.15625],"tintindex":0,"rotation":0,"texture":"#0"},"south":{"uv":[12.4375,10.25,12.625,10.53125],"tintindex":0,"rotation":0,"texture":"#0"},"west":{"uv":[11.9375,11.0,12.625,11.28125],"tintindex":0,"rotation":0,"texture":"#0"},"down":{"uv":[12.1875,9.0,12.0,9.6875],"tintindex":0,"rotation":0,"texture":"#0"}},"rotation":{"origin":[8.0,3.7301598,5.1823654],"angle":45.0,"axis":"x"}},{"from":[5.0,8.776943,-1.2208443],"to":[11.0,17.97694,20.979156],"faces":{"east":{"uv":[11.625,11.6875,12.3125,11.96875],"tintindex":0,"rotation":0,"texture":"#0"},"north":{"uv":[12.4375,9.9375,12.625,10.21875],"tintindex":0,"rotation":0,"texture":"#0"},"west":{"uv":[6.9375,11.8125,7.625,12.09375],"tintindex":0,"rotation":0,"texture":"#0"},"up":{"uv":[12.1875,9.0,12.0,8.3125],"tintindex":0,"rotation":0,"texture":"#0"}},"rotation":{"origin":[8.0,12.976944,8.979156],"angle":45.0,"axis":"x"}},{"from":[4.9839993,4.7430935,-4.8595686],"to":[11.016001,14.775091,19.17243],"faces":{"east":{"uv":[6.9375,11.5,7.6875,11.8125],"tintindex":0,"rotation":0,"texture":"#0"},"south":{"uv":[4.375,12.4375,4.5625,12.75],"tintindex":0,"rotation":0,"texture":"#0"},"north":{"uv":[4.1875,12.4375,4.375,12.75],"tintindex":0,"rotation":0,"texture":"#0"},"west":{"uv":[0.0,11.5625,0.75,11.875],"tintindex":0,"rotation":0,"texture":"#0"}},"rotation":{"origin":[7.0,6.759094,3.1564312],"angle":22.5,"axis":"x"}}],"display":{"gui":{"rotation":[-150.0,-45.0,180.0]}},"gui_light":"front"}