{"textures":{"0":"ia:90","particle":"#0"},"elements":[{"from":[1.9679979,-0.032002077,-7.1320004],"to":[14.032002,16.031998,23.132],"faces":{"east":{"uv":[1.375,12.125,1.84375,12.375],"tintindex":0,"rotation":0,"texture":"#0"},"south":{"uv":[2.5,12.5625,2.6875,12.8125],"tintindex":0,"rotation":0,"texture":"#0"},"north":{"uv":[12.5625,0.75,12.75,1.0],"tintindex":0,"rotation":0,"texture":"#0"},"west":{"uv":[2.625,12.125,3.09375,12.375],"tintindex":0,"rotation":0,"texture":"#0"}},"rotation":{"origin":[8.0,8.0,8.0],"angle":0.0,"axis":"x"}},{"from":[2.0,9.6125145,-9.012047],"to":[14.0,21.212513,18.887955],"faces":{"east":{"uv":[12.375,6.375,12.8125,6.5625],"tintindex":0,"rotation":0,"texture":"#0"},"north":{"uv":[7.9375,12.5625,8.125,12.75],"tintindex":0,"rotation":0,"texture":"#0"},"west":{"uv":[12.375,6.5625,12.8125,6.75],"tintindex":0,"rotation":0,"texture":"#0"},"up":{"uv":[12.5625,8.0,12.375,7.5625],"tintindex":0,"rotation":0,"texture":"#0"}},"rotation":{"origin":[8.0,8.0,8.0],"angle":22.5,"axis":"x"}},{"from":[2.0,-5.2125187,-2.887947],"to":[14.0,6.3874817,25.01205],"faces":{"east":{"uv":[7.75,12.375,8.1875,12.5625],"tintindex":0,"rotation":0,"texture":"#0"},"south":{"uv":[12.5625,8.1875,12.75,8.375],"tintindex":0,"rotation":0,"texture":"#0"},"west":{"uv":[12.375,8.0,12.8125,8.1875],"tintindex":0,"rotation":0,"texture":"#0"},"down":{"uv":[8.375,12.375,8.1875,12.8125],"tintindex":0,"rotation":0,"texture":"#0"}},"rotation":{"origin":[8.0,8.0,8.0],"angle":22.5,"axis":"x"}}],"display":{"gui":{"rotation":[-150.0,-45.0,180.0]}},"gui_light":"front"}