{"textures":{"0":"ia:89","particle":"#0"},"elements":[{"from":[6.335865,4.9880047,4.3249702],"to":[18.359865,11.012003,22.34897],"faces":{"east":{"uv":[12.1875,6.8125,12.75,7.0],"tintindex":0,"rotation":0,"texture":"#0"},"west":{"uv":[12.1875,7.0,12.75,7.1875],"tintindex":0,"rotation":0,"texture":"#0"},"up":{"uv":[7.5,9.4375,7.125,8.875],"tintindex":0,"rotation":0,"texture":"#0"},"down":{"uv":[9.375,9.625,9.0,10.1875],"tintindex":0,"rotation":0,"texture":"#0"}},"rotation":{"origin":[12.347865,8.0,14.33697],"angle":45.0,"axis":"y"}},{"from":[-2.8827171,4.984007,-8.118473],"to":[9.149282,11.016001,9.913527],"faces":{"east":{"uv":[12.1875,7.1875,12.75,7.375],"tintindex":0,"rotation":0,"texture":"#0"},"west":{"uv":[12.1875,7.375,12.75,7.5625],"tintindex":0,"rotation":0,"texture":"#0"},"up":{"uv":[9.375,10.75,9.0,10.1875],"tintindex":0,"rotation":0,"texture":"#0"},"down":{"uv":[6.375,10.75,6.0,11.3125],"tintindex":0,"rotation":0,"texture":"#0"}},"rotation":{"origin":[3.1332827,8.0,0.89752674],"angle":22.5,"axis":"y"}},{"from":[-10.474194,5.0,-7.4348097],"to":[0.62580776,11.0,-2.8348103],"faces":{"east":{"uv":[12.5625,11.3125,12.71875,11.5],"tintindex":0,"rotation":0,"texture":"#0"},"north":{"uv":[11.125,12.375,11.46875,12.5625],"tintindex":0,"rotation":0,"texture":"#0"},"west":{"uv":[11.5,12.5625,11.65625,12.75],"tintindex":0,"rotation":0,"texture":"#0"},"up":{"uv":[12.78125,5.84375,12.4375,5.6875],"tintindex":0,"rotation":0,"texture":"#0"},"down":{"uv":[12.78125,5.875,12.4375,6.03125],"tintindex":0,"rotation":0,"texture":"#0"}},"rotation":{"origin":[-5.374192,8.0,-11.83481],"angle":45.0,"axis":"y"}},{"from":[12.450001,5.0,17.7],"to":[23.55,11.0,22.3],"faces":{"east":{"uv":[11.6875,12.5625,11.84375,12.75],"tintindex":0,"rotation":0,"texture":"#0"},"south":{"uv":[11.5,12.375,11.84375,12.5625],"tintindex":0,"rotation":0,"texture":"#0"},"west":{"uv":[12.4375,12.5625,12.59375,12.75],"tintindex":0,"rotation":0,"texture":"#0"},"up":{"uv":[7.15625,12.59375,6.8125,12.4375],"tintindex":0,"rotation":0,"texture":"#0"},"down":{"uv":[9.34375,12.4375,9.0,12.59375],"tintindex":0,"rotation":0,"texture":"#0"}},"rotation":{"origin":[18.0,8.0,20.0],"angle":22.5,"axis":"y"}}],"display":{"gui":{"rotation":[-150.0,-45.0,180.0]}},"gui_light":"front"}