{"textures":{"0":"ia:89","particle":"#0"},"elements":[{"from":[-10.982796,6.0,23.223206],"to":[-3.582796,10.0,26.289873],"faces":{"east":{"uv":[12.71875,11.5,12.5625,11.3125],"tintindex":0,"rotation":0,"texture":"#0"},"south":{"uv":[11.46875,12.5625,11.125,12.375],"tintindex":0,"rotation":0,"texture":"#0"},"west":{"uv":[11.65625,12.75,11.5,12.5625],"tintindex":0,"rotation":0,"texture":"#0"},"up":{"uv":[12.78125,5.875,12.4375,6.03125],"tintindex":0,"rotation":0,"texture":"#0"},"down":{"uv":[12.78125,5.84375,12.4375,5.6875],"tintindex":0,"rotation":0,"texture":"#0"}},"rotation":{"origin":[-7.582796,8.0,29.223206],"angle":-45.0,"axis":"y"}},{"from":[0.22390985,5.9920006,6.4340186],"to":[8.23991,10.007999,18.45002],"faces":{"east":{"uv":[12.75,7.0,12.1875,6.8125],"tintindex":0,"rotation":0,"texture":"#0"},"west":{"uv":[12.75,7.1875,12.1875,7.0],"tintindex":0,"rotation":0,"texture":"#0"},"up":{"uv":[9.375,9.625,9.0,10.1875],"tintindex":0,"rotation":0,"texture":"#0"},"down":{"uv":[7.5,9.4375,7.125,8.875],"tintindex":0,"rotation":0,"texture":"#0"}},"rotation":{"origin":[4.2319098,8.0,11.7753525],"angle":-45.0,"axis":"y"}},{"from":[-5.921812,5.9893327,14.724316],"to":[2.0995216,10.010668,26.74565],"faces":{"east":{"uv":[12.75,7.375,12.1875,7.1875],"tintindex":0,"rotation":0,"texture":"#0"},"west":{"uv":[12.75,7.5625,12.1875,7.375],"tintindex":0,"rotation":0,"texture":"#0"},"up":{"uv":[6.375,10.75,6.0,11.3125],"tintindex":0,"rotation":0,"texture":"#0"},"down":{"uv":[9.375,10.75,9.0,10.1875],"tintindex":0,"rotation":0,"texture":"#0"}},"rotation":{"origin":[-1.9111452,8.0,20.734982],"angle":-22.5,"axis":"y"}},{"from":[4.2999997,6.0,6.4666657],"to":[11.700001,10.0,9.533333],"faces":{"east":{"uv":[11.84375,12.75,11.6875,12.5625],"tintindex":0,"rotation":0,"texture":"#0"},"north":{"uv":[11.84375,12.5625,11.5,12.375],"tintindex":0,"rotation":0,"texture":"#0"},"west":{"uv":[12.59375,12.75,12.4375,12.5625],"tintindex":0,"rotation":0,"texture":"#0"},"up":{"uv":[9.34375,12.4375,9.0,12.59375],"tintindex":0,"rotation":0,"texture":"#0"},"down":{"uv":[7.15625,12.59375,6.8125,12.4375],"tintindex":0,"rotation":0,"texture":"#0"}},"rotation":{"origin":[8.0,8.0,8.0],"angle":-22.5,"axis":"y"}}],"display":{"gui":{"rotation":[-150.0,-45.0,180.0]}},"gui_light":"front"}