{"textures":{"0":"ia:89","particle":"#0"},"elements":[{"from":[2.0,0.5338516,9.026646],"to":[14.0,13.733849,19.526646],"faces":{"east":{"uv":[11.3125,12.5625,11.46875,12.78125],"tintindex":0,"rotation":0,"texture":"#0"},"south":{"uv":[12.5625,5.125,12.75,5.34375],"tintindex":0,"rotation":0,"texture":"#0"},"west":{"uv":[11.125,12.5625,11.28125,12.78125],"tintindex":0,"rotation":0,"texture":"#0"},"down":{"uv":[0.125,12.78125,0.3125,12.625],"tintindex":0,"rotation":0,"texture":"#0"}}},{"from":[1.9680017,6.187633,-4.817845],"to":[14.032002,18.451633,16.446156],"faces":{"east":{"uv":[12.4375,2.0,12.78125,2.1875],"tintindex":0,"rotation":0,"texture":"#0"},"north":{"uv":[8.5625,12.5625,8.75,12.75],"tintindex":0,"rotation":0,"texture":"#0"},"west":{"uv":[0.0,12.4375,0.34375,12.625],"tintindex":0,"rotation":0,"texture":"#0"},"up":{"uv":[12.4375,2.1875,12.625,2.53125],"tintindex":0,"rotation":0,"texture":"#0"}},"rotation":{"origin":[8.0,12.3196335,12.314156],"angle":45.0,"axis":"x"}},{"from":[2.0,1.449997,-7.799999],"to":[14.0,14.549999,11.799999],"faces":{"east":{"uv":[10.625,12.375,10.9375,12.59375],"tintindex":0,"rotation":0,"texture":"#0"},"north":{"uv":[12.5625,4.875,12.75,5.09375],"tintindex":0,"rotation":0,"texture":"#0"},"west":{"uv":[10.3125,12.375,10.625,12.59375],"tintindex":0,"rotation":0,"texture":"#0"},"down":{"uv":[5.5,12.75,5.6875,12.4375],"tintindex":0,"rotation":0,"texture":"#0"}},"rotation":{"origin":[8.0,8.0,8.0],"angle":22.5,"axis":"x"}}],"display":{"gui":{"rotation":[-150.0,-45.0,180.0]}},"gui_light":"front"}