{"textures":{"0":"ia:89","particle":"#0"},"elements":[{"from":[-1.0119991,-3.012001,4.987997],"to":[25.012001,10.061998,11.011999],"faces":{"east":{"uv":[12.375,8.1875,12.5625,8.59375],"tintindex":0,"rotation":0,"texture":"#0"},"south":{"uv":[6.0625,1.375,6.875,1.78125],"tintindex":0,"rotation":0,"texture":"#0"},"north":{"uv":[2.3125,1.875,3.125,2.28125],"tintindex":0,"rotation":0,"texture":"#0"},"down":{"uv":[2.4375,12.375,2.625,11.5625],"tintindex":0,"rotation":270,"texture":"#0"}},"rotation":{"origin":[8.0,8.0,8.0],"angle":45.0,"axis":"z"}},{"from":[-12.126219,-10.439611,4.9839993],"to":[5.90578,11.592386,11.015997],"faces":{"south":{"uv":[6.375,11.5,6.9375,12.1875],"tintindex":0,"rotation":0,"texture":"#0"},"north":{"uv":[5.8125,11.375,6.375,12.0625],"tintindex":0,"rotation":0,"texture":"#0"},"west":{"uv":[12.0,6.25,12.1875,6.9375],"tintindex":0,"rotation":0,"texture":"#0"},"up":{"uv":[10.125,12.125,10.3125,12.6875],"tintindex":0,"rotation":90,"texture":"#0"},"down":{"uv":[0.5,12.75,0.6875,12.1875],"tintindex":0,"rotation":270,"texture":"#0"}},"rotation":{"origin":[-3.11022,0.5763874,8.0],"angle":22.5,"axis":"z"}},{"from":[1.4602251,11.845264,5.0],"to":[20.460226,19.845264,11.0],"faces":{"south":{"uv":[11.9375,11.3125,12.53125,11.5625],"tintindex":0,"rotation":0,"texture":"#0"},"north":{"uv":[3.125,1.875,3.71875,2.125],"tintindex":0,"rotation":0,"texture":"#0"},"up":{"uv":[7.375,12.125,7.5625,12.71875],"tintindex":0,"rotation":90,"texture":"#0"}},"rotation":{"origin":[15.460226,15.845264,8.0],"angle":22.5,"axis":"z"}}],"display":{"gui":{"rotation":[-150.0,-45.0,180.0]}},"gui_light":"front"}