{"textures":{"0":"ia:89","particle":"#0"},"elements":[{"from":[5.0,-1.976944,-4.9791565],"to":[11.0,7.223057,17.220844],"faces":{"east":{"uv":[6.9375,12.09375,7.625,11.8125],"tintindex":0,"rotation":0,"texture":"#0"},"south":{"uv":[12.4375,10.21875,12.625,9.9375],"tintindex":0,"rotation":0,"texture":"#0"},"west":{"uv":[11.625,11.96875,12.3125,11.6875],"tintindex":0,"rotation":0,"texture":"#0"},"down":{"uv":[12.0,9.0,12.1875,8.3125],"tintindex":0,"rotation":0,"texture":"#0"}},"rotation":{"origin":[8.0,3.023056,7.0208445],"angle":45.0,"axis":"x"}},{"from":[5.0,7.2698364,-1.1823654],"to":[11.0,16.469837,21.017635],"faces":{"east":{"uv":[11.9375,11.28125,12.625,11.0],"tintindex":0,"rotation":0,"texture":"#0"},"north":{"uv":[12.4375,10.53125,12.625,10.25],"tintindex":0,"rotation":0,"texture":"#0"},"west":{"uv":[0.0,12.15625,0.6875,11.875],"tintindex":0,"rotation":0,"texture":"#0"},"up":{"uv":[12.0,9.0,12.1875,9.6875],"tintindex":0,"rotation":0,"texture":"#0"}},"rotation":{"origin":[8.0,12.269837,10.817635],"angle":45.0,"axis":"x"}},{"from":[4.9839993,1.224905,-3.17243],"to":[11.016001,11.256905,20.859568],"faces":{"east":{"uv":[0.0,11.875,0.75,11.5625],"tintindex":0,"rotation":0,"texture":"#0"},"south":{"uv":[4.1875,12.75,4.375,12.4375],"tintindex":0,"rotation":0,"texture":"#0"},"north":{"uv":[4.375,12.75,4.5625,12.4375],"tintindex":0,"rotation":0,"texture":"#0"},"west":{"uv":[6.9375,11.8125,7.6875,11.5],"tintindex":0,"rotation":0,"texture":"#0"}},"rotation":{"origin":[9.0,9.240906,12.843569],"angle":22.5,"axis":"x"}}],"display":{"gui":{"rotation":[-150.0,-45.0,180.0]}},"gui_light":"front"}