{"textures":{"0":"ia:90","particle":"#0"},"elements":[{"from":[-4.8595676,4.7430935,4.984003],"to":[19.172432,14.775091,11.016001],"faces":{"east":{"uv":[4.5625,12.4375,4.375,12.75],"tintindex":0,"rotation":0,"texture":"#0"},"south":{"uv":[7.6875,11.5,6.9375,11.8125],"tintindex":0,"rotation":0,"texture":"#0"},"north":{"uv":[0.75,11.5625,0.0,11.875],"tintindex":0,"rotation":0,"texture":"#0"},"west":{"uv":[4.375,12.4375,4.1875,12.75],"tintindex":0,"rotation":0,"texture":"#0"}},"rotation":{"origin":[3.1564312,6.759094,7.0],"angle":-22.5,"axis":"z"}},{"from":[-1.2208443,8.776943,5.0],"to":[20.979156,17.97694,11.0],"faces":{"south":{"uv":[12.3125,11.6875,11.625,11.96875],"tintindex":0,"rotation":0,"texture":"#0"},"north":{"uv":[7.625,11.8125,6.9375,12.09375],"tintindex":0,"rotation":0,"texture":"#0"},"west":{"uv":[12.625,9.9375,12.4375,10.21875],"tintindex":0,"rotation":0,"texture":"#0"},"up":{"uv":[12.0,9.0,12.1875,8.3125],"tintindex":0,"rotation":270,"texture":"#0"}},"rotation":{"origin":[8.9791565,12.97694,8.0],"angle":-45.0,"axis":"z"}},{"from":[-5.0176334,-0.4698372,5.0],"to":[17.182365,8.73016,11.0],"faces":{"east":{"uv":[12.625,10.25,12.4375,10.53125],"tintindex":0,"rotation":0,"texture":"#0"},"south":{"uv":[0.6875,11.875,0.0,12.15625],"tintindex":0,"rotation":0,"texture":"#0"},"north":{"uv":[12.625,11.0,11.9375,11.28125],"tintindex":0,"rotation":0,"texture":"#0"},"down":{"uv":[12.0,9.0,12.1875,9.6875],"tintindex":0,"rotation":90,"texture":"#0"}},"rotation":{"origin":[5.1823664,3.7301598,8.0],"angle":-45.0,"axis":"z"}}],"display":{"gui":{"rotation":[-150.0,-45.0,180.0]}},"gui_light":"front"}