{"textures":{"0":"ia:90","particle":"#0"},"elements":[{"from":[4.9839993,-0.43169403,1.4937077],"to":[11.016001,3.4503045,18.425707],"faces":{"east":{"uv":[7.46875,9.625,6.9375,9.5],"tintindex":0,"rotation":0,"texture":"#0"},"south":{"uv":[12.1875,11.0,12.0,10.875],"tintindex":0,"rotation":0,"texture":"#0"},"west":{"uv":[6.90625,9.625,6.375,9.5],"tintindex":0,"rotation":0,"texture":"#0"},"down":{"uv":[2.125,12.25,2.3125,12.78125],"tintindex":0,"rotation":0,"texture":"#0"}},"rotation":{"origin":[8.0,7.9483566,7.3773575],"angle":-22.5,"axis":"x"}},{"from":[5.0,3.4343052,8.40971],"to":[11.0,13.434303,18.40971],"faces":{"east":{"uv":[12.5625,5.6875,12.25,5.375],"tintindex":0,"rotation":0,"texture":"#0"},"south":{"uv":[4.75,12.75,4.5625,12.4375],"tintindex":0,"rotation":0,"texture":"#0"},"west":{"uv":[12.5625,5.375,12.25,5.0625],"tintindex":0,"rotation":0,"texture":"#0"}},"rotation":{"origin":[8.0,7.9483566,7.3773575],"angle":-22.5,"axis":"x"}},{"from":[4.988001,3.6165586,-4.7127438],"to":[11.011999,19.640558,11.311258],"faces":{"east":{"uv":[11.625,1.25,11.125,0.75],"tintindex":0,"rotation":0,"texture":"#0"},"north":{"uv":[12.4375,12.5,12.25,12.0],"tintindex":0,"rotation":0,"texture":"#0"},"west":{"uv":[3.6875,10.6875,3.1875,10.1875],"tintindex":0,"rotation":0,"texture":"#0"},"up":{"uv":[12.3125,1.5,12.5,1.0],"tintindex":0,"rotation":0,"texture":"#0"}},"rotation":{"origin":[8.0,7.9483566,7.3773575],"angle":22.5,"axis":"x"}},{"from":[5.0,-0.6647053,-2.1282387],"to":[11.0,5.3352947,12.871761],"faces":{"east":{"uv":[12.84375,6.375,12.375,6.1875],"tintindex":0,"rotation":0,"texture":"#0"},"west":{"uv":[2.96875,12.5625,2.5,12.375],"tintindex":0,"rotation":0,"texture":"#0"},"down":{"uv":[7.5625,12.375,7.75,12.84375],"tintindex":0,"rotation":0,"texture":"#0"}},"rotation":{"origin":[8.0,7.9483566,7.3773575],"angle":45.0,"axis":"x"}}],"display":{"gui":{"rotation":[-150.0,-45.0,180.0]}},"gui_light":"front"}