{"textures":{"0":"ia:24","particle":"#0"},"elements":[{"from":[-1.660471,5.987499,1.7784228],"to":[12.339529,9.987499,8.778423],"faces":{"east":{"uv":[6.4375,7.25,6.0,7.5],"tintindex":0,"rotation":0,"texture":"#0"},"south":{"uv":[5.875,12.9375,6.75,13.1875],"tintindex":0,"rotation":0,"texture":"#0"},"north":{"uv":[6.75,12.9375,5.875,13.1875],"tintindex":0,"rotation":0,"texture":"#0"},"west":{"uv":[6.4375,7.25,6.0,7.5],"tintindex":0,"rotation":0,"texture":"#0"},"up":{"uv":[11.6875,7.5,12.5625,7.0625],"tintindex":0,"rotation":0,"texture":"#0"},"down":{"uv":[11.6875,7.0625,12.5625,7.5],"tintindex":0,"rotation":0,"texture":"#0"}},"rotation":{"origin":[0.5895295,8.012501,4.278423],"angle":-22.5,"axis":"y"}},{"from":[-0.5997486,4.987499,2.797563],"to":[4.400251,10.987499,7.797563],"faces":{"east":{"uv":[7.625,12.5625,7.3125,12.9375],"tintindex":0,"rotation":0,"texture":"#0"},"south":{"uv":[7.625,12.5625,7.3125,12.9375],"tintindex":0,"rotation":0,"texture":"#0"},"north":{"uv":[7.625,12.5625,7.3125,12.9375],"tintindex":0,"rotation":0,"texture":"#0"},"west":{"uv":[7.625,12.5625,7.3125,12.9375],"tintindex":0,"rotation":0,"texture":"#0"},"up":{"uv":[7.625,12.5625,7.3125,12.9375],"tintindex":0,"rotation":0,"texture":"#0"},"down":{"uv":[7.625,12.5625,7.3125,12.9375],"tintindex":0,"rotation":0,"texture":"#0"}},"rotation":{"origin":[0.5895295,8.012501,4.278423],"angle":-22.5,"axis":"y"}},{"from":[0.4002509,0.98749924,3.797563],"to":[3.400251,14.987499,6.797563],"faces":{"east":{"uv":[10.9375,13.1875,10.75,14.0625],"tintindex":0,"rotation":0,"texture":"#0"},"south":{"uv":[4.5,9.125,4.3125,10.0],"tintindex":0,"rotation":0,"texture":"#0"},"north":{"uv":[4.5,9.125,4.3125,10.0],"tintindex":0,"rotation":0,"texture":"#0"},"west":{"uv":[4.5,9.125,4.3125,10.0],"tintindex":0,"rotation":0,"texture":"#0"},"up":{"uv":[9.0,7.9375,9.1875,7.75],"tintindex":0,"rotation":0,"texture":"#0"},"down":{"uv":[9.0,7.75,9.1875,7.9375],"tintindex":0,"rotation":0,"texture":"#0"}},"rotation":{"origin":[0.5895295,8.012501,4.278423],"angle":-22.5,"axis":"y"}},{"from":[-13.660471,7.987499,-4.2215767],"to":[5.3395295,8.087498,10.778423],"faces":{"south":{"uv":[15.875,0.0,16.0,0.25],"tintindex":0,"rotation":0,"texture":"#0"},"up":{"uv":[5.3125,5.6875,6.5,4.75],"tintindex":0,"rotation":0,"texture":"#0"},"down":{"uv":[5.3125,4.75,6.5,5.6875],"tintindex":0,"rotation":0,"texture":"#0"}},"rotation":{"origin":[0.5895295,8.012501,4.278423],"angle":-22.5,"axis":"y"}}],"display":{"gui":{"rotation":[-150.0,-45.0,180.0]}},"gui_light":"front"}