{"textures":{"0":"ia:72","particle":"#0"},"elements":[{"from":[4.0,-3.7412643,4.079858],"to":[12.0,8.258736,12.079857],"faces":{"east":{"uv":[6.0625,10.4375,5.5625,11.1875],"tintindex":0,"rotation":0,"texture":"#0"},"south":{"uv":[0.5,10.375,0.0,11.125],"tintindex":0,"rotation":0,"texture":"#0"},"north":{"uv":[0.5,10.375,0.0,11.125],"tintindex":0,"rotation":0,"texture":"#0"},"west":{"uv":[6.0625,10.4375,5.5625,11.1875],"tintindex":0,"rotation":0,"texture":"#0"},"up":{"uv":[10.6875,0.5,11.1875,0.0],"tintindex":0,"rotation":0,"texture":"#0"},"down":{"uv":[10.6875,0.5625,11.1875,1.0625],"tintindex":0,"rotation":0,"texture":"#0"}}}],"display":{"gui":{"rotation":[-150.0,-45.0,180.0]}},"gui_light":"front"}