{"textures":{"0":"ia:72","particle":"#0"},"elements":[{"from":[12.5,2.3498535,7.768503],"to":[12.5,9.3498535,15.768503],"faces":{"east":{"uv":[10.375,10.6875,9.875,11.125],"tintindex":0,"rotation":0,"texture":"#0"},"west":{"uv":[9.875,10.6875,10.375,11.125],"tintindex":0,"rotation":0,"texture":"#0"}},"rotation":{"origin":[10.25,6.8498535,13.268503],"angle":22.5,"axis":"x"}},{"from":[3.5,9.3498535,7.768503],"to":[12.5,9.3498535,15.768503],"faces":{"up":{"uv":[1.125,11.0625,0.5625,10.5625],"tintindex":0,"rotation":0,"texture":"#0"},"down":{"uv":[1.125,10.5625,0.5625,11.0625],"tintindex":0,"rotation":0,"texture":"#0"}},"rotation":{"origin":[5.75,6.8498535,13.268503],"angle":22.5,"axis":"x"}},{"from":[3.5,2.3498535,7.768503],"to":[12.5,2.3498535,15.768503],"faces":{"up":{"uv":[1.125,11.0625,0.5625,10.5625],"tintindex":0,"rotation":0,"texture":"#0"},"down":{"uv":[1.125,10.5625,0.5625,11.0625],"tintindex":0,"rotation":0,"texture":"#0"}},"rotation":{"origin":[5.75,6.8498535,13.268503],"angle":22.5,"axis":"x"}},{"from":[3.5,2.3498535,7.768503],"to":[3.5,9.3498535,15.768503],"faces":{"east":{"uv":[10.375,10.6875,9.875,11.125],"tintindex":0,"rotation":0,"texture":"#0"},"west":{"uv":[9.875,10.6875,10.375,11.125],"tintindex":0,"rotation":0,"texture":"#0"}},"rotation":{"origin":[5.75,6.8498535,13.268503],"angle":22.5,"axis":"x"}}],"display":{"gui":{"rotation":[-150.0,-45.0,180.0]}},"gui_light":"front"}