{"textures":{"0":"ia:33","particle":"#0"},"elements":[{"from":[2.9777775,-3.775178,11.456731],"to":[12.9777775,10.224821,20.456732],"faces":{"east":{"uv":[9.875,9.75,10.4375,10.625],"tintindex":0,"rotation":0,"texture":"#0"},"south":{"uv":[7.125,9.75,7.75,10.625],"tintindex":0,"rotation":0,"texture":"#0"},"north":{"uv":[7.125,9.75,7.75,10.625],"tintindex":0,"rotation":0,"texture":"#0"},"west":{"uv":[9.875,9.75,10.4375,10.625],"tintindex":0,"rotation":0,"texture":"#0"},"up":{"uv":[9.5625,4.3125,8.9375,3.75],"tintindex":0,"rotation":0,"texture":"#0"},"down":{"uv":[11.0625,5.8125,10.4375,6.375],"tintindex":0,"rotation":0,"texture":"#0"}},"rotation":{"origin":[8.240278,-0.28827763,14.382952],"angle":-45.0,"axis":"x"}}],"display":{"gui":{"rotation":[-150.0,-45.0,180.0]}},"gui_light":"front"}