{"textures":{"0":"ia:23","particle":"#0"},"elements":[{"from":[7.0807695,-3.2915173,1.1270542],"to":[18.080769,12.708483,14.127054],"faces":{"east":{"uv":[9.4375,5.6875,8.625,6.6875],"tintindex":0,"rotation":0,"texture":"#0"},"south":{"uv":[0.6875,9.3125,0.0,10.3125],"tintindex":0,"rotation":0,"texture":"#0"},"north":{"uv":[2.875,9.25,2.1875,10.25],"tintindex":0,"rotation":0,"texture":"#0"},"west":{"uv":[6.625,8.5625,5.8125,9.5625],"tintindex":0,"rotation":0,"texture":"#0"},"up":{"uv":[3.6875,10.5625,4.375,9.75],"tintindex":0,"rotation":0,"texture":"#0"},"down":{"uv":[6.375,9.75,7.0625,10.5625],"tintindex":0,"rotation":0,"texture":"#0"}},"rotation":{"origin":[-0.91923046,10.943115,16.974813],"angle":-22.5,"axis":"x"}},{"from":[18.05577,1.3278942,9.395557],"to":[18.05577,14.327894,22.395557],"faces":{"east":{"uv":[10.3125,8.875,9.5,9.6875],"tintindex":0,"rotation":0,"texture":"#0"},"west":{"uv":[9.5,8.875,10.3125,9.6875],"tintindex":0,"rotation":0,"texture":"#0"}},"rotation":{"origin":[12.55577,9.827894,14.895557],"angle":-45.0,"axis":"x"}}],"display":{"gui":{"rotation":[-150.0,-45.0,180.0]}},"gui_light":"front"}